,,,,,
,Date,Dow JonesÂ  value,RIS Forecast Volume,RIS Actual Volume,
,1/4/2016,17148.94,6547,6886,
,1/5/2016,17158.66,4328,4928,
,1/6/2016,16906.51,3987,3713,
,1/7/2016,16514.1,4006,3910,
,1/8/2016,16346.45,4107,3797,
,1/11/2016,16398.57,6478,5079,
,1/12/2016,16516.22,4761,4080,
,1/13/2016,16151.41,4117,3610,
,1/14/2016,16379.05,3722,3282,
,1/15/2016,15988.08,3611,3941,
,1/19/2016,16016.02,4297,4101,
,1/20/2016,15766.74,4047,4197,
,1/21/2016,15882.68,3723,3405,
,1/22/2016,16093.51,3789,2992,
,1/25/2016,15885.22,4283,3887,
,1/26/2016,16167.23,3912,3389,
,1/27/2016,15944.46,3741,3151,
,1/28/2016,16069.64,3564,3075,
,1/29/2016,16466.3,3657,3462,
,2/1/2016,16449.18,4287,6381,
,2/2/2016,16153.54,3849,5721,
,2/3/2016,16336.66,3421,4185,
,2/4/2016,16416.58,3200,3629,
,2/5/2016,16204.97,3274,3446,
,2/8/2016,16027.05,4346,4464,
,2/9/2016,16014.38,3836,3621,
,2/10/2016,15914.74,3367,3234,
,2/11/2016,15660.18,3418,3115,
,2/12/2016,15973.84,3557,3294,
,2/16/2016,16196.41,4023,4088,
,2/17/2016,16453.83,3711,3360,
,2/18/2016,16413.43,3341,3017,
,2/19/2016,16391.99,3562,2971,
,2/22/2016,16620.66,4127,4101,
,2/23/2016,16431.78,3419,3390,
,2/24/2016,16484.99,3327,2848,
,2/25/2016,16697.29,3201,2790,
,2/26/2016,16639.97,3373,2860,
,2/29/2016,16516.5,4382,4025,
,3/1/2016,16865.08,3772,3550,
,3/2/2016,16899.32,3412,3122,
,3/3/2016,16943.9,3398,2867,
,3/4/2016,17006.77,3514,3210,
,3/7/2016,17073.95,4119,4383,
,3/8/2016,16964.1,3546,3300,
,3/9/2016,17000.36,3208,2992,
,3/10/2016,16995.13,3195,2741,
,3/11/2016,17213.31,3303,2973,
,3/14/2016,17229.13,4329,4215,
,3/15/2016,17251.53,3811,3217,
,3/16/2016,17325.76,3441,3132,
,3/17/2016,17481.49,3423,2995,
,3/18/2016,17602.3,3540,3210,
,3/21/2016,17623.87,4492,4278,
,3/22/2016,17582.57,4040,3355,
,3/23/2016,17502.59,3647,2967,
,3/24/2016,17515.73,3521,2746,
,3/28/2016,17535.39,4511,4197,
,3/29/2016,17633.11,3817,3434,
,3/30/2016,17716.66,3551,3411,
,3/31/2016,17685.09,3470,3231,
,4/1/2016,17792.75,3586,3327,
,4/4/2016,17737,4622,4976,
,4/5/2016,17603.32,3958,3736,
,4/6/2016,17716.05,3625,3708,
,4/7/2016,17541.96,3521,3868,
,4/8/2016,17576.96,3662,3989,
,4/11/2016,17556.41,5812,5426,
,4/12/2016,17721.25,5073,4271,
,4/13/2016,17908.28,4128,4105,
,4/14/2016,17926.43,4619,3947,
,4/15/2016,17897.46,4820,3841,
,4/18/2016,18004.16,5074,4742,
,4/19/2016,18053.6,3526,3115,
,4/20/2016,18096.27,2872,2745,
,4/21/2016,17982.52,2691,2327,
,4/22/2016,18003.75,2707,2239,
,4/25/2016,17977.24,3490,2998,
,4/26/2016,17990.32,3178,2462,
,4/27/2016,18041.55,2748,2295,
,4/28/2016,17830.76,2494,2192,
,4/29/2016,17773.64,2593,2119,
,5/2/2016,17891.16,3018,3412,
,5/3/2016,17750.91,2460,2515,
,5/4/2016,17651.26,2295,2237,
,5/5/2016,17660.71,2216,2025,
,5/6/2016,17740.63,2223,2154,
,5/9/2016,17705.91,3018,2835,
,5/10/2016,17928.35,2460,2510,
,5/11/2016,17711.12,2295,2413,
,5/12/2016,17720.5,2216,2070,
,5/13/2016,17535.32,2223,2221,
,5/16/2016,17710.71,3153,2885,
,5/17/2016,17529.98,2502,2327,
,5/18/2016,17526.62,2216,2116,
,5/19/2016,17435.4,2110,1995,
,5/20/2016,17500.94,2147,1952,
,5/23/2016,17492.93,2978,3034,
,5/24/2016,17706.05,2377,2620,
,5/25/2016,17851.51,2105,2444,
,5/26/2016,17828.29,2004,2181,
,5/27/2016,17873.22,2021,2143,
,5/31/2016,17787.2,3432,3106,
,6/1/2016,17789.67,2688,2650,
,6/2/2016,17838.56,2369,2339,
,6/3/2016,17807.06,2123,2257,
,6/6/2016,17920.33,2865,3036,
,6/7/2016,17938.28,2287,2778,
,6/8/2016,18005.05,2027,2572,
,6/9/2016,17985.19,1929,2337,
,6/10/2016,17865.34,1963,2113,
,6/13/2016,17732.48,3012,2909,
,6/14/2016,17674.82,2748,2310,
,6/15/2016,17640.17,2563,2095,
,6/16/2016,17733.1,2315,2106,
,6/17/2016,17675.16,2277,2003,
,6/20/2016,17804.87,2924,3113,
,6/21/2016,17829.73,2642,2579,
,6/22/2016,17780.83,2558,2456,
,6/23/2016,18011.07,2311,2170,
,6/24/2016,17400.75,2273,2766,
,6/27/2016,17140.24,3531,3413,
,6/28/2016,17409.72,2642,2452,
,6/29/2016,17694.68,2310,2354,
,6/30/2016,17929.99,2122,2231,
,7/1/2016,17949.37,2016,2638,
,7/5/2016,17840.62,3358,3402,
,7/6/2016,17918.62,2882,2625,
,7/7/2016,17895.88,2511,2649,
,7/8/2016,18146.74,2401,3321,
,7/11/2016,18226.93,3342,5222,
,7/12/2016,18347.67,2875,3656,
,7/13/2016,18372.12,2661,3287,
,7/14/2016,18506.41,1997,3226,
,7/15/2016,18516.55,2031,2992,
,7/18/2016,18533.05,4753,3674,
,7/19/2016,18559.01,3017,2828,
,7/20/2016,18595.03,2605,2749,
,7/21/2016,18517.23,2425,2412,
,7/22/2016,18570.85,2456,2405,
,7/25/2016,18493.06,3572,3269,
,7/26/2016,18473.75,2921,2691,
,7/27/2016,18472.17,2617,2458,
,7/28/2016,18456.35,2446,2284,
,7/29/2016,18432.24,2478,2350,
,8/1/2016,18404.51,3822,3368,
,8/2/2016,18313.77,3117,2769,
,8/3/2016,18355,2844,2691,
,8/4/2016,18352.05,2523,2528,
,8/5/2016,18543.53,2561,2739,
,8/8/2016,18529.29,3267,3548,
,8/9/2016,18533.05,2686,2858,
,8/10/2016,18495.66,2550,2559,
,8/11/2016,18613.52,2323,2573,
,8/12/2016,18576.47,2359,2473,
,8/15/2016,18636.05,3624,3462,
,8/16/2016,18552.02,2979,2847,
,8/17/2016,18573.94,2686,2561,
,8/18/2016,18597.7,2615,2356,
,8/19/2016,18552.57,2304,2441,
,8/22/2016,18529.42,3444,3010,
,8/23/2016,18547.3,2830,2588,
,8/24/2016,18481.48,2553,2405,
,8/25/2016,18448.41,2484,2246,
,8/26/2016,18395.4,2188,2407,
,8/29/2016,18502.99,3375,3490,
,8/30/2016,18454.3,2773,2834,
,8/31/2016,18400.88,2502,2622,
,9/1/2016,18419.3,2434,2388,
,9/2/2016,18491.96,2144,2411,
,9/6/2016,18538.12,3371,3654,
,9/7/2016,18526.14,2673,2993,
,9/8/2016,18479.91,2464,2576,
,9/9/2016,18085.45,2498,2631,
,9/12/2016,18325.07,3276,3023,
,9/13/2016,18066.75,2676,2624,
,9/14/2016,18034.77,2487,2304,
,9/15/2016,18212.48,2342,2157,
,9/16/2016,18123.8,2424,2121,
,9/19/2016,18120.17,2953,3004,
,9/20/2016,18129.96,2615,2513,
,9/21/2016,18293.7,2452,2366,
,9/22/2016,18392.46,2348,2293,
,9/23/2016,18261.45,2401,2326,
,9/26/2016,18094.83,2953,2789,
,9/27/2016,18228.3,2615,2393,
,9/28/2016,18339.24,2452,2337,
,9/29/2016,18143.45,2348,2165,
,9/30/2016,18308.15,2401,2307,
,10/3/2016,18253.85,3496,3155,
,10/4/2016,18168.45,2922,2760,
,10/5/2016,18281.03,2644,2424,
,10/6/2016,18268.5,2554,2418,
,10/7/2016,18240.49,2566,2725,
,10/10/2016,18329.04,3022,2997,
,10/11/2016,18128.66,2756,2948,
,10/12/2016,18144.2,2375,2998,
,10/13/2016,18098.94,2264,2762,
,10/14/2016,18138.38,2228,2716,
,10/17/2016,18086.4,3076,3312,
,10/18/2016,18161.94,2615,2761,
,10/19/2016,18202.62,2358,2393,
,10/20/2016,18162.35,2224,2159,
,10/21/2016,18145.71,2324,2325,
,10/24/2016,18223.03,3188,3097,
,10/25/2016,18169.27,2689,2392,
,10/26/2016,18199.33,2421,2254,
,10/27/2016,18169.68,2314,2124,
,10/28/2016,18161.19,2644,2286,
,10/31/2016,18142.42,3075,2708,
,11/1/2016,18037.1,3014,2521,
,11/2/2016,17959.64,2874,2470,
,11/3/2016,17930.67,2615,2406,
,11/4/2016,17888.28,2747,2617,
,11/7/2016,18259.6,3542,3551,
,11/8/2016,18332.74,3135,2443,
,11/9/2016,18589.69,3033,2825,
,11/10/2016,18807.88,2578,2947,
,11/11/2016,18847.66,2732,2332,
,11/14/2016,18868.69,3274,3533,
,11/15/2016,18923.06,2975,3178,
,11/16/2016,18868.14,2689,2774,
,11/17/2016,18903.82,2687,2420,
,11/18/2016,18867.93,2723,2491,
,11/21/2016,18956.69,3276,3325,
,11/22/2016,19023.87,3004,3042,
,11/23/2016,19083.18,1998,2301,
,11/25/2016,19152.14,1522,1688,
,11/28/2016,19097.9,3874,3967,
,11/29/2016,19121.6,3142,2956,
,11/30/2016,19123.58,2932,2815,
,12/1/2016,19191.93,3043,2968,
,12/2/2016,19170.42,3028,2924,
,12/5/2016,19216.24,4081,4116,
,12/6/2016,19251.78,3310,3501,
,12/7/2016,19549.62,3087,3445,
,12/8/2016,19614.81,2882,3651,
,12/9/2016,19756.85,2932,3669,
,12/12/2016,19796.43,4239,4304,
,12/13/2016,19911.21,3891,3830,
,12/14/2016,19792.53,3642,3353,
,12/15/2016,19852.24,3426,3262,
,12/16/2016,19843.41,3586,3308,
,12/19/2016,19883.06,4450,4562,
,12/20/2016,19974.62,4087,3522,
,12/21/2016,19941.96,3825,3098,
,12/22/2016,19918.88,3597,2808,
,12/23/2016,19933.81,3767,2511,
,12/27/2016,19945.04,5128,4533,
,12/28/2016,19833.68,4367,3667,
,12/29/2016,19819.78,4226,3538,
,12/30/2016,19762.6,4319,3336,
,1/3/2017,19881.76,5826,5401,
,1/4/2017,19942.16,4516,4553,
,1/5/2017,19899.29,3923,3746,
,1/6/2017,19963.8,4109,3753,
,1/9/2017,19887.38,5121,5757,
,1/10/2017,19855.53,4922,4055,
,1/11/2017,19954.28,3801,3378,
,1/12/2017,19891,3517,3149,
,1/13/2017,19885.73,3842,3161,
,1/17/2017,19826.77,4837,3829,
,1/18/2017,19804.72,4042,3334,
,1/19/2017,19732.4,3501,2960,
,1/20/2017,19827.25,3518,2742,
,1/23/2017,19799.85,4470,4166,
,1/24/2017,19912.71,4017,3604,
,1/25/2017,20068.51,3423,3647,
,1/26/2017,20100.91,3319,3450,
,1/27/2017,20093.78,3523,3161,
,1/30/2017,19971.13,4009,4249,
,1/31/2017,19864.09,3558,3455,
,2/1/2017,19890.94,3572,2995,
,2/2/2017,19884.91,3421,2876,
,2/3/2017,20071.46,3522,3253,
,2/6/2017,20052.42,4223,5409,
,2/7/2017,20090.29,4020,4346,
,2/8/2017,20054.34,3384,3541,
,2/9/2017,20172.4,3011,3609,
,2/10/2017,20269.37,2970,3693,
,2/13/2017,20412.16,4492,4901,
,2/14/2017,20504.41,3790,3357,
,2/15/2017,20611.86,3085,3329,
,2/16/2017,20619.77,2745,3114,
,2/17/2017,20624.05,2708,3207,
,2/21/2017,20743,4315,4143,
,2/22/2017,20775.6,3561,3318,
,2/23/2017,20810.32,3016,3035,
,2/24/2017,20821.76,3126,3023,
,2/27/2017,20837.44,4152,4191,
,2/28/2017,20812.24,3619,3323,
,3/1/2017,21115.55,3451,3508,
,3/2/2017,21002.97,3320,3378,
,3/3/2017,21005.71,3357,3069,
,3/6/2017,20954.34,4422,4188,
,3/7/2017,20924.76,3654,3331,
,3/8/2017,20855.73,3311,3020,
,3/9/2017,20858.19,3288,2872,
,3/10/2017,20902.98,3309,3060,
,3/13/2017,20881.48,4218,3697,
,3/14/2017,20837.37,3654,3101,
,3/15/2017,20950.1,3218,2912,
,3/16/2017,20934.55,3071,2882,
,3/17/2017,20914.62,3162,2795,
,3/20/2017,20905.86,4432,4113,
,3/21/2017,20668.01,3837,3435,
,3/22/2017,20661.3,3379,3056,
,3/23/2017,20656.58,3226,2766,
,3/24/2017,20596.72,3320,2737,
,3/27/2017,20550.98,4421,3919,
,3/28/2017,20701.5,3828,3289,
,3/29/2017,20659.32,3347,2920,
,3/30/2017,20728.49,3271,2845,
,3/31/2017,20663.22,3368,3018,
,4/3/2017,20650.21,4851,4283,
,4/4/2017,20689.24,3820,3637,
,4/5/2017,20648.15,3754,3390,
,4/6/2017,20662.95,3695,3226,
,4/7/2017,20656.1,3857,3635,
,4/10/2017,20658.02,5217,4951,
,4/11/2017,20651.3,4106,4104,
,4/12/2017,20591.86,3927,3751,
,4/13/2017,20453.25,3874,3635,
,4/17/2017,20636.92,5276,5071,
,4/18/2017,20523.28,4755,3787,
,4/19/2017,20404.49,3020,2423,
,4/20/2017,20578.71,2978,2489,
,4/21/2017,20547.76,3009,2341,
,4/24/2017,20763.89,3412,3187,
,4/25/2017,20996.12,2730,2900,
,4/26/2017,20975.09,2485,2723,
,4/27/2017,20981.33,2433,2419,
,4/28/2017,20940.51,2119,2494,
,5/1/2017,20913.46,2980,3403,
,5/2/2017,20949.89,2683,2953,
,5/3/2017,20957.9,2383,2461,
,5/4/2017,20951.47,2183,2371,
,5/5/2017,21006.94,2307,2370,
,5/8/2017,21012.28,3140,2971,
,5/9/2017,20975.78,2783,2522,
,5/10/2017,20943.11,2528,2162,
,5/11/2017,20919.42,2282,2226,
,5/12/2017,20896.61,2358,2151,
,5/15/2017,20981.94,3157,2943,
,5/16/2017,20979.75,2721,2586,
,5/17/2017,20606.93,2431,2447,
,5/18/2017,20663.02,2257,2182,
,5/19/2017,20804.84,2269,2202,
,5/22/2017,20894.83,3207,2869,
,5/23/2017,20937.91,2817,2344,
,5/24/2017,21012.42,2538,2161,
,5/25/2017,21082.95,2320,2172,
,5/26/2017,21080.28,2333,2063,
,5/30/2017,21029.47,3054,3102,
,5/31/2017,21008.65,2476,2535,
,6/1/2017,21144.18,2253,2432,
,6/2/2017,21206.29,2251,2473,
,6/5/2017,21184.04,3206,3045,
,6/6/2017,21136.23,2870,2593,
,6/7/2017,21173.69,2581,2355,
,6/8/2017,21182.53,2373,2183,
,6/9/2017,21271.97,2323,2203,
,6/12/2017,21235.67,2982,3122,
,6/13/2017,21328.47,2698,2612,
,6/14/2017,21374.56,2400,2432,
,6/15/2017,21359.9,2207,2235,
,6/16/2017,21384.28,2160,2159,
,6/19/2017,21528.99,3030,3305,
,6/20/2017,21467.14,2422,2823,
,6/21/2017,21410.03,2119,2474,
,6/22/2017,21397.29,2070,2474,
,6/23/2017,21394.76,2131,2509,
,6/26/2017,21409.55,3078,3157,
,6/27/2017,21310.66,2468,2795,
,6/28/2017,21454.61,2168,2530,
,6/29/2017,21287.03,2112,2407,
,6/30/2017,21349.63,2172,2510,
,7/3/2017,21479.27,2020,3127,
,7/5/2017,21478.17,3355,3936,
,7/6/2017,21320.04,2670,3066,
,7/7/2017,21414.34,2741,3036,
,7/10/2017,21408.52,3496,4463,
,7/11/2017,21409.07,2837,3550,
,7/12/2017,21532.14,2512,3171,
,7/13/2017,21553.09,2420,3148,
,7/14/2017,21637.74,2470,3153,
,7/17/2017,21629.72,3299,3784,
,7/18/2017,21574.73,2675,3052,
,7/19/2017,21640.75,2369,2838,
,7/20/2017,21611.78,2282,2666,
,7/21/2017,21580.07,2324,2620,
,7/24/2017,21513.17,3178,3437,
,7/25/2017,21613.43,2576,3068,
,7/26/2017,21711.01,2281,2560,
,7/27/2017,21796.55,2197,2533,
,7/28/2017,21830.31,2239,2483,
,7/31/2017,21891.12,3231,3150,
,8/1/2017,21963.92,3148,2757,
,8/2/2017,22016.24,2735,2701,
,8/3/2017,22026.1,2565,2478,
,8/4/2017,22092.81,2548,2565,
,8/7/2017,22118.42,3141,3785,
,8/8/2017,22085.34,2891,3182,
,8/9/2017,22048.7,2671,2788,
,8/10/2017,21844.01,2588,2548,
,8/11/2017,21858.32,2649,2735,
,8/14/2017,21993.71,3089,3428,
,8/15/2017,21998.99,2813,2612,
,8/16/2017,22024.87,2553,2452,
,8/17/2017,21750.73,2454,2264,
,8/18/2017,21674.51,2522,2281,
,8/21/2017,21703.75,3378,2747,
,8/22/2017,21899.89,2729,2532,
,8/23/2017,21812.09,2476,2342,
,8/24/2017,21783.4,2380,2105,
,8/25/2017,21813.67,2446,2254,
,8/28/2017,21808.4,3344,2938,
,8/29/2017,21865.37,2701,2554,
,8/30/2017,21892.43,2452,2339,
,8/31/2017,21948.1,2357,2315,
,9/1/2017,21987.56,2735,2543,
,9/5/2017,21753.31,3419,4018,
,9/6/2017,21807.64,2890,3070,
,9/7/2017,21784.78,2562,2629,
,9/8/2017,21797.79,2683,2520,
,9/11/2017,22057.37,3404,3343,
,9/12/2017,22118.86,2902,2717,
,9/13/2017,22158.18,2546,2565,
,9/14/2017,22203.48,2352,2344,
,9/15/2017,22268.34,2428,2339,
,9/18/2017,22331.35,3393,3266,
,9/19/2017,22370.8,2847,2728,
,9/20/2017,22412.59,2577,2377,
,9/21/2017,22359.23,2421,2234,
,9/22/2017,22349.59,2530,2167,
,9/25/2017,22296.09,3186,2973,
,9/26/2017,22284.32,2588,2430,
,9/27/2017,22340.71,2361,2288,
,9/28/2017,22381.2,2256,2110,
,9/29/2017,22405.09,2308,2254,
,10/2/2017,22557.6,3532,3228,
,10/3/2017,22641.67,2950,2822,
,10/4/2017,22661.64,2691,2664,
,10/5/2017,22775.39,2572,2547,
,10/6/2017,22773.67,2631,3029,
,10/9/2017,22761.07,3005,3345,
,10/10/2017,22830.68,3057,3195,
,10/11/2017,22872.89,2743,3125,
,10/12/2017,22841.01,2611,2704,
,10/13/2017,22871.72,2721,2717,
,10/16/2017,22956.96,3178,3657,
,10/17/2017,22997.44,3031,2764,
,10/18/2017,23157.6,3004,2692,
,10/19/2017,23163.04,2651,2485,
,10/20/2017,23328.63,2663,2511,
,10/23/2017,23273.96,3178,3235,
,10/24/2017,23441.76,3031,2744,
,10/25/2017,23329.46,3004,2581,
,10/26/2017,23400.86,2651,2385,
,10/27/2017,23434.19,2421,2370,
,10/30/2017,23348.74,3198,3228,
,10/31/2017,23377.24,2431,2534,
,11/1/2017,23435.01,2632,2665,
,11/2/2017,23516.26,2453,2394,
,11/3/2017,23539.19,2490,2529,
,11/6/2017,23548.42,3628,3404,
,11/7/2017,23557.23,2855,2801,
,11/8/2017,23563.36,2801,2688,
,11/9/2017,23461.94,2704,2467,
,11/10/2017,23422.21,2915,2409,
,11/13/2017,23439.7,3592,3119,
,11/14/2017,23409.47,2827,2684,
,11/15/2017,23271.28,2773,2269,
,11/16/2017,23458.36,2677,2268,
,11/17/2017,23358.24,2886,2472,
,11/20/2017,23430.33,3384,3574,
,11/21/2017,23590.83,2754,2498,
,11/22/2017,23526.18,2251,2042,
,11/24/2017,23557.99,1578,1568,
,11/27/2017,23580.78,3987,3611,
,11/28/2017,23836.71,3186,2967,
,11/29/2017,23940.68,3012,2616,
,11/30/2017,24272.35,2923,2783,
,12/1/2017,24231.59,3135,3083,
,12/4/2017,24290.05,4265,3973,
,12/5/2017,24180.64,3547,3086,
,12/6/2017,24140.91,3347,2925,
,12/7/2017,24211.48,3109,2776,
,12/8/2017,24329.16,3231,3025,
,12/11/2017,24386.03,4144,4133,
,12/12/2017,24504.8,3445,3430,
,12/13/2017,24585.43,3252,3046,
,12/14/2017,24508.66,3020,3210,
,12/15/2017,24651.74,3138,3545,
,12/18/2017,24792.2,4119,4420,
,12/19/2017,24754.75,3425,3617,
,12/20/2017,24726.65,3233,3109,
,12/21/2017,24782.29,3002,3159,
,12/22/2017,24754.06,3120,3151,
,12/26/2017,24746.21,4312,3289,
,12/27/2017,24774.3,3540,3572,
,12/28/2017,24837.51,3424,3533,
,12/29/2017,24719.22,3542,3554,
,1/2/2018,24824.01,5401,5163,
,1/3/2018,24922.68,4553,3749,
,1/4/2018,25075.13,4012,3517,
,1/5/2018,25295.87,4358,3516,
,1/8/2018,25283,5671,5124,
,1/9/2018,25385.8,4105,4143,
,1/10/2018,25369.13,3654,3564,
,1/11/2018,25574.73,3458,3184,
,1/12/2018,25803.19,3621,3360,
,1/16/2018,25792.86,3928,3833,
,1/17/2018,26115.65,3334,3453,
,1/18/2018,26017.81,2960,3059,
,1/19/2018,26071.72,2974,2978,
,1/22/2018,26214.6,4003,3903,
,1/23/2018,26210.81,3327,3334,
,1/24/2018,26252.12,3281,3107,
,1/25/2018,26392.79,3021,2823,
,1/26/2018,26616.71,3044,3141,
,1/29/2018,26439.48,3750,4059,
,1/30/2018,26076.89,3080,3342,
,1/31/2018,26149.39,2888,2993,
,2/1/2018,26186.71,2821,2971,
,2/2/2018,25520.96,2859,3056,
,2/5/2018,24345.75,4760,4917,
,2/6/2018,24912.77,3824,4047,
,2/7/2018,24893.35,3421,3480,
,2/8/2018,23860.46,3241,3083,
,2/9/2018,24190.9,3375,3262,
,2/12/2018,24601.27,4236,3824,
,2/13/2018,24640.45,3404,2887,
,2/14/2018,24893.49,2951,2357,
,2/15/2018,25200.37,2973,2578,
,2/16/2018,25219.38,3014,2738,
,2/20/2018,24964.75,3714,3154,
,2/21/2018,24797.78,3247,2748,
,2/22/2018,24962.48,3108,2477,
,2/23/2018,25309.99,3122,2641,
,2/26/2018,25709.27,3775,3897,
,2/27/2018,25410.03,3280,2825,
,2/28/2018,25029.2,2908,2556,
,3/1/2018,24608.98,2694,2612,
,3/2/2018,24538.06,2802,2686,
,3/5/2018,24874.76,3879,3688,
,3/6/2018,24884.12,3185,2900,
,3/7/2018,24801.36,2987,2838,
,3/8/2018,24895.21,2768,2639,
,3/9/2018,25335.74,2879,2875,
,3/12/2018,25178.61,3504,3806,
,3/13/2018,25007.03,2877,2994,
,3/14/2018,24758.12,2698,2650,
,3/15/2018,24873.66,2498,2511,
,3/16/2018,24946.51,2631,2513,
,3/19/2018,24610.91,3397,3549,
,3/20/2018,24727.27,2789,2693,
,3/21/2018,24682.31,2616,2806,
,3/22/2018,23957.89,2424,2563,
,3/23/2018,23533.2,2521,2618,
,3/26/2018,24202.6,3723,3616,
,3/27/2018,23857.71,3056,3121,
,3/28/2018,23848.42,2867,2611,
,3/29/2018,24103.11,2656,2490,
,4/2/2018,23644.19,3954,3650,
,4/3/2018,24033.36,3248,3094,
,4/4/2018,24264.3,3046,2852,
,4/5/2018,24505.22,2820,2840,
,4/6/2018,23932.76,3035,3106,
,4/9/2018,23979.1,4521,4904,
,4/10/2018,24408,3714,3720,
,4/11/2018,24189.45,3483,3208,
,4/12/2018,24483.05,3325,3152,
,4/13/2018,24360.14,3454,3311,
,4/16/2018,24573.04,5022,4605,
,4/17/2018,24786.63,4029,3235,
,4/18/2018,24748.07,2475,2312,
,4/19/2018,24664.89,2390,1994,
,4/20/2018,24462.94,2891,2001,
,4/23/2018,24448.69,2611,3040,
,4/24/2018,24024.13,2120,2220,
,4/25/2018,24083.83,2011,1928,
,4/26/2018,24322.34,1862,1752,
,4/27/2018,24311.19,1937,1842,
,4/30/2018,24163.15,2854,2413,
,5/1/2018,24099.05,2725,2035,
,5/2/2018,23924.98,2275,1816,
,5/3/2018,23930.15,2107,1837,
,5/4/2018,24262.51,2161,1820,
,5/7/2018,24357.32,2766,2610,
,5/8/2018,24360.21,2270,2148,
,5/9/2018,24542.54,2129,2028,
,5/10/2018,24739.53,1973,1934,
,5/11/2018,24831.17,2052,1999,
,5/14/2018,24899.41,2515,2985,
,5/15/2018,24706.41,2064,2218,
,5/16/2018,24768.93,1938,2082,
,5/17/2018,24713.98,1813,1957,
,5/18/2018,24715.09,1866,1879,
,5/21/2018,25013.29,2661,2530,
,5/22/2018,24834.41,2184,2253,
,5/23/2018,24886.81,2048,1985,
,5/24/2018,24811.76,1898,1848,
,5/25/2018,24753.09,1855,1811,
,5/29/2018,24361.45,2945,2673,
,5/30/2018,24667.78,2241,2159,
,5/31/2018,24415.84,1922,2078,
,6/1/2018,24635.21,2019,2125,
,6/4/2018,24813.69,2650,3037,
,6/5/2018,24799.98,2175,2315,
,6/6/2018,25146.39,2041,2154,
,6/7/2018,25241.41,1890,2187,
,6/8/2018,25316.53,1967,2032,
,6/11/2018,25322.31,2625,2796,
,6/12/2018,25320.73,2155,2278,
,6/13/2018,25201.2,1986,2000,
,6/14/2018,25175.31,1872,2037,
,6/15/2018,25090.48,1882,1982,
,6/18/2018,24987.47,3067,2634,
,6/19/2018,24700.21,2338,2361,
,6/20/2018,24657.8,2175,1946,
,6/21/2018,24461.7,2208,1875,
,6/22/2018,24580.89,2053,1934,
,6/25/2018,24252.8,3021,2697,
,6/26/2018,24283.11,2303,2005,
,6/27/2018,24117.59,2040,1859,
,6/28/2018,24216.05,1983,1769,
,6/29/2018,24271.41,1959,1954,
,7/2/2018,24307.18,2711,2890,
,7/3/2018,24174.82,1878,2190,
,7/5/2018,24356.74,2314,2460,
,7/6/2018,24456.48,2214,2440,
,7/9/2018,24776.59,3004,3225,
,7/10/2018,24919.66,2436,3116,
,7/11/2018,24700.45,2270,3075,
,7/12/2018,24924.89,2073,3167,
,7/13/2018,25019.41,2144,3239,
,7/16/2018,25064.36,2819,3831,
,7/17/2018,25119.89,2287,2994,
,7/18/2018,25199.29,2131,2596,
,7/19/2018,25064.5,1947,2363,
,7/20/2018,25058.12,2012,2479,
,7/23/2018,25044.29,2621,3361,
,7/24/2018,25241.94,2126,2596,
,7/25/2018,25414.1,1982,2478,
,7/26/2018,25527.07,1809,2311,
,7/27/2018,25451.06,1870,2345,
,7/30/2018,25306.83,3294,2853,
,7/31/2018,25415.19,2566,2543,
,8/1/2018,25333.82,2437,2384,
,8/2/2018,25326.16,2275,2273,
,8/3/2018,25462.58,2371,2287,
,8/6/2018,25502.18,3178,3023,
,8/7/2018,25628.91,2741,2598,
,8/8/2018,25583.75,2647,2465,
,8/9/2018,25509.23,2412,2175,
,8/10/2018,25313.14,2540,2130,
,8/13/2018,25187.7,2985,2953,
,8/14/2018,25299.92,2451,2428,
,8/15/2018,25162.41,2299,2329,
,8/16/2018,25558.73,2131,2188,
,8/17/2018,25669.32,2215,2257,
,8/20/2018,25758.69,2981,3091,
,8/21/2018,25822.29,2449,2591,
,8/22/2018,25733.6,2297,2205,
,8/23/2018,25656.98,2127,2080,
,8/24/2018,25790.35,2213,2147,
,8/27/2018,26049.64,2917,3030,
,8/28/2018,26064.02,2417,2567,
,8/29/2018,26124.57,2252,2571,
,8/30/2018,25986.92,2015,2236,
,8/31/2018,25964.82,1878,2124,
,9/4/2018,25952.48,3380,3272,
,9/5/2018,25974.99,2720,2415,
,9/6/2018,25995.87,2349,2330,
,9/7/2018,25916.54,2303,2234,
,9/10/2018,25857.07,3108,2906,
,9/11/2018,25971.06,2516,2251,
,9/12/2018,25998.92,2326,2151,
,9/13/2018,26145.99,2181,2037,
,9/14/2018,26154.67,2280,2328,
,9/17/2018,26062.12,3078,2729,
,9/18/2018,26246.96,2346,2264,
,9/19/2018,26405.76,2111,2141,
,9/20/2018,26656.98,2084,2065,
,9/21/2018,26743.5,2085,2202,
,9/24/2018,26562.05,2674,2783,
,9/25/2018,26492.21,2207,2154,
,9/26/2018,26385.28,2108,1951,
,9/27/2018,26439.93,1997,1711,
,9/28/2018,26458.31,2281,2048,
,10/1/2018,26651.21,3112,3186,
,10/2/2018,26773.94,2514,2624,
,10/3/2018,26828.39,2351,2369,
,10/4/2018,26627.48,2251,2382,
,10/5/2018,26447.05,2249,2702,
,10/9/2018,26430.57,2757,3296,
,10/10/2018,25598.74,2513,3263,
,10/11/2018,25052.83,2406,2995,
,10/12/2018,25339.99,2404,2905,
,10/15/2018,25250.55,3327,3242,
,10/16/2018,25798.42,2773,2558,
,10/17/2018,25706.68,2541,2258,
,10/18/2018,25379.45,2371,1993,
,10/19/2018,25444.34,2408,1947,
,10/22/2018,25317.41,3247,2679,
,10/23/2018,25191.43,2759,2131,
,10/24/2018,24583.42,2406,2058,
,10/25/2018,24984.55,2295,1948,
,10/26/2018,24688.31,2393,1926,
,10/29/2018,24442.92,3182,2688,
,10/30/2018,24874.64,2704,2177,
,10/31/2018,25115.76,2358,1938,
,11/1/2018,25380.74,2249,2051,
,11/2/2018,25270.83,2345,2023,
,11/5/2018,25461.7,3251,2996,
,11/6/2018,25635.01,2217,2111,
,11/7/2018,26180.3,2021,2398,
,11/8/2018,26191.22,1998,2110,
,11/9/2018,25989.3,2102,2362,
,11/13/2018,25286.49,2341,2746,
,11/14/2018,25080.5,2489,2892,
,11/15/2018,25289.27,2227,2442,
,11/16/2018,25413.22,2120,2452,
,11/19/2018,25017.44,3339,3026,
,11/20/2018,24465.64,2342,2276,
,11/21/2018,24464.69,2074,1955,
,11/23/2018,24285.95,1493,1317,
,11/26/2018,24640.24,3545,3268,
,11/27/2018,24748.73,2868,2587,
,11/28/2018,25366.43,2650,2533,
,11/29/2018,25338.84,2522,2126,
,11/30/2018,25538.46,2570,2257,
,12/3/2018,25826.43,3751,3698,
,12/4/2018,25027.07,2954,2643,
,12/6/2018,24947.67,3377,2904,
,12/7/2018,24388.95,2912,2698,
,12/10/2018,24423.26,3891,3937,
,12/11/2018,24370.24,3201,3232,
,12/12/2018,24527.27,2958,2957,
,12/13/2018,24597.38,2554,2896,
,12/14/2018,24100.51,2854,3184,
,12/17/2018,23592.98,4202,4314,
,12/18/2018,23675.64,3457,3721,
,12/19/2018,23323.66,3195,3211,
,12/20/2018,22859.6,2758,3887,
,12/21/2018,22445.37,3082,3952,
,12/24/2018,21792.2,1916,2223,
,12/26/2018,22878.45,3652,3765,
,12/27/2018,23138.82,3767,3594,
,12/28/2018,23062.4,3829,3954,
,12/31/2018,23327.46,3136,3205,
,1/2/2019,23346.24,5789,4547,
,1/3/2019,22686.22,4125,3309,
,1/4/2019,23433.16,3659,3436,
,1/7/2019,23531.35,4985,5095,
,1/8/2019,23787.45,3922,4180,
,1/9/2019,23879.12,3517,3399,
,1/10/2019,24001.92,3345,3141,
,1/11/2019,23995.95,3511,2897,
,1/14/2019,23909.84,4736,3804,
,1/15/2019,24065.59,3726,2707,
,1/16/2019,24207.16,3340,2600,
,1/17/2019,24370.1,3179,2291,
,1/18/2019,24706.35,3335,2420,
,1/22/2019,24404.48,3955,3126,
,1/23/2019,24575.62,3629,2562,
,1/24/2019,24553.24,3321,2369,
,1/25/2019,24737.2,3542,2449,
,1/28/2019,24528.22,3766,3721,
,1/29/2019,24579.96,3214,3040,
,1/30/2019,25014.86,2873,2798,
,1/31/2019,24999.67,2698,2688,
,2/1/2019,25063.89,3006,3127,
,2/4/2019,25239.37,3656,4149,
,2/5/2019,25411.52,2958,3176,
,2/6/2019,25390.3,2734,2905,
,2/7/2019,25169.53,2600,2536,
,2/8/2019,25106.33,2651,2462,
,2/11/2019,25053.11,3620,3866,
,2/12/2019,25425.76,2926,3348,
,2/13/2019,25543.27,2721,2665,
,2/14/2019,25439.39,2550,2123,
,2/15/2019,25883.25,2625,2667,
,2/19/2019,25891.32,3758,4785,
,2/20/2019,25954.44,3182,3686,
,2/21/2019,25850.63,2696,2804,
,2/22/2019,26031.81,2822,3151,
,2/25/2019,26091.95,3982,4091,
,2/26/2019,26057.98,3221,3077,
,2/27/2019,25985.16,2977,2342,
,2/28/2019,25916,2833,2451,
,3/1/2019,26026.32,2887,2773,
,3/4/2019,25819.65,4115,4146,
,3/5/2019,25806.63,3328,3308,
,3/6/2019,25673.46,3078,2881,
,3/7/2019,25473.23,2928,2657,
,3/8/2019,25450.24,2983,2677,
,3/11/2019,25650.88,4083,3865,
,3/12/2019,25554.66,3304,2911,
,3/13/2019,25702.89,3052,2877,
,3/14/2019,25709.94,2753,2738,
,3/15/2019,25848.87,2959,3815,
,3/18/2019,25914.1,3922,4265,
,3/19/2019,25887.38,3167,3028,
,3/20/2019,25745.67,2938,2674,
,3/21/2019,25962.51,2788,3036,
,3/22/2019,25502.32,2941,2829,
,3/25/2019,25516.83,4000,3827,
,3/26/2019,25657.73,3231,2949,
,3/27/2019,25625.59,2995,2814,
,3/28/2019,25717.46,2845,3338,
,3/29/2019,25928.68,3000,2853,
,4/1/2019,26258.42,4081,4431,
,4/2/2019,26179.13,3295,3284,
,4/3/2019,26218.13,3056,3069,
,4/4/2019,26384.63,2901,3065,
,4/5/2019,26424.99,3059,3230,
,4/8/2019,26341.02,4162,4935,
,4/9/2019,26150.58,3363,3904,
,4/10/2019,26157.16,3117,3586,
,4/11/2019,26143.05,2960,3131,
,4/12/2019,26412.3,3121,3541,
,4/15/2019,26384.77,5104,4559,
,4/16/2019,26452.66,3272,2534,
,4/17/2019,26449.54,2931,2295,
,4/18/2019,26559.54,2671,2187,
,4/22/2019,26511.05,3351,3272,
,4/23/2019,26656.39,2345,2617,
,4/24/2019,26597.05,2213,2400,
,4/25/2019,26462.08,2109,2029,
,4/26/2019,26543.33,2182,2311,
,4/29/2019,26554.39,3105,2972,
,4/30/2019,26592.91,2511,2367,
,5/1/2019,26430.14,2498,2208,
,5/2/2019,26307.79,2307,2039,
,5/3/2019,26504.95,2249,2326,
,5/6/2019,26438.48,3147,2869,
,5/7/2019,25965.09,2546,2381,
,5/8/2019,25967.33,2102,2044,
,5/9/2019,25828.36,1986,2038,
,5/10/2019,25942.37,2220,2165,
,5/13/2019,25324.99,2977,3016,
,5/14/2019,25532.05,2494,2376,
,5/15/2019,25648.02,2086,2113,
,5/16/2019,25862.68,1981,2010,
,5/17/2019,25764,2209,2028,
,5/20/2019,25679.9,2789,2942,
,5/21/2019,25877.33,2242,2277,
,5/22/2019,25776.61,2033,2072,
,5/23/2019,25490.47,1979,1862,
,5/24/2019,25585.69,2185,1847,
,5/28/2019,25347.77,2887,2840,
,5/29/2019,25126.41,2388,2131,
,5/30/2019,25169.88,2109,1964,
,5/31/2019,24815.04,2552,1930,
,6/3/2019,24819.78,3045,2621,
,6/4/2019,25332.18,2373,2135,
,6/5/2019,25539.57,2219,2101,
,6/6/2019,25720.66,2041,1855,
,6/7/2019,25983.94,2287,2105,
,6/10/2019,26062.68,2520,2781,
,6/11/2019,26048.51,2206,2181,
,6/12/2019,26004.83,2064,1897,
,6/13/2019,26106.77,1898,1801,
,6/14/2019,26089.61,2128,1800,
,6/17/2019,26112.53,2444,2484,
,6/18/2019,26465.54,1927,2366,
,6/19/2019,26504,1912,2128,
,6/20/2019,26753.17,1713,2156,
,6/21/2019,26719.13,2064,2051,
,6/24/2019,26727.54,2420,2605,
,6/25/2019,26548.22,1907,2177,
,6/26/2019,26536.82,1892,1923,
,6/27/2019,26526.58,1696,1953,
,6/28/2019,26599.96,2043,1913,
,7/1/2019,26717.43,3081,2972,
,7/2/2019,26786.68,2554,2274,
,7/3/2019,26966,2002,1968,
,7/5/2019,26922.12,2245,2366,
,7/8/2019,26806.14,3980,4341,
,7/9/2019,26783.49,3561,3835,
,7/10/2019,26860.2,3200,3141,
,7/11/2019,27088.08,3046,2658,
,7/12/2019,27332.03,3104,2862,
,7/15/2019,27359.16,3777,3418,
,7/16/2019,27335.63,3057,2717,
,7/17/2019,27219.85,2823,2287,
,7/18/2019,27222.97,2688,2356,
,7/19/2019,27154.2,2737,2205,
,7/22/2019,27171.9,3676,2750,
,7/23/2019,27349.19,2975,2177,
,7/24/2019,27269.97,2748,2019,
,7/25/2019,27140.98,2616,1909,
,7/26/2019,27192.45,2666,1994,
,7/29/2019,27221.35,2778,2686,
,7/30/2019,27198.02,2199,2300,
,7/31/2019,26864.27,2040,2410,
,8/1/2019,26583.42,2106,1991,
,8/2/2019,26485.01,2198,1969,
,8/5/2019,25717.74,2989,2777,
,8/6/2019,26029.52,2351,2108,
,8/7/2019,26007.07,2205,1938,
,8/8/2019,26378.19,2074,2056,
,8/9/2019,26287.44,2105,2067,
,8/12/2019,25897.71,2959,2450,
,8/13/2019,26279.91,2328,2035,
,8/14/2019,25479.42,2181,1961,
,8/15/2019,25579.39,2054,1996,
,8/16/2019,25886.01,2084,1814,
,8/19/2019,26135.79,2599,2765,
,8/20/2019,25962.44,2104,2285,
,8/21/2019,26202.73,2013,1859,
,8/22/2019,26252.24,1995,1772,
,8/23/2019,25628.9,2031,1763,
,8/26/2019,25898.83,2651,2317,
,8/27/2019,25777.9,2147,1981,
,8/28/2019,26036.1,2052,1761,
,8/29/2019,26362.25,2034,1667,
,8/30/2019,26403.28,2070,1670,
,9/3/2019,26118.02,2864,2437,
,9/4/2019,26355.47,2134,1981,
,9/5/2019,26728.15,2115,1817,
,9/6/2019,26797.46,2153,2035,
,9/9/2019,26835.51,2704,2658,
,9/10/2019,26909.43,2188,2007,
,9/11/2019,27137.04,2094,1957,
,9/12/2019,27182.45,2075,1873,
,9/13/2019,27219.52,2111,1695,
,9/16/2019,27076.82,2518,2083,
,9/17/2019,27110.8,2037,1885,
,9/18/2019,27147.08,1882,1729,
,9/19/2019,27094.79,1792,1596,
,9/20/2019,26935.07,1826,1614,
,9/23/2019,26949.99,2468,2136,
,9/24/2019,26807.77,1996,1722,
,9/25/2019,26970.71,1845,1561,
,9/26/2019,26891.12,1756,1545,
,9/27/2019,26820.25,1789,1644,
,9/30/2019,26916.83,2324,1989,
,10/1/2019,26573.04,2193,1882,
,10/2/2019,26078.62,2119,1744,
,10/3/2019,26201.04,2007,1558,
,10/4/2019,26573.72,2155,1768,
,10/7/2019,26478.02,2651,2224,
,10/8/2019,26164.04,2145,1714,
,10/9/2019,26346.01,1982,1755,
,10/10/2019,26496.67,1886,1880,
,10/11/2019,26816.59,1922,2355,
,10/14/2019,26787.36,2289,2218,
,10/15/2019,27024.8,1851,2447,
,10/16/2019,27001.98,1768,2550,
,10/17/2019,27025.88,1674,2176,
,10/18/2019,26770.2,1752,2201,
,10/21/2019,26827.64,2654,2976,
,10/22/2019,26788.1,2398,2388,
,10/23/2019,26833.95,2499,2218,
,10/24/2019,26805.53,2132,2059,
,10/25/2019,26958.06,2180,2249,
,10/28/2019,27090.72,2627,2698,
,10/29/2019,27071.42,2374,2002,
,10/30/2019,27186.69,2474,1764,
,10/31/2019,27046.23,2064,1704,
,11/1/2019,27347.36,2159,1979,
,11/4/2019,27462.11,2811,3115,
,11/5/2019,27492.63,2440,2248,
,11/6/2019,27492.56,2647,1846,
,11/7/2019,27674.8,2259,1928,
,11/8/2019,27681.24,1819,1989,
,11/11/2019,27691.49,2561,1735,
,11/12/2019,27691.49,2853,2279,
,11/13/2019,27783.59,2514,2013,
,11/14/2019,27781.96,2307,2058,
,11/15/2019,28004.89,2432,2091,
,11/18/2019,28036.22,2691,2877,
,11/19/2019,27934.02,2177,2292,
,11/20/2019,27821.09,2012,2009,
,11/21/2019,27766.29,1915,2128,
,11/22/2019,27875.62,1951,2245,
,11/25/2019,28066.47,2983,3545,
,11/26/2019,28121.68,2392,2858,
,11/27/2019,28164,1842,1950,
,11/29/2019,28051.41,1121,1436,
,12/2/2019,27783.04,3879,3434,
,12/3/2019,27502.81,3155,2624,
,12/4/2019,27649.78,2816,2386,
,12/5/2019,27677.79,2747,2397,
,12/6/2019,28015.06,2877,2729,
,12/9/2019,27909.6,4034,3559,
,12/10/2019,27881.72,3281,2782,
,12/11/2019,27911.3,2929,2626,
,12/12/2019,28132.05,2857,2398,
,12/13/2019,28135.38,2992,2989,
,12/16/2019,28235.89,4317,4179,
,12/17/2019,28267.16,3611,3857,
,12/18/2019,28239.28,3351,2946,
,12/19/2019,28376.96,3578,2559,
,12/20/2019,28455.09,3865,2755,
,12/23/2019,28551.53,4719,3515,
,12/24/2019,28515.45,2121,1491,
,12/26/2019,28621.39,3435,2699,
,12/27/2019,28645.26,3730,3336,
,12/30/2019,28462.14,4965,4279,
,12/31/2019,28538.44,3132,2552,
,1/2/2020,28868.8,4337,4981,
,1/3/2020,28634.88,4636,3455,
,1/6/2020,28703.38,5043,4263,
,1/7/2020,28583.68,4139,3279,
,1/8/2020,28745.09,3365,3016,
,1/9/2020,28956.9,3110,3008,
,1/10/2020,28823.77,2868,2973,
,1/13/2020,28907.05,3518,3462,
,1/14/2020,28939.67,2779,2777,
,1/15/2020,29030.22,2557,2464,
,1/16/2020,29297.64,2428,2557,
,1/17/2020,29348.1,2597,2879,
,1/21/2020,29196.04,3412,2961,
,1/22/2020,29186.27,2795,2813,
,1/23/2020,29160.09,2587,2377,
,1/24/2020,28989.73,2675,2323,
,1/27/2020,28535.8,3682,3150,
,1/28/2020,28722.85,3019,2503,
,1/29/2020,28734.45,2796,2443,
,1/30/2020,28859.44,2657,2274,
,1/31/2020,28256.03,2841,2352,
,2/3/2020,28399.81,3492,3115,
,2/4/2020,28807.63,2840,2760,
,2/5/2020,29290.85,2615,2514,
,2/6/2020,29379.77,2481,2635,
,2/7/2020,29102.51,2655,2617,
,2/10/2020,29276.82,3364,3385,
,2/11/2020,29276.34,2735,2817,
,2/12/2020,29551.42,2517,2587,
,2/13/2020,29423.31,2390,2507,
,2/14/2020,29398.08,2556,2568,
,2/18/2020,29232.19,4355,4530,
,2/19/2020,29348.03,3469,3324,
,2/20/2020,29219.98,2711,2605,
,2/21/2020,28992.41,2961,2734,
,2/24/2020,27960.8,3368,4152,
,2/25/2020,27081.36,2738,3311,
,2/26/2020,26957.59,2519,3008,
,2/27/2020,25766.64,2391,3369,
,2/28/2020,25409.36,2560,4501,
,3/2/2020,26703.32,3587,4528,
,3/3/2020,25917.41,2846,3162,
,3/4/2020,27090.86,2632,2794,
,3/5/2020,26121.28,2457,2503,
,3/6/2020,25864.78,2682,2742,
,3/9/2020,23851.02,3411,4517,
,3/10/2020,25018.16,2806,3486,
,3/11/2020,23553.22,2537,3096,
,3/12/2020,21200.62,2498,4437,
,3/13/2020,23185.62,2589,3765,
,3/16/2020,20188.52,3989,4787,
,3/17/2020,21237.38,3243,3979,
,3/18/2020,19898.92,2985,3753,
,3/19/2020,20087.19,2833,3500,
,3/20/2020,19173.98,3030,3451,
,3/23/2020,18591.93,4344,4746,
,3/24/2020,20704.91,3533,2966,
,3/25/2020,21200.55,3249,2800,
,3/26/2020,22552.17,3087,2538,
,3/27/2020,21636.78,3300,2417,
,3/30/2020,22327.48,4311,3044,
,3/31/2020,21917.16,3505,2510,
,4/1/2020,20943.51,3224,2487,
,4/2/2020,21413.44,3060,2200,
,4/3/2020,21052.53,3277,2340,
,4/6/2020,22679.99,3015,3093,
,4/7/2020,22653.86,2486,3146,
,4/8/2020,23433.57,2463,2727,
,4/9/2020,23719.37,2179,2751,
,4/13/2020,23390.77,3290,3877,
,4/14/2020,23949.76,2720,2830,
,4/15/2020,23504.35,2695,2466,
,4/16/2020,23537.68,2390,2097,
,4/17/2020,24242.49,2719,2331,
,4/20/2020,23650.44,3133,2802,
,4/21/2020,23018.88,2604,2138,
,4/22/2020,23475.82,2596,2025,
,4/23/2020,23515.26,2316,1779,
,4/24/2020,23775.27,2624,1825,
,4/27/2020,24133.78,2915,2527,
,4/28/2020,24101.55,2315,2077,
,4/29/2020,24633.86,1994,1984,
,4/30/2020,24345.72,1855,1851,
,5/1/2020,23723.69,1982,2033,
,5/4/2020,23749.76,2830,2338,
,5/5/2020,23883.09,2160,2014,
,5/6/2020,23664.64,2045,2000,
,5/7/2020,23875.89,1797,1953,
,5/8/2020,24331.32,1843,2127,
,5/11/2020,24221.99,2566,2419,
,5/12/2020,23764.78,2078,2062,
,5/13/2020,23247.97,1913,1888,
,5/14/2020,23625.34,1808,1721,
,5/15/2020,23685.42,1937,1716,
,5/18/2020,24597.37,2489,2405,
,5/19/2020,24206.86,2016,2001,
,5/20/2020,24575.9,1856,1771,
,5/21/2020,24474.12,1753,1692,
,5/22/2020,24465.16,1878,1710,
,5/26/2020,24995.11,2383,2421,
,5/27/2020,25548.27,2028,2220,
,5/28/2020,25400.64,1933,2037,
,5/29/2020,25383.11,2093,1804,
,6/1/2020,25475.02,2295,2365,
,6/2/2020,25742.65,2022,2020,
,6/3/2020,26269.89,1869,2072,
,6/4/2020,26281.82,1729,1825,
,6/5/2020,27110.98,1743,2349,
,6/8/2020,27572.44,2266,3451,
,6/9/2020,27272.3,1995,2541,
,6/10/2020,26989.99,1846,2148,
,6/11/2020,25128.17,1707,2234,
,6/12/2020,25605.54,1722,2013,
,6/15/2020,25763.16,3109,2419,
,6/16/2020,26289.98,2356,2283,
,6/17/2020,26119.61,2176,2124,
,6/18/2020,26080.1,1916,2054,
,6/19/2020,25871.46,2067,1879,
,6/22/2020,26024.96,3171,2617,
,6/23/2020,26156.1,2404,2345,
,6/24/2020,25445.94,2220,2193,
,6/25/2020,25745.6,1955,1960,
,6/26/2020,25015.55,2107,2113,
,6/29/2020,25595.8,2480,2903,
,6/30/2020,25812.88,2218,2377,
,7/1/2020,25734.97,2041,2222,
,7/2/2020,25827.36,1645,2079,
,7/6/2020,26287.03,2857,3622,
,7/7/2020,25890.18,2595,3028,
,7/8/2020,26067.28,2383,2771,
,7/9/2020,25706.09,2261,2782,
,7/10/2020,26075.3,2322,3063,
,7/13/2020,26085.8,3497,4195,
,7/14/2020,26642.59,3124,3229,
,7/15/2020,26870.1,3028,3035,
,7/16/2020,26734.71,2245,2302,
,7/17/2020,26671.95,2144,2282,
,7/20/2020,26680.87,2511,2917,
,7/21/2020,26840.4,2087,2505,
,7/22/2020,27005.84,1846,2131,
,7/23/2020,26652.33,1712,2059,
,7/24/2020,26469.89,1746,1970,
,7/27/2020,26584.77,2873,2571,
,7/28/2020,26379.28,2467,2030,
,7/29/2020,26539.57,2099,1963,
,7/30/2020,26313.65,2028,1959,
,7/31/2020,26428.32,1920,1949,
,8/3/2020,26664.4,3045,2807,
,8/4/2020,26828.47,2566,2351,
,8/5/2020,27201.52,2162,2143,
,8/6/2020,27386.98,2069,1989,
,8/7/2020,27433.48,1997,2079,
,8/10/2020,27791.44,3015,2657,
,8/11/2020,27686.91,2541,2408,
,8/12/2020,27976.84,2140,2186,
,8/13/2020,27896.72,2048,2111,