StartInterval,Talk Time,Hold time,After call work,,,
6/18/2020 0:00,,,,,,
6/18/2020 0:30,,,,,,
6/18/2020 1:00,,,,,,
6/18/2020 1:30,,,,,,
6/18/2020 2:00,,,,,,
6/18/2020 2:30,,,,,,
6/18/2020 3:00,,,,,,
6/18/2020 3:30,,,,,,
6/18/2020 4:00,,,,,,
6/18/2020 4:30,,,,,,
6/18/2020 5:00,,,,,,
6/18/2020 5:30,,,,,,
6/18/2020 6:00,,,,,,
6/18/2020 6:30,,,,,,
6/18/2020 7:00,4861,774,943,,,
6/18/2020 7:30,12643,2343,2219,,,
6/18/2020 8:00,40877,4982,15666,,,
6/18/2020 8:30,78065,10798,22823,,,
6/18/2020 9:00,118514,26578,54617,,,
6/18/2020 9:30,165974,27544,86417,,,
6/18/2020 10:00,195675,34538,99259,,,
6/18/2020 10:30,248814,33510,120974,,,
6/18/2020 11:00,240302,34789,108544,,,
6/18/2020 11:30,248431,34666,134149,,,
6/18/2020 12:00,291013,40007,131160,,,
6/18/2020 12:30,283368,42018,104570,,,
6/18/2020 13:00,274360,42026,110738,,,
6/18/2020 13:30,261664,41605,150575,,,
6/18/2020 14:00,318838,41674,151090,,,
6/18/2020 14:30,298847,49262,126434,,,
6/18/2020 15:00,359187,48465,134112,,,
6/18/2020 15:30,303580,42577,139246,,,
6/18/2020 16:00,318719,48125,116980,,,
6/18/2020 16:30,311276,40691,116010,,,
6/18/2020 17:00,248320,41205,83766,,,
6/18/2020 17:30,196267,23554,74406,,,
6/18/2020 18:00,166512,24009,59414,,,
6/18/2020 18:30,135541,21147,49547,,,
6/18/2020 19:00,114645,13221,36383,,,
6/18/2020 19:30,88341,13412,30159,,,
6/19/2020 0:00,,,,,,
6/19/2020 0:30,,,,,,
6/19/2020 1:00,,,,,,
6/19/2020 1:30,,,,,,
6/19/2020 2:00,,,,,,
6/19/2020 2:30,,,,,,
6/19/2020 3:00,,,,,,
6/19/2020 3:30,,,,,,
6/19/2020 4:00,,,,,,
6/19/2020 4:30,,,,,,
6/19/2020 5:00,,,,,,
6/19/2020 5:30,,,,,,
6/19/2020 6:00,,,,,,
6/19/2020 6:30,200,0,3,,,
6/19/2020 7:00,8701,1159,2621,,,
6/19/2020 7:30,12979,1724,7904,,,
6/19/2020 8:00,49118,9335,14025,,,
6/19/2020 8:30,73380,12159,33818,,,
6/19/2020 9:00,111605,16243,51149,,,
6/19/2020 9:30,192976,31457,74825,,,
6/19/2020 10:00,207844,27684,75171,,,
6/19/2020 10:30,262817,38299,104679,,,
6/19/2020 11:00,274358,42316,124546,,,
6/19/2020 11:30,288122,40682,110850,,,
6/19/2020 12:00,292119,43765,129659,,,
6/19/2020 12:30,296994,45300,140933,,,
6/19/2020 13:00,275283,43892,143751,,,
6/19/2020 13:30,278602,40342,133849,,,
6/19/2020 14:00,317636,49842,134080,,,
6/19/2020 14:30,290852,48979,144955,,,
6/19/2020 15:00,305127,49753,230043,,,
6/19/2020 15:30,320841,48028,130947,,,
6/19/2020 16:00,283005,41177,120739,,,
6/19/2020 16:30,243356,34596,120816,,,
6/19/2020 17:00,229377,31097,80381,,,
6/19/2020 17:30,165761,29181,57349,,,
6/19/2020 18:00,155623,22539,60748,,,
6/19/2020 18:30,124943,19570,39402,,,
6/19/2020 19:00,86683,13863,28726,,,
6/19/2020 19:30,69669,9138,16193,,,
6/19/2020 20:00,54508,7013,7643,,,
6/19/2020 20:30,42923,4055,7804,,,
6/19/2020 21:00,23796,1183,2707,,,
6/19/2020 21:30,18732,971,2230,,,
6/19/2020 22:00,12890,2767,1043,,,
6/19/2020 22:30,463,74,413,,,
6/19/2020 23:00,468,90,1699,,,
6/19/2020 23:30,7,0,1,,,
6/20/2020 0:00,,,,,,
6/20/2020 0:30,,,,,,
6/20/2020 1:00,,,,,,
6/20/2020 1:30,,,,,,
6/20/2020 2:00,,,,,,
6/20/2020 2:30,,,,,,
6/20/2020 3:00,,,,,,
6/20/2020 3:30,,,,,,
6/20/2020 4:00,,,,,,
6/20/2020 4:30,,,,,,
6/20/2020 5:00,,,,,,
6/20/2020 5:30,,,,,,
6/20/2020 6:00,,,,,,
6/20/2020 6:30,,,,,,
6/20/2020 7:00,,,,,,
6/20/2020 7:30,,,,,,
6/20/2020 8:00,,,,,,
6/20/2020 8:30,,,,,,
6/20/2020 9:00,,,,,,
6/20/2020 9:30,,,,,,
6/20/2020 10:00,,,,,,
6/20/2020 10:30,,,,,,
6/20/2020 11:00,,,,,,
6/20/2020 11:30,,,,,,
6/20/2020 12:00,,,,,,
6/20/2020 12:30,,,,,,
6/20/2020 13:00,,,,,,
6/20/2020 13:30,,,,,,
6/20/2020 14:00,,,,,,
6/20/2020 14:30,,,,,,
6/20/2020 15:00,,,,,,
6/20/2020 15:30,,,,,,
6/20/2020 16:00,,,,,,
6/20/2020 16:30,,,,,,
6/20/2020 17:00,,,,,,
6/20/2020 17:30,,,,,,
6/20/2020 18:00,,,,,,
6/20/2020 18:30,,,,,,
6/20/2020 19:00,,,,,,
6/20/2020 19:30,,,,,,
6/20/2020 20:00,,,,,,
6/20/2020 20:30,,,,,,
6/20/2020 21:00,,,,,,
6/20/2020 21:30,,,,,,
6/20/2020 22:00,,,,,,
6/20/2020 22:30,,,,,,
6/20/2020 23:00,,,,,,
6/20/2020 23:30,,,,,,
6/21/2020 0:00,,,,,,
6/21/2020 0:30,,,,,,
6/21/2020 1:00,,,,,,
6/21/2020 1:30,,,,,,
6/21/2020 2:00,,,,,,
6/21/2020 2:30,,,,,,
6/21/2020 3:00,,,,,,
6/21/2020 3:30,,,,,,
6/21/2020 4:00,,,,,,
6/21/2020 4:30,,,,,,
6/21/2020 5:00,,,,,,
6/21/2020 5:30,,,,,,
6/21/2020 6:00,,,,,,
6/21/2020 6:30,,,,,,
6/21/2020 7:00,,,,,,
6/21/2020 7:30,,,,,,
6/21/2020 8:00,,,,,,
6/21/2020 8:30,,,,,,
6/21/2020 9:00,,,,,,
6/21/2020 9:30,,,,,,
6/21/2020 10:00,,,,,,
6/21/2020 10:30,,,,,,
6/21/2020 11:00,,,,,,
6/21/2020 11:30,,,,,,
6/21/2020 12:00,,,,,,
6/21/2020 12:30,,,,,,
6/21/2020 13:00,,,,,,
6/21/2020 13:30,,,,,,
6/21/2020 14:00,,,,,,
6/21/2020 14:30,,,,,,
6/21/2020 15:00,,,,,,
6/21/2020 15:30,,,,,,
6/21/2020 16:00,,,,,,
6/21/2020 16:30,,,,,,
6/21/2020 17:00,,,,,,
6/21/2020 17:30,,,,,,
6/21/2020 18:00,,,,,,
6/21/2020 18:30,,,,,,
6/21/2020 19:00,,,,,,
6/21/2020 19:30,,,,,,
6/22/2020 0:00,,,,,,
6/22/2020 0:30,,,,,,
6/22/2020 1:00,,,,,,
6/22/2020 1:30,,,,,,
6/22/2020 2:00,,,,,,
6/22/2020 2:30,,,,,,
6/22/2020 3:00,,,,,,
6/22/2020 3:30,,,,,,
6/22/2020 4:00,,,,,,
6/22/2020 4:30,,,,,,
6/22/2020 5:00,,,,,,
6/22/2020 5:30,,,,,,
6/22/2020 6:00,,,,,,
6/22/2020 6:30,,,,,,
6/22/2020 7:00,11944,1864,2334,,,
6/22/2020 7:30,17745,1898,6003,,,
6/22/2020 8:00,77122,9068,23251,,,
6/22/2020 8:30,98591,12203,33810,,,
6/22/2020 9:00,173415,24690,65964,,,
6/22/2020 9:30,236443,39047,98614,,,
6/22/2020 10:00,278158,41526,101161,,,
6/22/2020 10:30,325265,47599,144697,,,
6/22/2020 11:00,314272,48319,131261,,,
6/22/2020 11:30,377670,63584,192887,,,
6/22/2020 12:00,346771,56518,169683,,,
6/22/2020 12:30,367833,49115,164837,,,
6/22/2020 13:00,361635,50872,136360,,,
6/22/2020 13:30,363004,54789,189707,,,
6/22/2020 14:00,383352,57379,160138,,,
6/22/2020 14:30,384423,59100,166818,,,
6/22/2020 15:00,399659,61581,176221,,,
6/22/2020 15:30,414395,69160,159843,,,
6/22/2020 16:00,373373,58870,177874,,,
6/22/2020 16:30,405242,57711,153185,,,
6/22/2020 17:00,335392,50651,128540,,,
6/22/2020 17:30,268102,34841,113753,,,
6/22/2020 18:00,199319,25640,82976,,,
6/22/2020 18:30,182900,26010,56035,,,
6/22/2020 19:00,178427,27863,44908,,,
6/22/2020 19:30,155777,22493,41746,,,
6/23/2020 0:00,,,,,,
6/23/2020 0:30,,,,,,
6/23/2020 1:00,,,,,,
6/23/2020 1:30,,,,,,
6/23/2020 2:00,,,,,,
6/23/2020 2:30,,,,,,
6/23/2020 3:00,,,,,,
6/23/2020 3:30,,,,,,
6/23/2020 4:00,,,,,,
6/23/2020 4:30,,,,,,
6/23/2020 5:00,,,,,,
6/23/2020 5:30,,,,,,
6/23/2020 6:00,,,,,,
6/23/2020 6:30,,,,,,
6/23/2020 7:00,6239,924,2576,,,
6/23/2020 7:30,20959,4756,6264,,,
6/23/2020 8:00,45222,8283,12892,,,
6/23/2020 8:30,92520,13574,30658,,,
6/23/2020 9:00,160767,29003,57779,,,
6/23/2020 9:30,198021,34872,77124,,,
6/23/2020 10:00,249262,34067,134966,,,
6/23/2020 10:30,314586,50094,117924,,,
6/23/2020 11:00,299786,46337,143553,,,
6/23/2020 11:30,323563,48717,146055,,,
6/23/2020 12:00,327036,44190,126064,,,
6/23/2020 12:30,333341,49745,128951,,,
6/23/2020 13:00,332918,47469,162361,,,
6/23/2020 13:30,355637,45013,134234,,,
6/23/2020 14:00,356453,49722,146687,,,
6/23/2020 14:30,391798,55615,145446,,,
6/23/2020 15:00,343626,58426,147469,,,
6/23/2020 15:30,404654,54220,148927,,,
6/23/2020 16:00,341523,56352,146029,,,
6/23/2020 16:30,336431,44751,118337,,,
6/23/2020 17:00,265524,43024,119759,,,
6/23/2020 17:30,264992,43769,95642,,,
6/23/2020 18:00,192104,26994,85425,,,
6/23/2020 18:30,186592,31710,70394,,,
6/23/2020 19:00,125341,18694,43077,,,
6/23/2020 19:30,123082,15951,33365,,,
6/24/2020 0:00,,,,,,
6/24/2020 0:30,,,,,,
6/24/2020 1:00,,,,,,
6/24/2020 1:30,,,,,,
6/24/2020 2:00,,,,,,
6/24/2020 2:30,,,,,,
6/24/2020 3:00,,,,,,
6/24/2020 3:30,,,,,,
6/24/2020 4:00,,,,,,
6/24/2020 4:30,,,,,,
6/24/2020 5:00,,,,,,
6/24/2020 5:30,,,,,,
6/24/2020 6:00,,,,,,
6/24/2020 6:30,,,,,,
6/24/2020 7:00,6113,1220,780,,,
6/24/2020 7:30,15539,1850,2353,,,
6/24/2020 8:00,50801,4221,21384,,,
6/24/2020 8:30,79167,11621,32886,,,
6/24/2020 9:00,131405,25020,58577,,,
6/24/2020 9:30,187220,29333,83107,,,
6/24/2020 10:00,219228,32760,120712,,,
6/24/2020 10:30,269493,35356,117011,,,
6/24/2020 11:00,283110,45529,125938,,,
6/24/2020 11:30,286344,44803,131139,,,
6/24/2020 12:00,306850,49869,169475,,,
6/24/2020 12:30,328528,48130,154974,,,
6/24/2020 13:00,278844,45214,114472,,,
6/24/2020 13:30,329581,41170,147760,,,
6/24/2020 14:00,326136,49692,132598,,,
6/24/2020 14:30,339768,50324,137353,,,
6/24/2020 15:00,343100,50753,146084,,,
6/24/2020 15:30,370426,58994,151076,,,
6/24/2020 16:00,327948,53165,117685,,,
6/24/2020 16:30,273655,40506,112350,,,
6/24/2020 17:00,254544,30970,96551,,,
6/24/2020 17:30,214949,36184,94746,,,
6/24/2020 18:00,167278,24106,61243,,,
6/24/2020 18:30,176934,26468,51954,,,
6/24/2020 19:00,117548,16457,39722,,,
6/24/2020 19:30,116412,19192,39504,,,
6/25/2020 0:00,,,,,,
6/25/2020 0:30,,,,,,
6/25/2020 1:00,,,,,,
6/25/2020 1:30,,,,,,
6/25/2020 2:00,,,,,,
6/25/2020 2:30,,,,,,
6/25/2020 3:00,,,,,,
6/25/2020 3:30,,,,,,
6/25/2020 4:00,,,,,,
6/25/2020 4:30,,,,,,
6/25/2020 5:00,,,,,,
6/25/2020 5:30,,,,,,
6/25/2020 6:00,,,,,,
6/25/2020 6:30,,,,,,
6/25/2020 7:00,4593,442,944,,,
6/25/2020 7:30,10399,2842,2496,,,
6/25/2020 8:00,49772,5142,49149,,,
6/25/2020 8:30,75290,16928,27711,,,
6/25/2020 9:00,124582,14050,45753,,,
6/25/2020 9:30,169230,22826,56819,,,
6/25/2020 10:00,204001,24874,103761,,,
6/25/2020 10:30,238290,36989,118402,,,
6/25/2020 11:00,258046,42564,101507,,,
6/25/2020 11:30,271938,39473,142796,,,
6/25/2020 12:00,290203,53291,155884,,,
6/25/2020 12:30,289814,47537,156520,,,
6/25/2020 13:00,279713,39111,120868,,,
6/25/2020 13:30,279139,41513,161206,,,
6/25/2020 14:00,282315,40586,116689,,,
6/25/2020 14:30,277183,53164,141672,,,
6/25/2020 15:00,307708,40652,105477,,,
6/25/2020 15:30,304524,45496,137739,,,
6/25/2020 16:00,267983,35171,106460,,,
6/25/2020 16:30,280008,40030,110204,,,
6/25/2020 17:00,280593,35381,98744,,,
6/25/2020 17:30,208115,28097,75490,,,
6/25/2020 18:00,168658,25358,59174,,,
6/25/2020 18:30,135822,20367,42786,,,
6/25/2020 19:00,110398,22627,35360,,,
6/25/2020 19:30,100313,16897,24314,,,
6/26/2020 0:00,,,,,,
6/26/2020 0:30,,,,,,
6/26/2020 1:00,,,,,,
6/26/2020 1:30,,,,,,
6/26/2020 2:00,,,,,,
6/26/2020 2:30,,,,,,
6/26/2020 3:00,,,,,,
6/26/2020 3:30,,,,,,
6/26/2020 4:00,,,,,,
6/26/2020 4:30,,,,,,
6/26/2020 5:00,,,,,,
6/26/2020 5:30,,,,,,
6/26/2020 6:00,,,,,,
6/26/2020 6:30,24,0,125,,,
6/26/2020 7:00,5801,586,1074,,,
6/26/2020 7:30,10074,1029,7931,,,
6/26/2020 8:00,44675,9482,34893,,,
6/26/2020 8:30,72247,10118,26400,,,
6/26/2020 9:00,126832,20116,55262,,,
6/26/2020 9:30,161142,25674,72271,,,
6/26/2020 10:00,204337,26445,79892,,,
6/26/2020 10:30,220729,27718,380433,,,
6/26/2020 11:00,279789,40159,369275,,,
6/26/2020 11:30,293226,46116,374323,,,
6/26/2020 12:00,300030,41755,849547,,,
6/26/2020 12:30,297339,43249,128068,,,
6/26/2020 13:00,306905,45594,385007,,,
6/26/2020 13:30,291086,52293,612165,,,
6/26/2020 14:00,285118,48562,114016,,,
6/26/2020 14:30,354499,60557,370093,,,
6/26/2020 15:00,337866,56728,591800,,,
6/26/2020 15:30,362112,41634,1055807,,,
6/26/2020 16:00,317451,48874,342557,,,
6/26/2020 16:30,298269,46300,565293,,,
6/26/2020 17:00,247223,32850,761501,,,
6/26/2020 17:30,203484,33832,526087,,,
6/26/2020 18:00,162927,19841,1135642,,,
6/26/2020 18:30,120472,18813,693746,,,
6/26/2020 19:00,83661,17915,29303,,,
6/26/2020 19:30,74692,12093,16156,,,
6/26/2020 20:00,59850,10067,216481,,,
6/26/2020 20:30,27332,2944,5303,,,
6/26/2020 21:00,19181,3449,3098,,,
6/26/2020 21:30,22555,2694,2925,,,
6/26/2020 22:00,12758,1019,181,,,
6/26/2020 22:30,,,,,,
6/26/2020 23:00,,,,,,
6/26/2020 23:30,,,,,,
6/29/2020 6:30,2,0,13,,,
6/29/2020 7:00,16108,877,3437,,,
6/29/2020 7:30,23777,3230,15283,,,
6/29/2020 8:00,72578,9374,25155,,,
6/29/2020 8:30,120216,15980,41451,,,
6/29/2020 9:00,182214,30240,83036,,,
6/29/2020 9:30,265430,43648,112555,,,
6/29/2020 10:00,286573,38247,118527,,,
6/29/2020 10:30,319543,39405,130127,,,
6/29/2020 11:00,351235,61814,148592,,,
6/29/2020 11:30,333831,50847,148603,,,
6/29/2020 12:00,387857,54139,177822,,,
6/29/2020 12:30,402722,67269,202805,,,
6/29/2020 13:00,368317,58316,190619,,,
6/29/2020 13:30,389343,53106,163216,,,
6/29/2020 14:00,359104,59935,169056,,,
6/29/2020 14:30,428639,75160,154766,,,
6/29/2020 15:00,396694,62295,149130,,,
6/29/2020 15:30,414074,65610,173797,,,
6/29/2020 16:00,413761,63140,152133,,,
6/29/2020 16:30,357971,51675,134585,,,
6/29/2020 17:00,276137,49123,114217,,,
6/29/2020 17:30,255379,36685,102336,,,
6/29/2020 18:00,214575,33142,81789,,,
6/29/2020 18:30,199102,25260,71203,,,
6/29/2020 19:00,152119,19809,45398,,,
6/29/2020 19:30,108327,19796,31180,,,
6/30/2020 0:00,,,,,,
6/30/2020 0:30,,,,,,
6/30/2020 1:00,,,,,,
6/30/2020 1:30,,,,,,
6/30/2020 2:00,,,,,,
6/30/2020 2:30,,,,,,
6/30/2020 3:00,,,,,,
6/30/2020 3:30,,,,,,
6/30/2020 4:00,,,,,,
6/30/2020 4:30,,,,,,
6/30/2020 5:00,,,,,,
6/30/2020 5:30,,,,,,
6/30/2020 6:00,,,,,,
6/30/2020 6:30,,,,,,
6/30/2020 7:00,6815,605,1299,,,
6/30/2020 7:30,15349,4772,2816,,,
6/30/2020 8:00,44595,8217,17496,,,
6/30/2020 8:30,84378,18387,36923,,,
6/30/2020 9:00,143861,24134,50339,,,
6/30/2020 9:30,177472,25408,69005,,,
6/30/2020 10:00,227184,37962,99599,,,
6/30/2020 10:30,269156,42731,115171,,,
6/30/2020 11:00,289235,39287,115239,,,
6/30/2020 11:30,310133,42196,142603,,,
6/30/2020 12:00,334911,47081,142672,,,
6/30/2020 12:30,330277,43329,147346,,,
6/30/2020 13:00,331051,52446,128399,,,
6/30/2020 13:30,334396,60393,143771,,,
6/30/2020 14:00,318817,44744,124254,,,
6/30/2020 14:30,362059,54809,144557,,,
6/30/2020 15:00,358762,45904,162002,,,
6/30/2020 15:30,371201,54628,158773,,,
6/30/2020 16:00,350485,60190,160782,,,
6/30/2020 16:30,320289,51404,135123,,,
6/30/2020 17:00,297950,44283,114082,,,
6/30/2020 17:30,226290,39571,96766,,,
6/30/2020 18:00,213662,31352,78417,,,
6/30/2020 18:30,182306,31139,63308,,,
6/30/2020 19:00,148972,21657,45762,,,
6/30/2020 19:30,123088,20813,35628,,,
7/1/2020 0:00,,,,,,
7/1/2020 0:30,,,,,,
7/1/2020 1:00,,,,,,
7/1/2020 1:30,,,,,,
7/1/2020 2:00,,,,,,
7/1/2020 2:30,,,,,,
7/1/2020 3:00,,,,,,
7/1/2020 3:30,,,,,,
7/1/2020 4:00,,,,,,
7/1/2020 4:30,,,,,,
7/1/2020 5:00,,,,,,
7/1/2020 5:30,,,,,,
7/1/2020 6:00,,,,,,
7/1/2020 6:30,,,,,,
7/1/2020 7:00,12462,2425,3901,,,
7/1/2020 7:30,14605,4381,4455,,,
7/1/2020 8:00,52876,5312,17355,,,
7/1/2020 8:30,99204,18130,29966,,,
7/1/2020 9:00,138388,21485,57914,,,
7/1/2020 9:30,200091,35071,87206,,,
7/1/2020 10:00,222650,31725,79511,,,
7/1/2020 10:30,275792,35497,103680,,,
7/1/2020 11:00,310555,39643,118434,,,
7/1/2020 11:30,339511,51487,131247,,,
7/1/2020 12:00,338580,50555,134890,,,
7/1/2020 12:30,299718,42017,124320,,,
7/1/2020 13:00,316896,44743,121645,,,
7/1/2020 13:30,318715,49182,144538,,,
7/1/2020 14:00,312021,52735,126331,,,
7/1/2020 14:30,341312,54671,135962,,,
7/1/2020 15:00,343305,61887,149306,,,
7/1/2020 15:30,352013,51565,136776,,,
7/1/2020 16:00,301052,49557,107454,,,
7/1/2020 16:30,295043,46277,121154,,,
7/1/2020 17:00,249553,36532,111113,,,
7/1/2020 17:30,239012,30956,87173,,,
7/1/2020 18:00,174969,28131,79616,,,
7/1/2020 18:30,175384,19940,68621,,,
7/1/2020 19:00,127842,20198,38486,,,
7/1/2020 19:30,113453,11051,26187,,,
7/2/2020 0:00,,,,,,
7/2/2020 0:30,,,,,,
7/2/2020 1:00,,,,,,
7/2/2020 1:30,,,,,,
7/2/2020 2:00,,,,,,
7/2/2020 2:30,,,,,,
7/2/2020 3:00,,,,,,
7/2/2020 3:30,,,,,,
7/2/2020 4:00,,,,,,
7/2/2020 4:30,,,,,,
7/2/2020 5:00,,,,,,
7/2/2020 5:30,,,,,,
7/2/2020 6:00,,,,,,
7/2/2020 6:30,,,,,,
7/2/2020 7:00,6061,961,1799,,,
7/2/2020 7:30,15066,3984,8118,,,
7/2/2020 8:00,43378,7150,20799,,,
7/2/2020 8:30,79958,16514,21801,,,
7/2/2020 9:00,119315,16573,46287,,,
7/2/2020 9:30,224177,36804,87805,,,
7/2/2020 10:00,243308,33781,111298,,,
7/2/2020 10:30,251366,33800,100637,,,
7/2/2020 11:00,305752,47360,122829,,,
7/2/2020 11:30,291705,46671,108660,,,
7/2/2020 12:00,314826,44614,129699,,,
7/2/2020 12:30,306561,46642,134090,,,
7/2/2020 13:00,313992,46513,114638,,,
7/2/2020 13:30,267930,39289,98186,,,
7/2/2020 14:00,299100,46881,114092,,,
7/2/2020 14:30,344039,57559,146710,,,
7/2/2020 15:00,351468,59865,143098,,,
7/2/2020 15:30,369692,55223,133790,,,
7/2/2020 16:00,297080,40177,105584,,,
7/2/2020 16:30,280866,47186,101635,,,
7/2/2020 17:00,236157,30600,85294,,,
7/2/2020 17:30,224025,31218,60312,,,
7/2/2020 18:00,95804,10641,14649,,,
7/2/2020 18:30,6097,3290,931,,,
7/2/2020 19:00,53,0,1252,,,
7/2/2020 19:30,,,,,,
7/2/2020 20:00,,,,,,
7/2/2020 20:30,,,,,,
7/2/2020 21:00,,,,,,
7/2/2020 21:30,,,,,,
7/2/2020 22:00,,,,,,
7/2/2020 22:30,,,,,,
7/2/2020 23:00,,,,,,
7/2/2020 23:30,,,,,,
7/6/2020 0:00,,,,,,
7/6/2020 0:30,,,,,,
7/6/2020 1:00,,,,,,
7/6/2020 1:30,,,,,,
7/6/2020 2:00,,,,,,
7/6/2020 2:30,,,,,,
7/6/2020 3:00,,,,,,
7/6/2020 3:30,,,,,,
7/6/2020 4:00,,,,,,
7/6/2020 4:30,,,,,,
7/6/2020 5:00,,,,,,
7/6/2020 5:30,,,,,,
7/6/2020 6:00,,,,,,
7/6/2020 6:30,32,0,15,,,
7/6/2020 7:00,10429,1297,2942,,,
7/6/2020 7:30,16749,2419,5049,,,
7/6/2020 8:00,75467,10127,21468,,,
7/6/2020 8:30,134484,27028,45616,,,
7/6/2020 9:00,195623,30989,75303,,,
7/6/2020 9:30,273205,36979,101697,,,
7/6/2020 10:00,292062,49964,108773,,,
7/6/2020 10:30,338098,57793,150191,,,
7/6/2020 11:00,376637,64788,156280,,,
7/6/2020 11:30,389571,68967,169062,,,
7/6/2020 12:00,389353,66149,150625,,,
7/6/2020 12:30,399479,72241,170449,,,
7/6/2020 13:00,386361,57453,138891,,,
7/6/2020 13:30,441724,61713,156732,,,
7/6/2020 14:00,401665,67710,158229,,,
7/6/2020 14:30,408369,53631,180206,,,
7/6/2020 15:00,409657,58336,161713,,,
7/6/2020 15:30,430158,64690,170501,,,
7/6/2020 16:00,412645,61716,156773,,,
7/6/2020 16:30,399838,67889,158625,,,
7/6/2020 17:00,381413,71027,138243,,,
7/6/2020 17:30,304884,47853,118655,,,
7/6/2020 18:00,230565,37235,77097,,,
7/6/2020 18:30,212758,31519,73854,,,
7/6/2020 19:00,166453,34450,52254,,,
7/6/2020 19:30,154163,23795,45906,,,
7/7/2020 0:00,,,,,,
7/7/2020 0:30,,,,,,
7/7/2020 1:00,,,,,,
7/7/2020 1:30,,,,,,
7/7/2020 2:00,,,,,,
7/7/2020 2:30,,,,,,
7/7/2020 3:00,,,,,,
7/7/2020 3:30,,,,,,
7/7/2020 4:00,,,,,,
7/7/2020 4:30,,,,,,
7/7/2020 5:00,,,,,,
7/7/2020 5:30,,,,,,
7/7/2020 6:00,,,,,,
7/7/2020 6:30,,,,,,
7/7/2020 7:00,13257,629,3634,,,
7/7/2020 7:30,28756,5075,5890,,,
7/7/2020 8:00,78557,7551,22170,,,
7/7/2020 8:30,121887,17813,46396,,,
7/7/2020 9:00,193320,29692,74678,,,
7/7/2020 9:30,237791,47249,97187,,,
7/7/2020 10:00,263998,39085,108766,,,
7/7/2020 10:30,354776,52239,131640,,,
7/7/2020 11:00,312192,45184,159657,,,
7/7/2020 11:30,366653,65048,148462,,,
7/7/2020 12:00,386463,62126,200944,,,
7/7/2020 12:30,399243,59380,197254,,,
7/7/2020 13:00,381412,50787,133443,,,
7/7/2020 13:30,373875,57389,171622,,,
7/7/2020 14:00,363181,65366,153147,,,
7/7/2020 14:30,397733,59250,154060,,,
7/7/2020 15:00,417928,69492,171061,,,
7/7/2020 15:30,425191,70060,164833,,,
7/7/2020 16:00,396918,62254,158506,,,
7/7/2020 16:30,362548,57335,150658,,,
7/7/2020 17:00,308653,51403,119440,,,
7/7/2020 17:30,257113,33395,105122,,,
7/7/2020 18:00,236400,29834,81600,,,
7/7/2020 18:30,181282,24668,66745,,,
7/7/2020 19:00,145771,20222,55238,,,
7/7/2020 19:30,121372,17638,31571,,,
7/8/2020 7:00,7342,937,1997,,,
7/8/2020 7:30,13996,4330,4665,,,
7/8/2020 8:00,49998,4434,23878,,,
7/8/2020 8:30,93710,13746,35786,,,
7/8/2020 9:00,146841,23635,63065,,,
7/8/2020 9:30,214613,30939,103868,,,
7/8/2020 10:00,220564,33699,127763,,,
7/8/2020 10:30,280434,39532,142326,,,
7/8/2020 11:00,261567,29461,156360,,,
7/8/2020 11:30,334118,49643,149645,,,
7/8/2020 12:00,357312,55700,169175,,,
7/8/2020 12:30,323396,41705,172706,,,
7/8/2020 13:00,322734,53888,167769,,,
7/8/2020 13:30,347636,55743,144418,,,
7/8/2020 14:00,375736,62294,164603,,,
7/8/2020 14:30,380760,62222,154800,,,
7/8/2020 15:00,394110,60908,175903,,,
7/8/2020 15:30,394554,58017,157093,,,
7/8/2020 16:00,369198,61704,147539,,,
7/8/2020 16:30,339484,43186,146959,,,
7/8/2020 17:00,291808,60203,128232,,,
7/8/2020 17:30,257966,43168,99476,,,
7/8/2020 18:00,233141,35282,73906,,,
7/8/2020 18:30,175398,34814,64085,,,
7/8/2020 19:00,121234,19305,51638,,,
7/8/2020 19:30,131126,22404,35830,,,
7/9/2020 7:00,11444,1622,1950,,,
7/9/2020 7:30,16050,2636,2259,,,
7/9/2020 8:00,44462,3799,16233,,,
7/9/2020 8:30,94134,12190,34398,,,
7/9/2020 9:00,147786,27700,54903,,,
7/9/2020 9:30,188848,29721,79707,,,
7/9/2020 10:00,236796,37392,112704,,,
7/9/2020 10:30,289452,39316,112735,,,
7/9/2020 11:00,286019,37305,144463,,,
7/9/2020 11:30,337876,46780,149893,,,
7/9/2020 12:00,337708,51344,145589,,,
7/9/2020 12:30,331152,52893,139633,,,
7/9/2020 13:00,304552,53817,151941,,,
7/9/2020 13:30,372123,52328,145360,,,
7/9/2020 14:00,317317,49244,124808,,,
7/9/2020 14:30,372919,59928,160900,,,
7/9/2020 15:00,353216,56802,148674,,,
7/9/2020 15:30,360480,56707,133043,,,
7/9/2020 16:00,378991,57051,134616,,,
7/9/2020 16:30,327194,56378,136513,,,
7/9/2020 17:00,267681,46030,119340,,,
7/9/2020 17:30,266904,42230,95334,,,
7/9/2020 18:00,194775,31116,70677,,,
7/9/2020 18:30,189557,31330,56630,,,
7/9/2020 19:00,135104,23165,45545,,,
7/9/2020 19:30,120870,20812,36106,,,
7/10/2020 7:00,10584,1855,3558,,,
7/10/2020 7:30,22409,3826,5957,,,
7/10/2020 8:00,44356,7005,19106,,,
7/10/2020 8:30,95092,15190,33275,,,
7/10/2020 9:00,137367,20836,53678,,,
7/10/2020 9:30,205511,26400,80420,,,
7/10/2020 10:00,245382,32641,103214,,,
7/10/2020 10:30,297064,47147,140774,,,
7/10/2020 11:00,315011,42784,144750,,,
7/10/2020 11:30,360720,58422,207225,,,
7/10/2020 12:00,358719,50082,196566,,,
7/10/2020 12:30,354426,49771,155063,,,
7/10/2020 13:00,343855,54970,141388,,,
7/10/2020 13:30,359653,62091,159689,,,
7/10/2020 14:00,346414,53245,148890,,,
7/10/2020 14:30,403324,57380,159710,,,
7/10/2020 15:00,362150,55536,140016,,,
7/10/2020 15:30,436632,72559,162296,,,
7/10/2020 16:00,391161,62814,181288,,,
7/10/2020 16:30,400274,55077,145654,,,
7/10/2020 17:00,270136,44173,107072,,,
7/10/2020 17:30,260148,42194,83187,,,
7/10/2020 18:00,222839,41912,142751,,,
7/10/2020 18:30,171998,33821,68485,,,
7/10/2020 19:00,128349,22443,46604,,,
7/10/2020 19:30,98815,16822,27275,,,
7/10/2020 20:00,81414,10297,15682,,,
7/10/2020 20:30,34129,4026,7253,,,
7/10/2020 21:00,29554,5156,4145,,,
7/10/2020 21:30,17351,1604,2399,,,
7/10/2020 22:00,20004,1902,622,,,
7/11/2020 7:30,49,0,11,,,
7/11/2020 8:00,13,0,12,,,
7/11/2020 9:30,21,0,5,,,
7/11/2020 12:30,62,0,11375,,,
7/11/2020 13:30,162,0,16,,,
7/11/2020 14:00,111,0,157,,,
7/12/2020 17:00,72,0,54,,,
7/13/2020 7:00,13584,1836,2602,,,
7/13/2020 7:30,15563,3104,4127,,,
7/13/2020 8:00,83918,9908,46860,,,
7/13/2020 8:30,161830,28810,58711,,,
7/13/2020 9:00,230154,40755,101515,,,
7/13/2020 9:30,305460,47763,115054,,,
7/13/2020 10:00,336049,60946,133163,,,
7/13/2020 10:30,395247,59621,212858,,,
7/13/2020 11:00,437303,70070,200245,,,
7/13/2020 11:30,446428,72024,191887,,,
7/13/2020 12:00,407217,72534,216796,,,
7/13/2020 12:30,446623,74454,225379,,,
7/13/2020 13:00,454736,70087,198969,,,
7/13/2020 13:30,462148,67227,183679,,,
7/13/2020 14:00,428332,79912,159248,,,
7/13/2020 14:30,471007,71591,204198,,,
7/13/2020 15:00,477124,71309,167895,,,
7/13/2020 15:30,474871,79158,181431,,,
7/13/2020 16:00,448984,70902,172707,,,
7/13/2020 16:30,487739,71569,216934,,,
7/13/2020 17:00,465244,73972,161529,,,
7/13/2020 17:30,314009,53198,135547,,,
7/13/2020 18:00,273591,44675,90986,,,
7/13/2020 18:30,241260,29741,77357,,,
7/13/2020 19:00,208049,35999,60271,,,
7/13/2020 19:30,169320,28974,42760,,,
7/14/2020 7:00,10687,1476,11709,,,
7/14/2020 7:30,18775,2161,5724,,,
7/14/2020 8:00,77999,13049,31795,,,
7/14/2020 8:30,125975,23949,58126,,,
7/14/2020 9:00,201784,29038,75071,,,
7/14/2020 9:30,273820,43893,97128,,,
7/14/2020 10:00,289684,41169,102216,,,
7/14/2020 10:30,326637,43946,157793,,,
7/14/2020 11:00,369139,63293,160112,,,
7/14/2020 11:30,403863,60485,177917,,,
7/14/2020 12:00,398732,75965,164579,,,
7/14/2020 12:30,392106,56688,154648,,,
7/14/2020 13:00,395575,66860,231077,,,
7/14/2020 13:30,416796,64125,167771,,,
7/14/2020 14:00,413116,70023,165439,,,
7/14/2020 14:30,432510,66839,173518,,,
7/14/2020 15:00,424699,58714,162241,,,
7/14/2020 15:30,453919,72430,191784,,,
7/14/2020 16:00,428225,66217,172022,,,
7/14/2020 16:30,361243,56879,137048,,,
7/14/2020 17:00,334940,54416,130988,,,
7/14/2020 17:30,260642,46868,102673,,,
7/14/2020 18:00,239583,32264,90621,,,
7/14/2020 18:30,225151,32119,77517,,,
7/14/2020 19:00,144072,22154,43283,,,
7/14/2020 19:30,148954,22079,39280,,,
7/15/2020 7:00,8381,773,2172,,,
7/15/2020 7:30,23664,3083,6283,,,
7/15/2020 8:00,69046,7606,21781,,,
7/15/2020 8:30,132610,22834,65438,,,
7/15/2020 9:00,192963,30918,85701,,,
7/15/2020 9:30,231941,36770,102613,,,
7/15/2020 10:00,245606,40925,112953,,,
7/15/2020 10:30,344186,55189,188364,,,
7/15/2020 11:00,354324,62790,160524,,,
7/15/2020 11:30,361207,57547,208933,,,
7/15/2020 12:00,395779,53462,186747,,,
7/15/2020 12:30,348235,56292,139765,,,
7/15/2020 13:00,396814,63196,198889,,,
7/15/2020 13:30,374878,62450,175496,,,
7/15/2020 14:00,395892,58999,169236,,,
7/15/2020 14:30,407646,68673,190044,,,
7/15/2020 15:00,428956,75006,159190,,,
7/15/2020 15:30,414163,66483,171343,,,
7/15/2020 16:00,373455,66838,168729,,,
7/15/2020 16:30,400021,60378,150530,,,
7/15/2020 17:00,284920,41950,127195,,,
7/15/2020 17:30,252321,37294,109699,,,
7/15/2020 18:00,249498,37561,75608,,,
7/15/2020 18:30,178387,31722,64771,,,
7/15/2020 19:00,135306,25685,39672,,,
7/15/2020 19:30,122652,21583,33870,,,
7/16/2020 7:00,6661,983,2146,,,
7/16/2020 7:30,16216,2127,2580,,,
7/16/2020 8:00,53083,4708,20133,,,
7/16/2020 8:30,88825,10227,35204,,,
7/16/2020 9:00,142676,20743,56171,,,
7/16/2020 9:30,217253,25829,88985,,,
7/16/2020 10:00,251909,31822,125509,,,
7/16/2020 10:30,279268,35539,132431,,,
7/16/2020 11:00,311067,45898,136431,,,
7/16/2020 11:30,327732,49014,152700,,,
7/16/2020 12:00,318326,40889,145050,,,
7/16/2020 12:30,325211,48614,147655,,,
7/16/2020 13:00,343674,46650,217931,,,
7/16/2020 13:30,306263,44744,138629,,,
7/16/2020 14:00,357198,56244,146979,,,
7/16/2020 14:30,364886,53549,152548,,,
7/16/2020 15:00,331916,55647,160961,,,
7/16/2020 15:30,379177,65127,147491,,,
7/16/2020 16:00,367087,48464,157541,,,
7/16/2020 16:30,333451,48458,128109,,,
7/16/2020 17:00,284628,49349,111336,,,
7/16/2020 17:30,244250,35229,98759,,,
7/16/2020 18:00,214887,34396,82415,,,
7/16/2020 18:30,165304,22596,53614,,,
7/16/2020 19:00,124924,23381,47812,,,
7/16/2020 19:30,106511,18680,34053,,,
7/17/2020 7:00,7274,851,970,,,
7/17/2020 7:30,10107,172,2921,,,
7/17/2020 8:00,43951,6138,17880,,,
7/17/2020 8:30,81521,10264,29139,,,
7/17/2020 9:00,137667,22468,70030,,,
7/17/2020 9:30,164967,24800,76692,,,
7/17/2020 10:00,240804,32854,98128,,,
7/17/2020 10:30,272036,38695,116403,,,
7/17/2020 11:00,301303,47668,118199,,,
7/17/2020 11:30,302063,39648,127303,,,
7/17/2020 12:00,320107,50862,158102,,,
7/17/2020 12:30,351480,58512,165857,,,
7/17/2020 13:00,334874,51417,149387,,,
7/17/2020 13:30,322599,57589,145285,,,
7/17/2020 14:00,320075,50913,132002,,,
7/17/2020 14:30,367344,51482,138151,,,
7/17/2020 15:00,380652,49623,145166,,,
7/17/2020 15:30,381226,46571,131811,,,
7/17/2020 16:00,331442,57757,134399,,,
7/17/2020 16:30,345647,48227,152660,,,
7/17/2020 17:00,273315,42713,118894,,,
7/17/2020 17:30,206717,34573,76445,,,
7/17/2020 18:00,199587,31064,72471,,,
7/17/2020 18:30,175866,22125,244238,,,
7/17/2020 19:00,137033,16212,34162,,,
7/17/2020 19:30,100646,14947,24899,,,
7/17/2020 20:00,67742,7855,15412,,,
7/17/2020 20:30,33871,6197,5671,,,
7/17/2020 21:00,34338,3185,4434,,,
7/17/2020 21:30,15536,1064,2895,,,
7/17/2020 22:00,4646,325,187,,,
7/19/2020 7:30,39,0,123,,,
7/19/2020 8:00,109,0,75,,,
7/19/2020 8:30,10,0,4,,,
7/19/2020 10:00,114,0,14,,,
7/19/2020 10:30,47,0,622,,,
7/19/2020 13:30,14,0,7,,,
7/20/2020 6:00,,,,,,
7/20/2020 7:00,16641,1449,13487,,,
7/20/2020 7:30,24304,5762,7566,,,
7/20/2020 8:00,68762,5845,24914,,,
7/20/2020 8:30,137427,23780,56804,,,
7/20/2020 9:00,188726,29149,109967,,,
7/20/2020 9:30,268159,37267,110323,,,
7/20/2020 10:00,293371,44672,117026,,,
7/20/2020 10:30,371685,51600,166537,,,
7/20/2020 11:00,342194,60760,163248,,,
7/20/2020 11:30,417989,60977,222749,,,
7/20/2020 12:00,395114,66826,182885,,,
7/20/2020 12:30,425288,63497,182721,,,
7/20/2020 13:00,371263,56055,150300,,,
7/20/2020 13:30,395233,62889,176539,,,
7/20/2020 14:00,408159,66553,173219,,,
7/20/2020 14:30,389682,58780,173895,,,
7/20/2020 15:00,396429,61024,164125,,,
7/20/2020 15:30,448059,76874,190041,,,
7/20/2020 16:00,425646,61505,174054,,,
7/20/2020 16:30,371572,51902,138725,,,
7/20/2020 17:00,411006,60333,153805,,,
7/20/2020 17:30,300622,31327,139566,,,
7/20/2020 18:00,243454,38203,94579,,,
7/20/2020 18:30,184990,23712,80397,,,
7/20/2020 19:00,175476,28112,46007,,,
7/20/2020 19:30,150649,20386,40372,,,
7/21/2020 7:00,13011,1361,2857,,,
7/21/2020 7:30,19390,1564,9367,,,
7/21/2020 8:00,57760,6775,24501,,,
7/21/2020 8:30,93319,12679,54762,,,
7/21/2020 9:00,168857,21382,63987,,,
7/21/2020 9:30,220471,28654,92569,,,
7/21/2020 10:00,280170,33720,124032,,,
7/21/2020 10:30,297727,38814,143645,,,
7/21/2020 11:00,330423,52262,146221,,,
7/21/2020 11:30,372277,54556,164031,,,
7/21/2020 12:00,340251,45253,157830,,,
7/21/2020 12:30,322057,46066,144577,,,
7/21/2020 13:00,340267,54168,122516,,,
7/21/2020 13:30,358071,49094,121854,,,
7/21/2020 14:00,387732,59631,159257,,,
7/21/2020 14:30,403314,65231,165060,,,
7/21/2020 15:00,402600,49428,170832,,,
7/21/2020 15:30,401022,54368,165640,,,
7/21/2020 16:00,404175,61553,136259,,,
7/21/2020 16:30,346330,55970,155593,,,
7/21/2020 17:00,289747,43614,112747,,,
7/21/2020 17:30,267001,31410,119623,,,
7/21/2020 18:00,219661,28147,90570,,,
7/21/2020 18:30,190764,23354,60542,,,
7/21/2020 19:00,126940,16174,45907,,,
7/21/2020 19:30,109322,13214,34785,,,
7/22/2020 6:30,2,0,207,,,
7/22/2020 7:00,9304,772,762,,,
7/22/2020 7:30,14600,2602,3986,,,
7/22/2020 8:00,45779,6441,19549,,,
7/22/2020 8:30,108410,14510,34671,,,
7/22/2020 9:00,143129,16783,56652,,,
7/22/2020 9:30,178247,26317,102285,,,
7/22/2020 10:00,242733,35677,130847,,,
7/22/2020 10:30,284337,49154,122704,,,
7/22/2020 11:00,295392,37259,176568,,,
7/22/2020 11:30,323628,49490,142785,,,
7/22/2020 12:00,364742,45452,145988,,,
7/22/2020 12:30,330965,42298,134135,,,
7/22/2020 13:00,334303,43681,181547,,,
7/22/2020 13:30,339966,40913,174172,,,
7/22/2020 14:00,371686,51660,141707,,,
7/22/2020 14:30,366353,54272,151747,,,
7/22/2020 15:00,346986,45110,123451,,,
7/22/2020 15:30,379849,50589,149244,,,
7/22/2020 16:00,325096,44452,127510,,,
7/22/2020 16:30,312534,42565,181277,,,
7/22/2020 17:00,266875,37225,122063,,,
7/22/2020 17:30,243268,30959,87333,,,
7/22/2020 18:00,222587,30076,84338,,,
7/22/2020 18:30,163863,22495,65408,,,
7/22/2020 19:00,134840,18567,49105,,,
7/22/2020 19:30,102384,14686,35099,,,
7/23/2020 7:00,5530,995,536,,,
7/23/2020 7:30,13010,2549,1935,,,
7/23/2020 8:00,37083,3870,17583,,,
7/23/2020 8:30,87861,12925,33138,,,
7/23/2020 9:00,123252,16111,49433,,,
7/23/2020 9:30,179434,24325,82169,,,
7/23/2020 10:00,213683,27945,88082,,,
7/23/2020 10:30,268131,38219,113515,,,
7/23/2020 11:00,295700,40443,112968,,,
7/23/2020 11:30,318604,49959,141554,,,
7/23/2020 12:00,325186,41891,137105,,,
7/23/2020 12:30,327566,42829,149115,,,
7/23/2020 13:00,303118,42252,115276,,,
7/23/2020 13:30,292751,42017,124857,,,
7/23/2020 14:00,343330,50014,142154,,,
7/23/2020 14:30,341520,57531,150911,,,
7/23/2020 15:00,335677,52264,138126,,,
7/23/2020 15:30,409457,70138,151969,,,
7/23/2020 16:00,318801,46911,104779,,,
7/23/2020 16:30,331944,57691,133397,,,
7/23/2020 17:00,272857,44369,120017,,,
7/23/2020 17:30,237295,35629,77562,,,
7/23/2020 18:00,181889,22149,71376,,,
7/23/2020 18:30,143765,20553,59402,,,
7/23/2020 19:00,113001,19900,42064,,,
7/23/2020 19:30,103526,12521,28103,,,
7/24/2020 7:00,10391,1621,1823,,,
7/24/2020 7:30,10488,2991,3502,,,
7/24/2020 8:00,36149,7346,18252,,,
7/24/2020 8:30,77082,20397,26086,,,
7/24/2020 9:00,135834,24768,55169,,,
7/24/2020 9:30,176688,32636,69895,,,
7/24/2020 10:00,225958,34833,98064,,,
7/24/2020 10:30,261577,38452,123529,,,
7/24/2020 11:00,258616,34884,110112,,,
7/24/2020 11:30,344884,53963,153309,,,
7/24/2020 12:00,283143,51106,134288,,,
7/24/2020 12:30,340788,42337,145365,,,
7/24/2020 13:00,339411,61030,154354,,,
7/24/2020 13:30,326123,60737,148946,,,
7/24/2020 14:00,365319,58761,141778,,,
7/24/2020 14:30,329635,52238,152447,,,
7/24/2020 15:00,352625,53753,140008,,,
7/24/2020 15:30,356983,54872,149344,,,
7/24/2020 16:00,367615,65256,169688,,,
7/24/2020 16:30,326110,47196,131307,,,
7/24/2020 17:00,246743,36718,94999,,,
7/24/2020 17:30,214675,29841,91616,,,
7/24/2020 18:00,180496,31170,59469,,,
7/24/2020 18:30,154404,27186,44087,,,
7/24/2020 19:00,102079,18541,35397,,,
7/24/2020 19:30,66182,9234,21239,,,
7/24/2020 20:00,41885,4576,9052,,,
7/24/2020 20:30,23118,5640,1728,,,
7/24/2020 21:00,25898,2054,3684,,,
7/24/2020 21:30,24056,1797,4516,,,
7/24/2020 22:00,5323,606,119,,,
7/25/2020 8:30,,,,,,
7/26/2020 15:30,89,0,108,,,
7/26/2020 19:30,23,0,5,,,
7/27/2020 6:30,35,0,564,,,
7/27/2020 7:00,10641,1589,2732,,,
7/27/2020 7:30,17538,4721,3444,,,
7/27/2020 8:00,68019,9329,29132,,,
7/27/2020 8:30,129678,24236,44586,,,
7/27/2020 9:00,184114,30588,74065,,,
7/27/2020 9:30,256439,35866,90346,,,
7/27/2020 10:00,298382,46634,155038,,,
7/27/2020 10:30,359491,51213,137644,,,
7/27/2020 11:00,346795,58950,159146,,,
7/27/2020 11:30,366153,61384,186935,,,
7/27/2020 12:00,397403,61788,173362,,,
7/27/2020 12:30,397599,55438,181280,,,
7/27/2020 13:00,391477,54274,145786,,,
7/27/2020 13:30,385381,66623,169842,,,
7/27/2020 14:00,411302,60905,167093,,,
7/27/2020 14:30,403056,56734,147349,,,
7/27/2020 15:00,392195,62430,163828,,,
7/27/2020 15:30,430648,70873,158148,,,
7/27/2020 16:00,399221,62185,172472,,,
7/27/2020 16:30,376871,55005,138780,,,
7/27/2020 17:00,370114,58553,141133,,,
7/27/2020 17:30,285982,49176,95573,,,
7/27/2020 18:00,226270,34020,100581,,,
7/27/2020 18:30,210468,28463,59670,,,
7/27/2020 19:00,181667,23667,57996,,,
7/27/2020 19:30,131601,20763,33442,,,
7/28/2020 0:00,19,0,6,,,
7/28/2020 7:00,8640,1543,1666,,,
7/28/2020 7:30,9346,2325,2412,,,
7/28/2020 8:00,46883,10552,20459,,,
7/28/2020 8:30,99063,16132,32907,,,
7/28/2020 9:00,176187,40028,68693,,,
7/28/2020 9:30,195531,27689,91294,,,
7/28/2020 10:00,267566,34916,101603,,,
7/28/2020 10:30,293212,43129,126528,,,
7/28/2020 11:00,314330,45510,131555,,,
7/28/2020 11:30,342294,56575,151882,,,
7/28/2020 12:00,338823,61613,163014,,,
7/28/2020 12:30,340264,52202,132419,,,
7/28/2020 13:00,326765,51692,157273,,,
7/28/2020 13:30,325165,57453,121130,,,
7/28/2020 14:00,336160,52076,149869,,,
7/28/2020 14:30,362485,54826,138927,,,
7/28/2020 15:00,318208,53412,137615,,,
7/28/2020 15:30,370840,56939,151619,,,
7/28/2020 16:00,353599,50992,141160,,,
7/28/2020 16:30,324901,43534,138459,,,
7/28/2020 17:00,244907,38238,79304,,,
7/28/2020 17:30,244301,35495,96516,,,
7/28/2020 18:00,210154,28147,68190,,,
7/28/2020 18:30,194661,31276,75940,,,
7/28/2020 19:00,149056,20985,45534,,,
7/28/2020 19:30,121218,19994,26636,,,
7/29/2020 7:00,6090,510,1904,,,
7/29/2020 7:30,12677,2237,2659,,,
7/29/2020 8:00,39511,6629,14915,,,
7/29/2020 8:30,87191,15685,31473,,,
7/29/2020 9:00,121285,16648,78999,,,
7/29/2020 9:30,196771,34429,73719,,,
7/29/2020 10:00,203619,29131,87561,,,
7/29/2020 10:30,263861,50145,126555,,,
7/29/2020 11:00,261952,47854,126631,,,
7/29/2020 11:30,292509,42835,113549,,,
7/29/2020 12:00,319735,48743,131917,,,
7/29/2020 12:30,329429,62232,148585,,,
7/29/2020 13:00,305646,54062,136727,,,
7/29/2020 13:30,334963,56143,168182,,,
7/29/2020 14:00,325803,57354,140544,,,
7/29/2020 14:30,327130,57402,126415,,,
7/29/2020 15:00,367439,53701,148123,,,
7/29/2020 15:30,341311,55301,153411,,,
7/29/2020 16:00,310552,49539,120236,,,
7/29/2020 16:30,319581,47275,144725,,,
7/29/2020 17:00,236713,37466,125626,,,
7/29/2020 17:30,243730,32148,137854,,,
7/29/2020 18:00,184654,25990,68371,,,
7/29/2020 18:30,156024,22195,61619,,,
7/29/2020 19:00,110711,19963,35657,,,
7/29/2020 19:30,122158,22817,35564,,,
7/30/2020 0:00,121,0,2,,,
7/30/2020 7:00,5608,1934,1637,,,
7/30/2020 7:30,11488,1601,2019,,,
7/30/2020 8:00,37089,4551,13345,,,
7/30/2020 8:30,75743,12788,24391,,,
7/30/2020 9:00,144195,26385,64069,,,
7/30/2020 9:30,183884,24387,71638,,,
7/30/2020 10:00,219537,33010,107469,,,
7/30/2020 10:30,246603,39215,105488,,,
7/30/2020 11:00,286819,38078,121367,,,
7/30/2020 11:30,291549,45986,120594,,,
7/30/2020 12:00,305792,56288,137829,,,
7/30/2020 12:30,299795,51922,111727,,,
7/30/2020 13:00,304445,47100,129276,,,
7/30/2020 13:30,309083,45969,109687,,,
7/30/2020 14:00,322942,46038,129354,,,
7/30/2020 14:30,323150,48050,136969,,,
7/30/2020 15:00,326444,47236,132737,,,
7/30/2020 15:30,372558,45387,149474,,,
7/30/2020 16:00,318393,45620,127655,,,
7/30/2020 16:30,304158,45093,108531,,,
7/30/2020 17:00,252330,42141,96047,,,
7/30/2020 17:30,239512,23338,64342,,,
7/30/2020 18:00,178995,27414,59229,,,
7/30/2020 18:30,144146,22100,55284,,,
7/30/2020 19:00,142472,20762,46709,,,
7/30/2020 19:30,103463,15135,29854,,,
7/31/2020 7:00,3928,0,1592,,,
7/31/2020 7:30,13247,1453,3225,,,
7/31/2020 8:00,39930,7745,40498,,,
7/31/2020 8:30,91202,18546,38061,,,
7/31/2020 9:00,115730,22754,46438,,,
7/31/2020 9:30,207132,35957,81487,,,
7/31/2020 10:00,211477,37892,87142,,,
7/31/2020 10:30,259040,44211,106209,,,
7/31/2020 11:00,287649,40382,122113,,,
7/31/2020 11:30,323516,45894,151142,,,
7/31/2020 12:00,278982,49023,135977,,,
7/31/2020 12:30,312875,47735,119051,,,
7/31/2020 13:00,310454,48329,140919,,,
7/31/2020 13:30,315803,53868,119272,,,
7/31/2020 14:00,345183,47524,134266,,,
7/31/2020 14:30,319525,57383,128451,,,
7/31/2020 15:00,368154,57196,135280,,,
7/31/2020 15:30,354233,53754,140040,,,
7/31/2020 16:00,359150,47812,136056,,,
7/31/2020 16:30,314994,52109,137209,,,
7/31/2020 17:00,269189,40092,161029,,,
7/31/2020 17:30,215811,33143,81754,,,
7/31/2020 18:00,186813,26184,62139,,,
7/31/2020 18:30,132388,19055,48421,,,
7/31/2020 19:00,95304,13170,39830,,,
7/31/2020 19:30,94477,18326,26430,,,
7/31/2020 20:00,41293,6918,7509,,,
7/31/2020 20:30,38055,7325,7928,,,
7/31/2020 21:00,26632,1845,5476,,,
7/31/2020 21:30,15543,1626,2094,,,
7/31/2020 22:00,10962,1296,1083,,,
7/31/2020 22:30,409,30,108,,,
8/3/2020 7:00,13756,1572,4517,,,
8/3/2020 7:30,20462,4258,6486,,,
8/3/2020 8:00,79068,10276,30232,,,
8/3/2020 8:30,124794,30347,41070,,,
8/3/2020 9:00,200427,34253,81417,,,
8/3/2020 9:30,271791,44971,94981,,,
8/3/2020 10:00,329700,56149,145922,,,
8/3/2020 10:30,339738,56770,157749,,,
8/3/2020 11:00,364604,57522,135321,,,
8/3/2020 11:30,413752,58307,150726,,,
8/3/2020 12:00,388984,74445,179954,,,
8/3/2020 12:30,409555,54177,162018,,,
8/3/2020 13:00,385638,66544,161093,,,
8/3/2020 13:30,385365,60627,132794,,,
8/3/2020 14:00,398573,62868,162938,,,
8/3/2020 14:30,402776,69394,172629,,,
8/3/2020 15:00,402173,56674,149156,,,
8/3/2020 15:30,429403,64231,169104,,,
8/3/2020 16:00,419554,59657,138047,,,
8/3/2020 16:30,400147,60530,141105,,,
8/3/2020 17:00,351893,57344,136611,,,
8/3/2020 17:30,284721,44845,92880,,,
8/3/2020 18:00,200053,36057,69155,,,
8/3/2020 18:30,185589,26059,63464,,,
8/3/2020 19:00,180715,30952,57415,,,
8/3/2020 19:30,124333,18952,36997,,,
8/4/2020 7:00,10466,1305,2876,,,
8/4/2020 7:30,21198,3699,5823,,,
8/4/2020 8:00,59664,9127,23800,,,
8/4/2020 8:30,101231,18621,37063,,,
8/4/2020 9:00,146848,24278,63300,,,
8/4/2020 9:30,213715,26598,81825,,,
8/4/2020 10:00,281500,45528,120092,,,
8/4/2020 10:30,345600,40366,151900,,,
8/4/2020 11:00,309508,44147,139884,,,
8/4/2020 11:30,324773,34345,141362,,,
8/4/2020 12:00,373070,60166,156367,,,
8/4/2020 12:30,357516,58005,158099,,,
8/4/2020 13:00,350725,50315,142793,,,
8/4/2020 13:30,366834,50578,156883,,,
8/4/2020 14:00,368079,57202,161696,,,
8/4/2020 14:30,340751,45157,145606,,,
8/4/2020 15:00,375944,49063,136889,,,
8/4/2020 15:30,405514,51381,156909,,,
8/4/2020 16:00,356670,58608,145691,,,
8/4/2020 16:30,384587,64722,150959,,,
8/4/2020 17:00,303929,41719,117530,,,
8/4/2020 17:30,227828,31744,89248,,,
8/4/2020 18:00,212660,38391,70404,,,
8/4/2020 18:30,196459,25942,61398,,,
8/4/2020 19:00,160849,22521,49717,,,
8/4/2020 19:30,108990,20402,35397,,,
8/5/2020 7:00,7515,732,1751,,,
8/5/2020 7:30,11765,2645,2683,,,
8/5/2020 8:00,57023,5576,26120,,,
8/5/2020 8:30,106101,17682,37262,,,
8/5/2020 9:00,118719,15293,89745,,,
8/5/2020 9:30,197859,34996,84068,,,
8/5/2020 10:00,259157,37429,129684,,,
8/5/2020 10:30,267418,40555,124294,,,
8/5/2020 11:00,296821,48054,131868,,,
8/5/2020 11:30,355226,45029,161363,,,
8/5/2020 12:00,342030,49204,135053,,,
8/5/2020 12:30,341183,64088,146520,,,
8/5/2020 13:00,319999,56888,125247,,,
8/5/2020 13:30,388171,54831,168969,,,
8/5/2020 14:00,367842,57504,159493,,,
8/5/2020 14:30,377220,54548,145425,,,
8/5/2020 15:00,399738,57159,157228,,,
8/5/2020 15:30,393520,63933,143258,,,
8/5/2020 16:00,331320,64879,131867,,,
8/5/2020 16:30,371473,45935,111390,,,
8/5/2020 17:00,285226,45754,110045,,,
8/5/2020 17:30,235518,35794,97510,,,
8/5/2020 18:00,172441,21428,61666,,,
8/5/2020 18:30,161763,27336,56631,,,
8/5/2020 19:00,131006,20478,44681,,,
8/5/2020 19:30,107625,21410,33797,,,
8/6/2020 5:00,,,,,,
8/6/2020 7:00,6945,1362,1747,,,
8/6/2020 7:30,16650,2140,4402,,,
8/6/2020 8:00,57655,9208,22602,,,
8/6/2020 8:30,93363,14672,41163,,,
8/6/2020 9:00,125144,16405,55479,,,
8/6/2020 9:30,195137,29896,95695,,,
8/6/2020 10:00,239828,34732,113744,,,
8/6/2020 10:30,288307,37934,126657,,,
8/6/2020 11:00,275638,33124,116383,,,
8/6/2020 11:30,297717,49847,137075,,,
8/6/2020 12:00,318061,49955,134680,,,
8/6/2020 12:30,314643,49138,132236,,,
8/6/2020 13:00,305576,42839,124349,,,
8/6/2020 13:30,346114,53345,119655,,,
8/6/2020 14:00,341208,51155,149152,,,
8/6/2020 14:30,348027,52392,143761,,,
8/6/2020 15:00,327499,55623,143583,,,
8/6/2020 15:30,367110,53556,141043,,,
8/6/2020 16:00,330934,50036,119057,,,
8/6/2020 16:30,300330,38638,98290,,,
8/6/2020 17:00,277764,49124,117588,,,
8/6/2020 17:30,254331,30384,90279,,,
8/6/2020 18:00,183396,26405,64039,,,
8/6/2020 18:30,141434,23746,49289,,,
8/6/2020 19:00,129613,16678,37065,,,
8/6/2020 19:30,104601,19305,28367,,,
8/7/2020 7:00,3873,357,1036,,,
8/7/2020 7:30,14277,2467,4019,,,
8/7/2020 8:00,50856,6140,21691,,,
8/7/2020 8:30,88877,11960,30235,,,
8/7/2020 9:00,133562,22624,63038,,,
8/7/2020 9:30,193446,27761,123673,,,
8/7/2020 10:00,239331,44833,108762,,,
8/7/2020 10:30,250793,43821,96098,,,
8/7/2020 11:00,283783,37392,106793,,,
8/7/2020 11:30,325214,45626,150805,,,
8/7/2020 12:00,282045,46037,128558,,,
8/7/2020 12:30,349753,52084,250517,,,
8/7/2020 13:00,313673,47680,140581,,,
8/7/2020 13:30,319014,44117,153494,,,
8/7/2020 14:00,319596,61055,133321,,,
8/7/2020 14:30,334598,62474,156767,,,
8/7/2020 15:00,384373,60590,143536,,,
8/7/2020 15:30,353592,54389,144060,,,
8/7/2020 16:00,346629,49063,221270,,,
8/7/2020 16:30,272529,41051,107408,,,
8/7/2020 17:00,256345,36002,94859,,,
8/7/2020 17:30,215633,33377,160328,,,
8/7/2020 18:00,194433,27194,75866,,,
8/7/2020 18:30,123153,23022,44713,,,
8/7/2020 19:00,98780,14879,36672,,,
8/7/2020 19:30,85524,8169,32608,,,
8/7/2020 20:00,61852,10228,12505,,,
8/7/2020 20:30,36747,6176,6161,,,
8/7/2020 21:00,22287,2343,4820,,,
8/7/2020 21:30,14805,2428,2410,,,
8/7/2020 22:00,8529,1123,363,,,
8/8/2020 8:00,,,,,,
8/9/2020 12:30,320,0,2917,,,
8/9/2020 13:00,5,0,5,,,
8/9/2020 18:30,105,0,3,,,
8/10/2020 7:00,13432,2270,3022,,,
8/10/2020 7:30,21970,2435,4944,,,
8/10/2020 8:00,65996,9997,24071,,,
8/10/2020 8:30,127784,13928,46233,,,
8/10/2020 9:00,193374,28776,67728,,,
8/10/2020 9:30,264504,38060,100241,,,
8/10/2020 10:00,300587,34839,127296,,,
8/10/2020 10:30,312612,48539,156111,,,
8/10/2020 11:00,371200,55148,187714,,,
8/10/2020 11:30,411029,73513,181871,,,
8/10/2020 12:00,420325,66520,180296,,,
8/10/2020 12:30,402715,56753,164189,,,
8/10/2020 13:00,378510,59454,174461,,,
8/10/2020 13:30,380099,61660,159818,,,
8/10/2020 14:00,382145,62884,158494,,,
8/10/2020 14:30,417496,64375,205524,,,
8/10/2020 15:00,401397,58879,149185,,,
8/10/2020 15:30,414404,61524,172821,,,
8/10/2020 16:00,396716,56768,160354,,,
8/10/2020 16:30,381967,55945,148502,,,
8/10/2020 17:00,332260,54881,130952,,,
8/10/2020 17:30,280941,43765,99288,,,
8/10/2020 18:00,211736,38568,73551,,,
8/10/2020 18:30,209869,32550,60409,,,
8/10/2020 19:00,191354,26921,54516,,,
8/10/2020 19:30,160640,27114,36503,,,
8/11/2020 7:00,10738,1031,2104,,,
8/11/2020 7:30,13750,2595,3071,,,
8/11/2020 8:00,46908,7136,16213,,,
8/11/2020 8:30,95745,15824,34474,,,
8/11/2020 9:00,161168,24269,55734,,,
8/11/2020 9:30,218302,31218,83709,,,
8/11/2020 10:00,273978,38376,114843,,,
8/11/2020 10:30,309412,44606,167840,,,
8/11/2020 11:00,312741,46267,139375,,,
8/11/2020 11:30,359136,54695,137884,,,
8/11/2020 12:00,377628,55449,163770,,,
8/11/2020 12:30,378282,50062,131847,,,
8/11/2020 13:00,359380,53983,126572,,,
8/11/2020 13:30,363494,56252,155459,,,
8/11/2020 14:00,353403,68071,156063,,,
8/11/2020 14:30,392097,52411,148411,,,
8/11/2020 15:00,383361,52751,147200,,,
8/11/2020 15:30,415223,52102,155524,,,
8/11/2020 16:00,378432,55705,143280,,,
8/11/2020 16:30,354066,51185,145850,,,
8/11/2020 17:00,287636,45302,110128,,,
8/11/2020 17:30,229382,32813,93931,,,
8/11/2020 18:00,219217,29119,69773,,,
8/11/2020 18:30,167044,26022,59263,,,
8/11/2020 19:00,152875,16801,45487,,,
8/11/2020 19:30,123306,20574,33688,,,
8/12/2020 7:00,5245,266,655,,,
8/12/2020 7:30,8323,2649,6899,,,
8/12/2020 8:00,42880,4673,15590,,,
8/12/2020 8:30,89612,17709,38973,,,
8/12/2020 9:00,137637,19446,98020,,,
8/12/2020 9:30,186149,26382,78198,,,
8/12/2020 10:00,235397,35892,107904,,,
8/12/2020 10:30,277720,35994,119109,,,
8/12/2020 11:00,297991,42238,137060,,,
8/12/2020 11:30,312152,53438,128231,,,
8/12/2020 12:00,320655,47439,136971,,,
8/12/2020 12:30,325007,47835,147698,,,
8/12/2020 13:00,331793,50755,143499,,,
8/12/2020 13:30,327454,51801,124111,,,
8/12/2020 14:00,342490,56844,144690,,,
8/12/2020 14:30,350064,58928,155113,,,
8/12/2020 15:00,361371,48971,148688,,,
8/12/2020 15:30,401257,68257,151988,,,
8/12/2020 16:00,370689,46389,127726,,,
8/12/2020 16:30,337236,47124,128273,,,
8/12/2020 17:00,277754,40858,100997,,,
8/12/2020 17:30,239241,38075,87479,,,
8/12/2020 18:00,185271,31987,66172,,,
8/12/2020 18:30,165228,24447,53136,,,
8/12/2020 19:00,135120,23643,40891,,,
8/12/2020 19:30,119191,18079,36659,,,
8/13/2020 7:00,4739,460,635,,,
8/13/2020 7:30,5782,535,904,,,
8/13/2020 8:00,38113,6164,31131,,,
8/13/2020 8:30,85148,10249,36807,,,
8/13/2020 9:00,128504,17074,54320,,,
8/13/2020 9:30,202897,32178,75973,,,
8/13/2020 10:00,223950,34949,93531,,,
8/13/2020 10:30,271556,39888,96667,,,
8/13/2020 11:00,296163,42086,121921,,,
8/13/2020 11:30,310655,48334,158778,,,
8/13/2020 12:00,330947,47317,179620,,,
8/13/2020 12:30,340809,51668,129823,,,
8/13/2020 13:00,315483,45790,146035,,,
8/13/2020 13:30,356378,53299,180007,,,
8/13/2020 14:00,366385,44543,143421,,,
8/13/2020 14:30,361596,56457,147967,,,
8/13/2020 15:00,372903,53488,159123,,,
8/13/2020 15:30,353878,49833,139734,,,
8/13/2020 16:00,348200,46081,122325,,,
8/13/2020 16:30,293797,53948,147623,,,
8/13/2020 17:00,197097,25283,99237,,,
8/13/2020 17:30,217928,28346,97389,,,
8/13/2020 18:00,174156,22489,55675,,,
8/13/2020 18:30,166161,25832,60965,,,
8/13/2020 19:00,124247,19284,46524,,,
8/13/2020 19:30,107144,16330,40858,,,
8/14/2020 7:00,9975,791,2356,,,
8/14/2020 7:30,8412,1642,2179,,,
8/14/2020 8:00,46479,5331,20948,,,
8/14/2020 8:30,96957,15015,34949,,,
8/14/2020 9:00,151395,21158,58332,,,
8/14/2020 9:30,193772,29748,81955,,,
8/14/2020 10:00,213326,30683,96584,,,
8/14/2020 10:30,267847,39637,109176,,,
8/14/2020 11:00,290509,47040,115280,,,
8/14/2020 11:30,328212,47754,140076,,,
8/14/2020 12:00,305317,57741,127500,,,
8/14/2020 12:30,346309,61775,132315,,,
8/14/2020 13:00,318455,47012,113861,,,
8/14/2020 13:30,314566,42982,107893,,,
8/14/2020 14:00,313615,46606,122680,,,
8/14/2020 14:30,359144,57836,130677,,,
8/14/2020 15:00,327595,61867,128283,,,
8/14/2020 15:30,379660,45104,146262,,,
8/14/2020 16:00,320828,54077,115383,,,
8/14/2020 16:30,308434,42161,118529,,,
8/14/2020 17:00,224641,25610,100547,,,
8/14/2020 17:30,205591,32810,68331,,,
8/14/2020 18:00,184915,25351,64185,,,
8/14/2020 18:30,136422,20865,48283,,,
8/14/2020 19:00,130079,20845,37681,,,
8/14/2020 19:30,85893,13352,22295,,,
8/14/2020 20:00,76309,13275,10433,,,
8/14/2020 20:30,38049,7054,6448,,,
8/14/2020 21:00,27002,4989,6515,,,
8/14/2020 21:30,17824,4357,2918,,,
8/14/2020 22:00,9975,1082,338,,,
8/16/2020 11:30,284,0,2,,,
8/16/2020 12:30,13,0,44,,,
8/16/2020 16:00,,,,,,
8/17/2020 7:00,10354,2195,3448,,,
8/17/2020 7:30,21849,4414,3810,,,
8/17/2020 8:00,64904,7081,31218,,,
8/17/2020 8:30,129828,18914,40103,,,
8/17/2020 9:00,176376,26313,89142,,,
8/17/2020 9:30,259086,39611,93804,,,
8/17/2020 10:00,303761,51151,164669,,,
8/17/2020 10:30,360980,56844,125110,,,
8/17/2020 11:00,405961,67886,189050,,,
8/17/2020 11:30,383154,57011,176052,,,
8/17/2020 12:00,434983,58689,179493,,,
8/17/2020 12:30,412416,56703,142922,,,
8/17/2020 13:00,406697,60029,192936,,,
8/17/2020 13:30,373170,52557,131590,,,
8/17/2020 14:00,374339,51221,142076,,,
8/17/2020 14:30,403739,58827,148662,,,
8/17/2020 15:00,393629,49671,154112,,,
8/17/2020 15:30,400187,54945,158165,,,
8/17/2020 16:00,369046,67338,161482,,,
8/17/2020 16:30,355563,55980,144499,,,
8/17/2020 17:00,339429,55337,136570,,,
8/17/2020 17:30,278320,38476,113359,,,
8/17/2020 18:00,216579,27767,80737,,,
8/17/2020 18:30,172030,23330,56436,,,
8/17/2020 19:00,161907,22660,39963,,,
8/17/2020 19:30,142656,22898,37932,,,
8/18/2020 7:00,10893,1781,2152,,,
8/18/2020 7:30,15086,2697,2623,,,
8/18/2020 8:00,42830,5157,17223,,,
8/18/2020 8:30,89744,12552,31990,,,
8/18/2020 9:00,164897,24405,71509,,,
8/18/2020 9:30,213921,28470,87128,,,
8/18/2020 10:00,239587,35623,96843,,,
8/18/2020 10:30,297713,39790,155744,,,
8/18/2020 11:00,323846,41436,132474,,,
8/18/2020 11:30,329264,47304,181063,,,
8/18/2020 12:00,339983,53434,134754,,,
8/18/2020 12:30,352215,58537,123783,,,
8/18/2020 13:00,366434,52760,149699,,,
8/18/2020 13:30,358960,59667,154687,,,
8/18/2020 14:00,322694,55109,126819,,,
8/18/2020 14:30,352015,52765,125519,,,
8/18/2020 15:00,374884,58551,135443,,,
8/18/2020 15:30,374485,54540,152193,,,
8/18/2020 16:00,344404,51749,141971,,,
8/18/2020 16:30,362077,43148,143662,,,
8/18/2020 17:00,270182,40181,114210,,,
8/18/2020 17:30,256844,26606,90066,,,
8/18/2020 18:00,213963,22705,74560,,,
8/18/2020 18:30,202246,27078,68252,,,
8/18/2020 19:00,121222,21293,47971,,,
8/18/2020 19:30,109097,19701,29164,,,
8/19/2020 7:00,8233,887,1119,,,
8/19/2020 7:30,10083,1116,2856,,,
8/19/2020 8:00,45730,5030,18865,,,
8/19/2020 8:30,88956,14605,45056,,,
8/19/2020 9:00,116630,17438,59825,,,
8/19/2020 9:30,200918,33031,134442,,,
8/19/2020 10:00,211035,35938,89174,,,
8/19/2020 10:30,279926,38273,110557,,,
8/19/2020 11:00,277538,39885,103606,,,
8/19/2020 11:30,316553,43294,121134,,,
8/19/2020 12:00,319825,44316,163247,,,
8/19/2020 12:30,325961,49355,120889,,,
8/19/2020 13:00,296447,40163,132919,,,
8/19/2020 13:30,335387,46391,139907,,,
8/19/2020 14:00,352094,54965,136416,,,
8/19/2020 14:30,352107,58128,153965,,,
8/19/2020 15:00,364036,58865,145658,,,
8/19/2020 15:30,355897,55975,146623,,,
8/19/2020 16:00,340515,55614,126251,,,
8/19/2020 16:30,309712,48416,129347,,,
8/19/2020 17:00,275019,33686,88881,,,
8/19/2020 17:30,236407,38172,77276,,,
8/19/2020 18:00,217036,29204,73224,,,
8/19/2020 18:30,148132,21616,48787,,,
8/19/2020 19:00,114514,17601,46712,,,
8/19/2020 19:30,128143,17256,38295,,,
8/20/2020 7:00,4707,768,514,,,
8/20/2020 7:30,10652,2683,1851,,,
8/20/2020 8:00,47074,5433,17490,,,
8/20/2020 8:30,76668,13139,32860,,,
8/20/2020 9:00,129921,24079,83038,,,
8/20/2020 9:30,175020,26489,67353,,,
8/20/2020 10:00,226556,28451,91104,,,
8/20/2020 10:30,240530,35933,115947,,,
8/20/2020 11:00,246708,31068,115187,,,
8/20/2020 11:30,277390,39831,107636,,,
8/20/2020 12:00,289756,49492,129063,,,
8/20/2020 12:30,286002,40834,135393,,,
8/20/2020 13:00,303192,38782,158187,,,
8/20/2020 13:30,325252,43527,116381,,,
8/20/2020 14:00,309903,48053,125660,,,
8/20/2020 14:30,309745,50932,128960,,,
8/20/2020 15:00,307383,42345,123115,,,
8/20/2020 15:30,346331,43614,122392,,,
8/20/2020 16:00,305894,49702,122911,,,
8/20/2020 16:30,277979,38692,98008,,,
8/20/2020 17:00,232058,31012,83381,,,
8/20/2020 17:30,210155,35877,72738,,,
8/20/2020 18:00,199093,37684,62911,,,
8/20/2020 18:30,152769,27559,64289,,,
8/20/2020 19:00,105119,14345,36689,,,
8/20/2020 19:30,93883,11540,33497,,,
8/21/2020 0:00,76,0,28142,,,
8/21/2020 7:00,3958,816,4987,,,
8/21/2020 7:30,17579,4529,4319,,,
8/21/2020 8:00,39933,5077,22078,,,
8/21/2020 8:30,92313,15434,33547,,,
8/21/2020 9:00,143988,21982,68779,,,
8/21/2020 9:30,175314,25079,75400,,,
8/21/2020 10:00,218981,28514,97509,,,
8/21/2020 10:30,253052,33846,107483,,,
8/21/2020 11:00,257878,42516,129062,,,
8/21/2020 11:30,316297,51388,137629,,,
8/21/2020 12:00,318408,55246,128405,,,
8/21/2020 12:30,309876,46938,144217,,,
8/21/2020 13:00,313096,60678,125156,,,
8/21/2020 13:30,314559,42376,115248,,,
8/21/2020 14:00,331364,49043,129623,,,
8/21/2020 14:30,343940,55983,138291,,,
8/21/2020 15:00,360247,54776,129515,,,
8/21/2020 15:30,347321,48339,130651,,,
8/21/2020 16:00,322046,49033,146718,,,
8/21/2020 16:30,304514,43215,118044,,,
8/21/2020 17:00,265487,44138,89798,,,
8/21/2020 17:30,213597,34504,71464,,,
8/21/2020 18:00,160703,22256,49221,,,
8/21/2020 18:30,138141,18813,43992,,,
8/21/2020 19:00,108762,21436,29761,,,
8/21/2020 19:30,103452,13967,25343,,,
8/21/2020 20:00,73577,12217,18129,,,
8/21/2020 20:30,29591,5534,5119,,,
8/21/2020 21:00,18458,1806,2265,,,
8/21/2020 21:30,20453,2944,2734,,,
8/21/2020 22:00,10628,887,241,,,
8/24/2020 7:00,12068,1134,3760,,,
8/24/2020 7:30,19647,2106,5400,,,
8/24/2020 8:00,56006,7159,32118,,,
8/24/2020 8:30,130739,19377,39739,,,
8/24/2020 9:00,198145,28347,87238,,,
8/24/2020 9:30,275528,36859,126345,,,
8/24/2020 10:00,300321,37859,135009,,,
8/24/2020 10:30,360642,50107,154603,,,
8/24/2020 11:00,368056,47963,156030,,,
8/24/2020 11:30,404896,58956,163068,,,
8/24/2020 12:00,410279,63738,170375,,,
8/24/2020 12:30,422897,57604,167650,,,
8/24/2020 13:00,374223,59221,170472,,,
8/24/2020 13:30,390964,59989,148438,,,
8/24/2020 14:00,398532,60615,186422,,,
8/24/2020 14:30,383531,54999,165170,,,
8/24/2020 15:00,430714,57913,158983,,,
8/24/2020 15:30,425111,51305,153971,,,
8/24/2020 16:00,409921,54986,156189,,,
8/24/2020 16:30,402647,58912,152636,,,
8/24/2020 17:00,351650,54104,128408,,,
8/24/2020 17:30,296122,39566,101128,,,
8/24/2020 18:00,226275,35954,91569,,,
8/24/2020 18:30,207722,29997,72349,,,
8/24/2020 19:00,184625,25371,53103,,,
8/24/2020 19:30,143272,19889,33009,,,
8/25/2020 7:00,3856,107,265,,,
8/25/2020 7:30,18108,2603,4810,,,
8/25/2020 8:00,49006,5267,15521,,,
8/25/2020 8:30,89632,11412,30880,,,
8/25/2020 9:00,153885,23662,56457,,,
8/25/2020 9:30,231216,34557,96952,,,
8/25/2020 10:00,231354,32311,112506,,,
8/25/2020 10:30,306119,37719,114497,,,
8/25/2020 11:00,271745,50152,116220,,,
8/25/2020 11:30,326861,51469,170877,,,
8/25/2020 12:00,375270,49287,143329,,,
8/25/2020 12:30,361935,56292,141388,,,
8/25/2020 13:00,348472,42427,142864,,,
8/25/2020 13:30,345414,47642,164498,,,
8/25/2020 14:00,372165,60555,134833,,,
8/25/2020 14:30,351109,50700,125496,,,
8/25/2020 15:00,370336,51158,142305,,,
8/25/2020 15:30,372735,50289,157225,,,
8/25/2020 16:00,366189,41484,146735,,,
8/25/2020 16:30,345873,57340,127063,,,
8/25/2020 17:00,313698,43921,103406,,,
8/25/2020 17:30,229931,31628,83760,,,
8/25/2020 18:00,219704,29412,90975,,,
8/25/2020 18:30,171973,23274,65213,,,
8/25/2020 19:00,131237,19952,42428,,,
8/25/2020 19:30,125680,17085,32972,,,
8/26/2020 7:00,2869,155,579,,,
8/26/2020 7:30,6608,1485,810,,,
8/26/2020 8:00,46048,5606,19535,,,
8/26/2020 8:30,86428,12647,30507,,,
8/26/2020 9:00,141279,19465,89129,,,
8/26/2020 9:30,195558,22373,75761,,,
8/26/2020 10:00,226365,30603,76657,,,
8/26/2020 10:30,272989,40545,105698,,,
8/26/2020 11:00,289460,38658,132781,,,
8/26/2020 11:30,318271,41773,121788,,,
8/26/2020 12:00,304578,45287,116608,,,
8/26/2020 12:30,310540,54963,138077,,,
8/26/2020 13:00,299827,42479,139610,,,
8/26/2020 13:30,315459,49328,133143,,,
8/26/2020 14:00,330701,43711,121751,,,
8/26/2020 14:30,353090,52712,129572,,,
8/26/2020 15:00,330525,46478,134918,,,
8/26/2020 15:30,397947,60496,182825,,,
8/26/2020 16:00,329070,55781,118388,,,
8/26/2020 16:30,299106,47167,108186,,,
8/26/2020 17:00,269560,40842,98000,,,
8/26/2020 17:30,189737,27916,63696,,,
8/26/2020 18:00,177975,30299,65087,,,
8/26/2020 18:30,154963,25640,61335,,,
8/26/2020 19:00,106294,15602,36952,,,
8/26/2020 19:30,102521,14616,30037,,,
8/27/2020 7:00,6294,1094,392,,,
8/27/2020 7:30,12436,1462,2095,,,
8/27/2020 8:00,39785,3843,12366,,,
8/27/2020 8:30,74225,8321,25840,,,
8/27/2020 9:00,121602,16835,54947,,,
8/27/2020 9:30,163631,23692,69306,,,
8/27/2020 10:00,218050,26053,89045,,,
8/27/2020 10:30,262605,36831,100324,,,
8/27/2020 11:00,273904,35855,133051,,,
8/27/2020 11:30,307852,43402,163846,,,
8/27/2020 12:00,307779,44153,133682,,,
8/27/2020 12:30,316334,41264,121771,,,
8/27/2020 13:00,335742,45682,118568,,,
8/27/2020 13:30,315734,43906,141154,,,
8/27/2020 14:00,333742,51683,136115,,,
8/27/2020 14:30,287120,45450,134226,,,
8/27/2020 15:00,351530,51414,131423,,,
8/27/2020 15:30,361053,52011,142953,,,
8/27/2020 16:00,365013,45093,138707,,,
8/27/2020 16:30,298475,41656,121301,,,
8/27/2020 17:00,238377,44616,93900,,,
8/27/2020 17:30,249349,33487,92202,,,
8/27/2020 18:00,184329,28748,59800,,,
8/27/2020 18:30,145375,23245,55411,,,
8/27/2020 19:00,102866,14655,34165,,,
8/27/2020 19:30,91418,11668,21635,,,
8/28/2020 7:00,7693,960,2815,,,
8/28/2020 7:30,7734,1689,13477,,,
8/28/2020 8:00,41912,7145,12774,,,
8/28/2020 8:30,74909,16846,53166,,,
8/28/2020 9:00,132847,17593,48899,,,
8/28/2020 9:30,173211,19867,99148,,,
8/28/2020 10:00,203311,23974,78261,,,
8/28/2020 10:30,274297,38476,117206,,,
8/28/2020 11:00,260109,34095,100123,,,
8/28/2020 11:30,321201,50593,137711,,,
8/28/2020 12:00,294886,40649,134952,,,
8/28/2020 12:30,314490,45155,145673,,,
8/28/2020 13:00,310678,54431,101195,,,
8/28/2020 13:30,303223,48053,136228,,,
8/28/2020 14:00,297001,43102,120403,,,
8/28/2020 14:30,348030,53331,156642,,,
8/28/2020 15:00,313543,47273,115780,,,
8/28/2020 15:30,370461,59166,131440,,,
8/28/2020 16:00,294899,44131,123264,,,
8/28/2020 16:30,317327,50259,267888,,,
8/28/2020 17:00,251934,38219,101094,,,
8/28/2020 17:30,205503,39475,66120,,,
8/28/2020 18:00,186750,27505,75080,,,
8/28/2020 18:30,153585,21350,40626,,,
8/28/2020 19:00,103994,14513,32516,,,
8/28/2020 19:30,98337,15821,26003,,,
8/28/2020 20:00,55788,6955,10602,,,
8/28/2020 20:30,37581,4785,4511,,,
8/28/2020 21:00,19394,3052,2550,,,
8/28/2020 21:30,20239,1374,1731,,,
8/28/2020 22:00,10933,760,164,,,
8/29/2020 12:00,83,0,7,,,
8/29/2020 17:00,,,,,,
8/30/2020 10:00,336,0,576,,,
8/30/2020 10:30,583,0,305,,,
8/30/2020 13:30,692,0,278,,,
8/30/2020 14:00,97,0,127,,,
8/31/2020 7:00,9863,1388,2730,,,
8/31/2020 7:30,25521,3013,6534,,,
8/31/2020 8:00,75502,11996,25106,,,
8/31/2020 8:30,131412,16265,48614,,,
8/31/2020 9:00,204375,35143,112832,,,
8/31/2020 9:30,286131,46731,124091,,,
8/31/2020 10:00,302318,45578,152031,,,
8/31/2020 10:30,349200,49419,131936,,,
8/31/2020 11:00,380565,64075,160835,,,
8/31/2020 11:30,416976,56866,178722,,,
8/31/2020 12:00,363322,64323,166410,,,
8/31/2020 12:30,405213,55241,161145,,,
8/31/2020 13:00,368961,60484,178705,,,
8/31/2020 13:30,393678,58094,161444,,,
8/31/2020 14:00,410684,77977,178045,,,
8/31/2020 14:30,372246,61813,156496,,,
8/31/2020 15:00,390164,65548,140151,,,
8/31/2020 15:30,417827,75346,163820,,,
8/31/2020 16:00,410556,55268,153634,,,
8/31/2020 16:30,395753,62397,127586,,,
8/31/2020 17:00,354872,55289,145985,,,
8/31/2020 17:30,280065,51306,111780,,,
8/31/2020 18:00,246763,37726,76415,,,
8/31/2020 18:30,182427,31854,66490,,,
8/31/2020 19:00,180049,28115,69048,,,
8/31/2020 19:30,130153,22709,35970,,,
9/1/2020 7:00,9578,1309,1430,,,
9/1/2020 7:30,16614,2899,4700,,,
9/1/2020 8:00,64478,9141,23080,,,
9/1/2020 8:30,122988,21038,41496,,,
9/1/2020 9:00,187273,32015,77815,,,
9/1/2020 9:30,235986,39440,101754,,,
9/1/2020 10:00,274365,44162,140863,,,
9/1/2020 10:30,299310,38949,144642,,,
9/1/2020 11:00,332619,57998,154515,,,
9/1/2020 11:30,363638,57758,183132,,,
9/1/2020 12:00,364447,62524,144593,,,
9/1/2020 12:30,367546,62813,197553,,,
9/1/2020 13:00,366123,51598,151550,,,
9/1/2020 13:30,351994,56556,148961,,,
9/1/2020 14:00,367333,39309,141510,,,
9/1/2020 14:30,365459,57759,154224,,,
9/1/2020 15:00,376653,53321,150761,,,
9/1/2020 15:30,405115,56245,166770,,,
9/1/2020 16:00,386323,60070,156949,,,
9/1/2020 16:30,351125,53584,159482,,,
9/1/2020 17:00,281767,42955,119413,,,
9/1/2020 17:30,247339,40101,97917,,,
9/1/2020 18:00,209585,29195,87874,,,
9/1/2020 18:30,170856,28942,63643,,,
9/1/2020 19:00,144735,24215,45826,,,
9/1/2020 19:30,111533,19889,29407,,,
9/2/2020 7:00,8946,1370,1421,,,
9/2/2020 7:30,11159,1342,2576,,,
9/2/2020 8:00,49793,9325,49842,,,
9/2/2020 8:30,94231,19230,36822,,,
9/2/2020 9:00,163508,37404,71936,,,
9/2/2020 9:30,209012,34419,96141,,,
9/2/2020 10:00,296970,39352,200163,,,
9/2/2020 10:30,284767,34644,140305,,,
9/2/2020 11:00,298596,39960,131573,,,
9/2/2020 11:30,337457,46769,153632,,,
9/2/2020 12:00,307201,41585,155541,,,
9/2/2020 12:30,348489,59983,170998,,,
9/2/2020 13:00,373539,51028,148810,,,
9/2/2020 13:30,352839,61455,161339,,,
9/2/2020 14:00,338483,65741,147518,,,
9/2/2020 14:30,388239,64854,142951,,,
9/2/2020 15:00,367799,64607,156422,,,
9/2/2020 15:30,384290,59768,152852,,,
9/2/2020 16:00,401651,60122,144004,,,
9/2/2020 16:30,381595,50375,137526,,,
9/2/2020 17:00,296526,49594,119619,,,
9/2/2020 17:30,273919,40874,115178,,,
9/2/2020 18:00,180128,33233,67299,,,
9/2/2020 18:30,157694,26542,62202,,,
9/2/2020 19:00,128521,20275,37471,,,
9/2/2020 19:30,104167,18367,30273,,,
9/3/2020 7:00,6734,674,1895,,,
9/3/2020 7:30,14424,1676,3315,,,
9/3/2020 8:00,57537,6273,21898,,,
9/3/2020 8:30,98119,22392,35841,,,
9/3/2020 9:00,167332,27261,70689,,,
9/3/2020 9:30,227041,33265,99764,,,
9/3/2020 10:00,265461,45513,125525,,,
9/3/2020 10:30,264647,34063,149369,,,
9/3/2020 11:00,314598,39446,120886,,,
9/3/2020 11:30,321339,44185,131652,,,
9/3/2020 12:00,333157,46552,129428,,,
9/3/2020 12:30,323841,40847,119083,,,
9/3/2020 13:00,332329,47944,132904,,,
9/3/2020 13:30,345389,52598,147041,,,
9/3/2020 14:00,334059,45888,147587,,,
9/3/2020 14:30,308125,54627,123138,,,
9/3/2020 15:00,386766,56975,139777,,,
9/3/2020 15:30,372919,59549,159370,,,
9/3/2020 16:00,345980,51547,126839,,,
9/3/2020 16:30,298807,49871,114821,,,
9/3/2020 17:00,244791,37469,88742,,,
9/3/2020 17:30,216533,32937,84702,,,
9/3/2020 18:00,171488,28480,70252,,,
9/3/2020 18:30,143728,21426,43569,,,
9/3/2020 19:00,121339,16352,37122,,,
9/3/2020 19:30,85364,11342,21549,,,
9/4/2020 0:00,6,0,49,,,
9/4/2020 7:00,2296,322,163,,,
9/4/2020 7:30,11291,2092,2701,,,
9/4/2020 8:00,50829,7584,21710,,,
9/4/2020 8:30,83904,14933,27620,,,
9/4/2020 9:00,121415,17283,68341,,,
9/4/2020 9:30,182812,31964,71402,,,
9/4/2020 10:00,238838,35036,99450,,,
9/4/2020 10:30,234516,34408,99417,,,
9/4/2020 11:00,266902,39172,146075,,,
9/4/2020 11:30,305011,43056,135091,,,
9/4/2020 12:00,294427,48332,157415,,,
9/4/2020 12:30,304043,47964,122719,,,
9/4/2020 13:00,305721,40640,124303,,,
9/4/2020 13:30,296916,43500,124813,,,
9/4/2020 14:00,311316,39755,117259,,,
9/4/2020 14:30,326256,52940,138263,,,
9/4/2020 15:00,314932,57636,277251,,,
9/4/2020 15:30,332105,54196,121446,,,
9/4/2020 16:00,302472,41733,130140,,,
9/4/2020 16:30,299867,47478,96584,,,
9/4/2020 17:00,275447,41574,89686,,,
9/4/2020 17:30,196626,29138,70727,,,
9/4/2020 18:00,169819,21212,65280,,,
9/4/2020 18:30,126413,15687,42912,,,
9/4/2020 19:00,92058,15547,30897,,,
9/4/2020 19:30,72192,14654,22241,,,
9/4/2020 20:00,51304,8125,9929,,,
9/4/2020 20:30,36866,6251,5636,,,
9/4/2020 21:00,14063,1738,1824,,,
9/4/2020 21:30,16471,3618,1694,,,
9/4/2020 22:00,10258,1610,684,,,
9/4/2020 22:30,3640,36,1,,,
9/4/2020 23:00,15,0,2,,,
9/6/2020 14:30,1342,0,1,,,
9/8/2020 7:00,10618,1079,1361,,,
9/8/2020 7:30,22226,2393,5054,,,
9/8/2020 8:00,79649,9495,30727,,,
9/8/2020 8:30,138175,28124,49674,,,
9/8/2020 9:00,208089,37434,82505,,,
9/8/2020 9:30,238374,29032,97648,,,
9/8/2020 10:00,289442,43301,134328,,,
9/8/2020 10:30,320426,46766,150537,,,
9/8/2020 11:00,366193,56062,147682,,,
9/8/2020 11:30,387991,53231,158675,,,
9/8/2020 12:00,384498,68905,165895,,,
9/8/2020 12:30,376336,51483,151529,,,
9/8/2020 13:00,378634,60984,169360,,,
9/8/2020 13:30,403519,63579,203023,,,
9/8/2020 14:00,409442,66272,170434,,,
9/8/2020 14:30,404006,60655,155002,,,
9/8/2020 15:00,405666,65605,152565,,,
9/8/2020 15:30,404413,63844,159128,,,
9/8/2020 16:00,404003,74831,171890,,,
9/8/2020 16:30,387191,66618,154772,,,
9/8/2020 17:00,385321,65890,137702,,,
9/8/2020 17:30,334305,46881,147569,,,
9/8/2020 18:00,231572,37499,90125,,,
9/8/2020 18:30,213534,39797,86772,,,
9/8/2020 19:00,168094,24121,52086,,,
9/8/2020 19:30,125173,21769,29581,,,
9/9/2020 7:00,5843,667,1312,,,
9/9/2020 7:30,12924,2071,3467,,,
9/9/2020 8:00,49477,6070,19890,,,
9/9/2020 8:30,100453,11979,35505,,,
9/9/2020 9:00,169189,27785,71871,,,
9/9/2020 9:30,211803,37669,129824,,,
9/9/2020 10:00,239509,44479,122780,,,
9/9/2020 10:30,283100,39202,105366,,,
9/9/2020 11:00,301273,55292,136506,,,
9/9/2020 11:30,340577,52273,199561,,,
9/9/2020 12:00,365801,53406,151254,,,
9/9/2020 12:30,344602,48367,132230,,,
9/9/2020 13:00,333901,51338,168102,,,
9/9/2020 13:30,329584,56734,148030,,,
9/9/2020 14:00,332064,56085,165842,,,
9/9/2020 14:30,366881,55263,147986,,,
9/9/2020 15:00,348630,49195,134982,,,
9/9/2020 15:30,385551,56426,163678,,,
9/9/2020 16:00,337838,46592,128706,,,
9/9/2020 16:30,353160,48974,133713,,,
9/9/2020 17:00,315386,39101,115394,,,
9/9/2020 17:30,253916,41931,109247,,,
9/9/2020 18:00,223562,33359,102137,,,
9/9/2020 18:30,194509,34469,65377,,,
9/9/2020 19:00,122858,18803,44121,,,
9/9/2020 19:30,104836,18669,25154,,,
9/10/2020 7:00,11040,1909,1828,,,
9/10/2020 7:30,16407,2446,2267,,,
9/10/2020 8:00,38352,6020,14339,,,
9/10/2020 8:30,91403,13199,31278,,,
9/10/2020 9:00,158988,24368,78054,,,
9/10/2020 9:30,197635,31934,80332,,,
9/10/2020 10:00,233855,38068,102796,,,
9/10/2020 10:30,281838,46088,122691,,,
9/10/2020 11:00,296573,41812,135181,,,
9/10/2020 11:30,334911,47714,145137,,,
9/10/2020 12:00,328455,53360,129702,,,
9/10/2020 12:30,347323,61833,141408,,,
9/10/2020 13:00,317474,47980,134162,,,
9/10/2020 13:30,340590,49952,146935,,,
9/10/2020 14:00,331959,46838,137166,,,
9/10/2020 14:30,348975,53681,135981,,,
9/10/2020 15:00,339162,58746,149658,,,
9/10/2020 15:30,365578,45487,149044,,,
9/10/2020 16:00,301620,45129,120006,,,
9/10/2020 16:30,312105,41831,112933,,,
9/10/2020 17:00,274717,37496,95474,,,
9/10/2020 17:30,239563,26730,81979,,,
9/10/2020 18:00,206559,26804,79013,,,
9/10/2020 18:30,140384,22366,50044,,,
9/10/2020 19:00,114256,17306,31466,,,
9/10/2020 19:30,98483,9790,29532,,,
9/11/2020 7:00,6654,514,1181,,,
9/11/2020 7:30,11655,4089,3813,,,
9/11/2020 8:00,45891,5994,17951,,,
9/11/2020 8:30,82882,12187,32885,,,
9/11/2020 9:00,138181,20023,58205,,,
9/11/2020 9:30,192113,35771,72858,,,
9/11/2020 10:00,210202,31282,100069,,,
9/11/2020 10:30,267040,37236,115272,,,
9/11/2020 11:00,266454,47075,138898,,,
9/11/2020 11:30,306903,39362,149506,,,
9/11/2020 12:00,292090,38181,118525,,,
9/11/2020 12:30,326884,41922,157477,,,
9/11/2020 13:00,291770,43386,120459,,,
9/11/2020 13:30,280262,46423,121797,,,
9/11/2020 14:00,290950,50175,139311,,,
9/11/2020 14:30,306675,45291,127204,,,
9/11/2020 15:00,324748,51524,161929,,,
9/11/2020 15:30,340433,54908,145482,,,
9/11/2020 16:00,286422,58028,162497,,,
9/11/2020 16:30,257871,33052,116054,,,
9/11/2020 17:00,238137,35904,97278,,,
9/11/2020 17:30,235824,36174,98601,,,
9/11/2020 18:00,192141,39088,70625,,,
9/11/2020 18:30,138787,21023,45814,,,
9/11/2020 19:00,126949,22581,29686,,,
9/11/2020 19:30,105165,11724,23104,,,
9/11/2020 20:00,78332,11504,12715,,,
9/11/2020 20:30,37828,5616,6014,,,
9/11/2020 21:00,23950,2083,2887,,,
9/11/2020 21:30,22101,2289,4058,,,
9/11/2020 22:00,12210,1335,558,,,
9/12/2020 0:00,,,,,,
9/12/2020 11:30,52,0,1,,,
9/12/2020 15:30,45,0,3,,,
9/12/2020 17:00,32,0,11,,,
9/14/2020 7:00,11035,1722,3730,,,
9/14/2020 7:30,12417,1792,2626,,,
9/14/2020 8:00,66459,4872,26231,,,
9/14/2020 8:30,113289,15202,44333,,,
9/14/2020 9:00,170983,31905,94251,,,
9/14/2020 9:30,289148,44390,125106,,,
9/14/2020 10:00,302754,48773,132135,,,
9/14/2020 10:30,348776,50415,198058,,,
9/14/2020 11:00,356105,51163,165838,,,
9/14/2020 11:30,373751,59591,196071,,,
9/14/2020 12:00,393216,64248,168833,,,
9/14/2020 12:30,379676,64958,184156,,,
9/14/2020 13:00,393550,65458,170230,,,
9/14/2020 13:30,385501,68082,238391,,,
9/14/2020 14:00,367782,66193,167362,,,
9/14/2020 14:30,405220,82583,165914,,,
9/14/2020 15:00,406968,69144,176751,,,
9/14/2020 15:30,418477,71256,163161,,,
9/14/2020 16:00,403019,68042,175811,,,
9/14/2020 16:30,401937,68292,178627,,,
9/14/2020 17:00,365692,69107,141983,,,
9/14/2020 17:30,294889,59194,141620,,,
9/14/2020 18:00,220893,36030,92177,,,
9/14/2020 18:30,233056,33306,75996,,,
9/14/2020 19:00,193707,31330,57499,,,
9/14/2020 19:30,172588,32398,44094,,,
9/15/2020 7:00,10332,1765,6417,,,
9/15/2020 7:30,18643,1717,8371,,,
9/15/2020 8:00,49238,3816,21133,,,
9/15/2020 8:30,97098,12177,42236,,,
9/15/2020 9:00,160592,26061,141907,,,
9/15/2020 9:30,246094,36792,114653,,,
9/15/2020 10:00,247566,43258,126551,,,
9/15/2020 10:30,289844,44444,129361,,,
9/15/2020 11:00,302050,47593,173060,,,
9/15/2020 11:30,321183,55156,151433,,,
9/15/2020 12:00,331535,48132,154450,,,
9/15/2020 12:30,362579,52063,149112,,,
9/15/2020 13:00,316281,60086,131687,,,
9/15/2020 13:30,340204,62266,146641,,,
9/15/2020 14:00,334386,50336,128957,,,
9/15/2020 14:30,341547,54689,141222,,,
9/15/2020 15:00,323337,58145,124201,,,
9/15/2020 15:30,381817,63759,155532,,,
9/15/2020 16:00,357899,51049,135314,,,
9/15/2020 16:30,336052,49948,141458,,,
9/15/2020 17:00,278238,49260,109345,,,
9/15/2020 17:30,251416,41622,79065,,,
9/15/2020 18:00,219399,33614,85608,,,
9/15/2020 18:30,197011,28925,61997,,,
9/15/2020 19:00,154174,29673,44775,,,
9/15/2020 19:30,123050,19144,28493,,,
9/16/2020 7:00,3496,456,343,,,
9/16/2020 7:30,12593,1510,4532,,,
9/16/2020 8:00,44412,8422,19552,,,
9/16/2020 8:30,89413,17240,29194,,,
9/16/2020 9:00,129680,28884,50237,,,
9/16/2020 9:30,197515,34624,79266,,,
9/16/2020 10:00,216647,38686,87699,,,
9/16/2020 10:30,246145,35283,149951,,,
9/16/2020 11:00,278522,45426,131864,,,
9/16/2020 11:30,300093,52067,136014,,,
9/16/2020 12:00,303984,41323,134294,,,
9/16/2020 12:30,287424,46829,127432,,,
9/16/2020 13:00,310982,47670,124909,,,
9/16/2020 13:30,343018,66858,138167,,,
9/16/2020 14:00,347566,61574,139919,,,
9/16/2020 14:30,365771,54466,179432,,,
9/16/2020 15:00,375240,66987,168415,,,
9/16/2020 15:30,330304,50402,147614,,,
9/16/2020 16:00,307895,56149,124324,,,
9/16/2020 16:30,306565,48692,118856,,,
9/16/2020 17:00,266001,40244,117175,,,
9/16/2020 17:30,255701,31268,91403,,,
9/16/2020 18:00,200740,27181,81040,,,
9/16/2020 18:30,142629,22167,63775,,,
9/16/2020 19:00,142939,18275,40696,,,
9/16/2020 19:30,111041,23275,25419,,,
9/17/2020 0:00,145,734,189,,,
9/17/2020 7:00,6083,566,2741,,,
9/17/2020 7:30,5388,1641,2365,,,
9/17/2020 8:00,38068,7503,16976,,,
9/17/2020 8:30,74659,14770,32588,,,
9/17/2020 9:00,135990,17969,72948,,,
9/17/2020 9:30,188714,31989,87263,,,
9/17/2020 10:00,218566,31591,103434,,,
9/17/2020 10:30,251291,36221,166920,,,
9/17/2020 11:00,254138,30649,116019,,,
9/17/2020 11:30,316127,39809,135493,,,
9/17/2020 12:00,302874,41931,129133,,,
9/17/2020 12:30,270841,43927,120913,,,
9/17/2020 13:00,302909,36845,131867,,,
9/17/2020 13:30,298802,42371,123493,,,
9/17/2020 14:00,298573,52015,116726,,,
9/17/2020 14:30,342573,53781,125188,,,
9/17/2020 15:00,332572,46976,123553,,,
9/17/2020 15:30,318995,47447,141557,,,
9/17/2020 16:00,299209,41675,109341,,,
9/17/2020 16:30,282212,41893,118141,,,
9/17/2020 17:00,278099,33428,105898,,,
9/17/2020 17:30,230077,30096,77607,,,
9/17/2020 18:00,181940,32091,65626,,,
9/17/2020 18:30,155037,21898,58324,,,
9/17/2020 19:00,103785,13185,23717,,,
9/17/2020 19:30,100297,16909,24235,,,
9/18/2020 7:00,8144,2818,2427,,,
9/18/2020 7:30,16667,2598,2882,,,
9/18/2020 8:00,41277,5033,13186,,,
9/18/2020 8:30,69812,12824,26472,,,
9/18/2020 9:00,126415,24725,58176,,,
9/18/2020 9:30,174017,26650,72428,,,
9/18/2020 10:00,228954,37899,100829,,,
9/18/2020 10:30,252216,35488,142580,,,
9/18/2020 11:00,269649,36692,146378,,,
9/18/2020 11:30,258167,42715,190416,,,
9/18/2020 12:00,257208,42131,115904,,,
9/18/2020 12:30,312821,48157,134722,,,
9/18/2020 13:00,341302,44511,134894,,,
9/18/2020 13:30,282518,55789,104665,,,
9/18/2020 14:00,317138,51677,132694,,,
9/18/2020 14:30,321771,76834,117984,,,
9/18/2020 15:00,328220,68943,119482,,,
9/18/2020 15:30,336296,55325,129272,,,
9/18/2020 16:00,332899,55486,115160,,,
9/18/2020 16:30,314848,66757,105674,,,
9/18/2020 17:00,252350,43094,104250,,,
9/18/2020 17:30,205643,20865,68863,,,
9/18/2020 18:00,167678,30239,66113,,,
9/18/2020 18:30,125100,22455,44585,,,
9/18/2020 19:00,110258,19376,26358,,,
9/18/2020 19:30,95780,15072,20203,,,
9/21/2020 6:00,3,0,7,,,
9/21/2020 6:30,22,0,10,,,
9/21/2020 7:00,12885,2143,3170,,,
9/21/2020 7:30,18539,5464,5689,,,
9/21/2020 8:00,64032,10538,36548,,,
9/21/2020 8:30,117422,18126,39632,,,
9/21/2020 9:00,157562,22665,71081,,,
9/21/2020 9:30,225744,33961,77892,,,
9/21/2020 10:00,275754,43214,109580,,,
9/21/2020 10:30,317136,51714,143501,,,
9/21/2020 11:00,396214,57969,153552,,,
9/21/2020 11:30,413626,60523,202998,,,
9/21/2020 12:00,373515,52520,128908,,,
9/21/2020 12:30,384971,60979,146358,,,
9/21/2020 13:00,384228,67956,150101,,,
9/21/2020 13:30,390789,60984,159813,,,
9/21/2020 14:00,364507,63731,178611,,,
9/21/2020 14:30,392375,58400,176640,,,
9/21/2020 15:00,388500,59254,147265,,,
9/21/2020 15:30,398766,74035,149318,,,
9/21/2020 16:00,368678,64622,140597,,,
9/21/2020 16:30,372852,59214,148963,,,
9/21/2020 17:00,289604,46320,110784,,,
9/21/2020 17:30,259729,43396,96151,,,
9/21/2020 18:00,202331,44152,85164,,,
9/21/2020 18:30,187483,27133,64694,,,
9/21/2020 19:00,159837,26952,47687,,,
9/21/2020 19:30,98791,17775,32893,,,
9/22/2020 7:00,3950,581,1242,,,
9/22/2020 7:30,16049,3338,4229,,,
9/22/2020 8:00,41689,4779,18788,,,
9/22/2020 8:30,86232,14122,41850,,,
9/22/2020 9:00,140132,22266,57373,,,
9/22/2020 9:30,175452,30175,85817,,,
9/22/2020 10:00,254908,40854,121342,,,
9/22/2020 10:30,277394,38133,101441,,,
9/22/2020 11:00,331404,49406,147992,,,
9/22/2020 11:30,325375,51918,151035,,,
9/22/2020 12:00,294993,47175,120961,,,
9/22/2020 12:30,327491,53515,150947,,,
9/22/2020 13:00,333959,54484,124699,,,
9/22/2020 13:30,329296,52325,128374,,,
9/22/2020 14:00,332826,47123,134811,,,
9/22/2020 14:30,354155,59236,125156,,,
9/22/2020 15:00,329299,51513,143422,,,
9/22/2020 15:30,353061,62442,162724,,,
9/22/2020 16:00,330937,64139,144285,,,
9/22/2020 16:30,273310,48693,145468,,,
9/22/2020 17:00,253645,43803,118568,,,
9/22/2020 17:30,209253,32531,70063,,,
9/22/2020 18:00,209630,37786,84865,,,
9/22/2020 18:30,163952,24915,45173,,,
9/22/2020 19:00,113868,25075,37554,,,
9/22/2020 19:30,107693,19432,36652,,,
9/23/2020 7:00,5649,1847,3646,,,
9/23/2020 7:30,10274,3260,6682,,,
9/23/2020 8:00,37758,5032,10478,,,
9/23/2020 8:30,82596,11834,31759,,,
9/23/2020 9:00,134426,19898,52714,,,
9/23/2020 9:30,166971,33644,71025,,,
9/23/2020 10:00,198266,27375,121485,,,
9/23/2020 10:30,245838,41865,110717,,,
9/23/2020 11:00,266200,45089,111888,,,
9/23/2020 11:30,286703,45240,141340,,,
9/23/2020 12:00,316584,53448,158555,,,
9/23/2020 12:30,306115,56473,125903,,,
9/23/2020 13:00,323885,43059,145610,,,
9/23/2020 13:30,314225,51447,133391,,,
9/23/2020 14:00,298029,47286,126831,,,
9/23/2020 14:30,314366,48814,126922,,,
9/23/2020 15:00,314521,46912,120933,,,
9/23/2020 15:30,343969,65406,136341,,,
9/23/2020 16:00,329646,45924,141404,,,
9/23/2020 16:30,320337,53868,147860,,,
9/23/2020 17:00,260245,46457,98890,,,
9/23/2020 17:30,217097,34364,115529,,,
9/23/2020 18:00,202007,24586,55843,,,
9/23/2020 18:30,139721,21299,64119,,,
9/23/2020 19:00,122251,19024,34743,,,
9/23/2020 19:30,109057,20146,27662,,,
9/24/2020 7:00,4003,865,1141,,,
9/24/2020 7:30,11789,3928,4242,,,
9/24/2020 8:00,37940,7531,19880,,,
9/24/2020 8:30,75615,14809,36538,,,
9/24/2020 9:00,119862,14935,69503,,,
9/24/2020 9:30,163003,23167,71837,,,
9/24/2020 10:00,191485,26865,73827,,,
9/24/2020 10:30,217352,29211,103169,,,
9/24/2020 11:00,280051,47043,149141,,,
9/24/2020 11:30,275991,37291,104999,,,
9/24/2020 12:00,284233,49541,114224,,,
9/24/2020 12:30,312625,50070,139928,,,
9/24/2020 13:00,266057,34363,111240,,,
9/24/2020 13:30,304935,42236,124157,,,
9/24/2020 14:00,279036,49123,121675,,,
9/24/2020 14:30,287047,49684,120580,,,
9/24/2020 15:00,301023,42290,126874,,,
9/24/2020 15:30,343857,54556,134304,,,
9/24/2020 16:00,299293,37360,135597,,,
9/24/2020 16:30,295404,39057,152207,,,
9/24/2020 17:00,229709,39652,91668,,,
9/24/2020 17:30,209454,30896,65716,,,
9/24/2020 18:00,163797,21996,50404,,,
9/24/2020 18:30,142617,21092,43452,,,
9/24/2020 19:00,103882,18814,48053,,,
9/24/2020 19:30,104631,13768,22047,,,
9/25/2020 7:00,6290,951,1185,,,
9/25/2020 7:30,16219,2796,2171,,,
9/25/2020 8:00,38450,3865,15837,,,
9/25/2020 8:30,58309,7476,17406,,,
9/25/2020 9:00,99203,16554,42685,,,
9/25/2020 9:30,185979,34526,86692,,,
9/25/2020 10:00,192836,28547,83123,,,
9/25/2020 10:30,239841,36766,125133,,,
9/25/2020 11:00,239630,38477,137910,,,
9/25/2020 11:30,251714,45976,110986,,,
9/25/2020 12:00,274291,52093,112673,,,
9/25/2020 12:30,294273,45483,124931,,,
9/25/2020 13:00,280878,50766,108653,,,
9/25/2020 13:30,307525,50613,126991,,,
9/25/2020 14:00,287329,47582,119425,,,
9/25/2020 14:30,314717,51223,133646,,,
9/25/2020 15:00,335487,44233,139240,,,
9/25/2020 15:30,358395,55123,126963,,,
9/25/2020 16:00,293325,46818,129480,,,
9/25/2020 16:30,287994,50606,141443,,,
9/25/2020 17:00,208719,25153,74419,,,
9/25/2020 17:30,207584,32475,62959,,,
9/25/2020 18:00,134340,28150,60845,,,
9/25/2020 18:30,143273,31188,47476,,,
9/25/2020 19:00,99590,19595,34706,,,
9/25/2020 19:30,86883,13953,21674,,,
9/25/2020 20:00,62535,10546,9586,,,
9/25/2020 20:30,27170,3669,5373,,,
9/25/2020 21:00,17379,2772,1764,,,
9/25/2020 21:30,15005,2640,2826,,,
9/25/2020 22:00,20433,2314,835,,,
9/26/2020 11:30,,,,,,
9/26/2020 13:30,16,0,2,,,