ds,yhat_lower,yhat,yhat_upper
2016-03-10,515452.8371806183,639630.6638483895,784643.1117325617
2016-03-11,523254.0239829537,657102.5778384049,784702.8185007549
2016-03-14,724031.9239865853,855944.1613531549,985773.8067719436
2016-03-15,602905.7070079352,728724.8343519524,869558.5893457808
2016-03-16,538927.8351119943,668357.5616459369,811858.2929685629
2016-03-17,526461.0044845483,651609.5697446677,787601.7119450246
2016-03-18,539412.6448230451,672734.3615195699,807387.331403641
2016-03-21,747212.8264413305,880880.293966006,1012645.8998438057
2016-03-22,610342.9678680231,756010.1094250805,879484.0345395406
2016-03-23,568242.514841569,697526.4432864487,829425.5064622682
2016-03-24,546963.5064775908,682150.7905605828,814405.4292555046
2016-03-25,565864.3778415504,704096.9303614327,835415.9567142911
2016-03-28,786326.5799719752,911103.1952220595,1041100.700801724
2016-03-29,651549.725720451,784588.443326716,920260.6474000751
2016-03-30,587918.444080844,723815.1507258167,848134.2670969897
2016-03-31,563482.0840322191,705509.0884344141,839813.7628400589
2016-04-01,580794.6099669221,723896.4810939253,848472.8626932834
2016-04-04,786489.1228308063,916704.6219940137,1056157.214420204
2016-04-05,650489.5621954914,784406.808008565,918441.3469701821
2016-04-06,573964.5580197059,717406.952543579,847329.0151327425
2016-04-07,559921.5820676275,692491.1417688637,820839.0297523763
2016-04-08,570195.1829810286,703952.8485841359,836317.0882272667
2016-04-11,727972.2996119963,874851.7136977485,991414.2450996812
2016-04-12,601577.3055667252,735152.7250455576,866464.9510035705
2016-04-13,521589.64625110663,660851.4758545285,791816.8282804835
2016-04-14,503491.154828422,628826.5754835404,761684.807827018
2016-04-15,500283.878945926,633464.4790358645,763210.306282231
2016-04-18,648386.3862412615,786512.2720088796,922335.6817100857
2016-04-19,510268.2677724907,642022.3748443763,782557.9036756947
2016-04-20,436565.7496261192,563639.52423019,707235.5249043852
2016-04-21,396931.59979654825,528309.0814433222,661682.2765924787
2016-04-22,402319.25981478475,530475.0540666652,663850.901188198
2016-04-25,549351.0875535652,681521.6626041159,813745.6341417278
2016-04-26,410536.94668426353,538246.1632139903,674184.976197553
2016-04-27,315746.12759288726,462023.6052528104,592510.8450534586
2016-04-28,295372.80913378764,429781.59383158677,559314.7586848018
2016-04-29,306413.5941869746,435932.2608126153,566493.2400436613
2016-05-02,474609.11379883805,603785.6230665647,733063.2479763802
2016-05-03,328509.99170718103,467490.5733111452,594550.8768459745
2016-05-04,266509.98201641126,398789.05767158186,549175.4468389376
2016-05-05,244436.58256887936,374504.98532344936,509642.5640847376
2016-05-06,261578.60514624332,388939.2796595625,525603.8260122716
2016-05-09,442635.1496629387,582412.3974516,726217.0315445241
2016-05-10,319560.75991646247,454508.43443683034,601537.0986192527
2016-05-11,258923.83047746218,393923.53818326304,543796.630431975
2016-05-12,241535.67678219487,377367.66627090366,513819.0743006075
2016-05-13,259824.38236164648,399034.8212580759,523912.73897801706
2016-05-16,472390.92183559365,610311.5846994986,754213.6498890109
2016-05-17,355745.3577300064,486796.9628903802,614854.9362840089
2016-05-18,301867.4765475955,429740.65302001196,562445.4401192272
2016-05-19,275447.4517370292,415823.10456302523,550845.3540211158
2016-05-20,308580.6089704797,439225.3062717937,577591.8763770364
2016-05-23,522730.1709259358,650406.9436282222,790007.5616121449
2016-05-24,384091.83013645804,525214.3984511112,662603.8004000721
2016-05-25,331294.5578667857,465754.9461000402,591513.7115778715
2016-05-26,314919.95573128294,448787.8200342903,593327.2287334108
2016-05-27,335104.81165046076,468583.9596622674,608794.0144025751
2016-05-31,405381.7354290307,536663.1329990218,676764.1426147257
2016-06-01,335053.80225777585,472413.8411843538,594597.1988405085
2016-06-02,318549.0536276974,450758.2839629502,587976.1723640888
2016-06-03,330218.5646201364,466075.4231254277,602481.2108216942
2016-06-06,514052.77420813765,652916.19368901,782650.5277529383
2016-06-07,384586.0892461274,520224.2807512573,657293.7532029178
2016-06-08,317972.83352810115,453869.05176482233,590048.5960870003
2016-06-09,298392.5308661588,430765.17110593116,565119.8103523682
2016-06-10,301416.00098278804,445319.68197591696,575291.6053741906
2016-06-13,501447.680649146,634037.1067040897,760924.1787912501
2016-06-14,371158.83094050275,503300.1666345707,635713.2489825313
2016-06-15,293707.86867445946,439499.59817060723,592796.811102091
2016-06-16,287697.91968677915,419491.77665287134,554842.7636263592
2016-06-17,306704.8243584047,437614.50643258786,568601.4180116819
2016-06-20,500087.42123306496,639048.7568102903,778173.5733406532
2016-06-21,386083.7062030323,512918.3907751272,661194.0885750034
2016-06-22,331852.10734426696,453748.9809516624,590240.9436220132
2016-06-23,305260.1290425648,438301.06597881136,579260.1942081299
2016-06-24,317652.2686697643,460819.2312016116,587593.3265733363
2016-06-27,539931.1234661224,673598.7686024553,813592.2824808928
2016-06-28,412415.9499346647,550389.1678303424,680312.7044648646
2016-06-29,367613.08403443435,493609.8280129775,636568.6774158408
2016-06-30,345967.7414977948,479977.4512119851,619552.9001497598
2016-07-01,360164.3464141501,503704.63082202495,644335.3227050564
2016-07-05,460917.6710553104,591832.2567276832,730040.603968407
2016-07-06,395937.3651572252,533173.6934887747,666740.8671739864
2016-07-07,379757.98377555044,517113.6929609156,656094.1824705477
2016-07-08,412176.2158625015,537911.3183708776,679498.0145864041
2016-07-11,606597.7350798189,739316.8261077994,869029.942888055
2016-07-12,471665.60822672886,610478.8377652265,742112.7351334427
2016-07-13,405254.82338008325,547306.7886917713,687145.5277648077
2016-07-14,389410.3495737161,526627.7330574761,668187.9503075103
2016-07-15,410530.0293465191,542773.1617351614,677614.7366687685
2016-07-18,593390.0790211101,730712.7133470522,873035.9400829095
2016-07-19,460015.05226409866,597760.0508524338,726105.6227920853
2016-07-20,399265.81560840865,530752.5863756721,655870.2410294528
2016-07-21,375191.83015569544,506563.4513893205,642409.8339179753
2016-07-22,383737.0595282567,519563.31745727104,653247.9576868992
2016-07-25,570639.1069626653,700536.7216625543,834291.1877403917
2016-07-26,440035.9500279827,566143.6641707462,699393.8067126961
2016-07-27,365047.65101279295,498148.06530396175,630109.5288369026
2016-07-28,331112.47872824233,473419.9851209405,611006.6852128907
2016-07-29,355572.2274819672,486321.0151207126,623701.866026776
2016-08-01,540141.745911935,669469.1286726521,806378.9735745768
2016-08-02,390514.315639344,536546.1890068945,675449.1833329025
2016-08-03,344665.6347580622,470345.1745019164,599591.4016734824
2016-08-04,307362.1068327934,447703.19922314654,578447.3550327149
2016-08-05,326721.31771601865,462946.9990233848,607988.0627561393
2016-08-08,517988.56991591875,654296.7946909197,787260.1983473648
2016-08-09,386842.7717888758,524373.7260386836,652234.1466475001
2016-08-10,323720.22199339845,461242.8317892058,593655.9425621148
2016-08-11,309652.0504897076,441704.1317263227,566668.660093386
2016-08-12,326923.36422680423,460047.9866022103,598395.1603562441
2016-08-15,529019.0091125271,660329.8397658478,794979.1889941762
2016-08-16,394078.7086307812,533151.3594182204,666619.7840218215
2016-08-17,337714.5903711954,472597.3088196642,605409.0419812032
2016-08-18,318993.34139292117,455439.43761524523,593792.2357705135
2016-08-19,342145.45662245725,475941.78565139155,618140.1638603223
2016-08-22,542292.2059874308,681135.5181565289,813876.9763211495
2016-08-23,423921.5227190312,555009.4593474346,687455.4319491603
2016-08-24,353300.6671694645,495190.8955425918,622301.6047743318
2016-08-25,338410.4345856097,478441.85788866365,611132.3418759995
2016-08-26,361034.5461293717,499020.3795775809,632078.8058101933
2016-08-29,558934.3486347634,702447.715569686,840060.1922105494
2016-08-30,448084.1897164379,575090.1239847179,709496.2638154796
2016-08-31,372936.1643961017,513741.2660402084,648952.0890637845
2016-09-01,366651.1092308008,495183.7752540655,626867.8773161697
2016-09-02,372477.6743373142,513700.93203738047,642621.4702904242
2016-09-06,442059.67487287894,579652.0796292286,724190.9148369124
2016-09-07,381594.3904544403,515501.9992082651,650719.340469619
2016-09-08,365497.4808363129,494123.5382415818,631291.8622253445
2016-09-09,372607.26064032165,509847.6588373109,638030.8725022214
2016-09-12,554302.6846046087,698160.2591498075,815988.3910195103
2016-09-13,423817.12802509737,565860.9853401061,690848.5290567522
2016-09-14,375196.86322260427,499761.11325514223,650627.1382780197
2016-09-15,339345.0113500217,476726.7648891743,612544.1598256656
2016-09-16,348474.87209023396,491121.13476598414,626199.3964864608
2016-09-19,534882.7757498289,677632.4078845818,801780.4157579095
2016-09-20,402572.26465836255,545504.2060645582,671042.6792321298
2016-09-21,347640.4448734395,479963.2802290201,608066.5332043422
2016-09-22,324036.1987131031,457865.13403637067,587288.0070743145
2016-09-23,332825.97813636804,473554.4145498843,617842.348606648
2016-09-26,533604.6918143915,665804.7115999456,805737.708795707
2016-09-27,400060.8346008136,536074.674768625,672732.9797709091
2016-09-28,330833.0164944832,473093.9615674987,619162.4965044647
2016-09-29,315199.12565617205,453663.4065482757,586514.0065495264
2016-09-30,332366.8299117872,472070.38704668416,611706.9067374859
2016-10-03,540044.3213908081,672190.3382303942,818883.763456387
2016-10-04,410958.3791472174,544800.1202100689,679881.8989854398
2016-10-05,346966.9066811616,483930.73764431814,614359.4377844128
2016-10-06,319645.1310896245,466338.2892545877,605874.4175829217
2016-10-07,357795.0512888929,486271.96156879613,621097.5844528284
2016-10-10,555323.3782801037,688839.6484881907,833385.812118671
2016-10-11,426531.3879691222,561510.8849743924,696824.6437172994
2016-10-12,358265.71333337604,500327.5090004497,637222.092380858
2016-10-13,355082.0912251645,482061.1123051733,602011.6111940539
2016-10-14,368938.07897752593,500985.7180169222,633697.3169874162
2016-10-17,566981.8485572593,698891.7752138592,827897.4138452655
2016-10-18,430168.3367211398,569626.3069160624,705047.8407656096
2016-10-19,370742.8085338789,506410.1602494625,640714.2779664464
2016-10-20,348112.59993771947,486077.96794963384,616395.7662321418
2016-10-21,363795.17760653014,502968.6186332344,641521.4490338672
2016-10-24,551816.7795241993,695607.0648563857,832227.1638313876
2016-10-25,427528.67622946895,565065.5544683783,698859.0424730134
2016-10-26,359341.8545265908,500902.6874376898,634080.3530515037
2016-10-27,347010.1388757728,479997.0946200476,613732.5354477207
2016-10-28,356194.759474676,496723.67980541685,627281.5308184016
2016-10-31,551104.0407248378,691550.1761815611,821363.022395438
2016-11-01,431420.166168171,562657.6895914639,687104.5475735413
2016-11-02,366973.49008265923,500592.15323059424,633230.4955540803
2016-11-03,350087.11267770565,482210.9528614133,604760.5128699548
2016-11-04,366055.31124208577,501858.9735301264,638435.5580353286
2016-11-07,565771.7607398957,707419.7750526221,842728.2054950704
2016-11-08,444385.4552819105,582595.5196375308,716820.9918325756
2016-11-09,386877.83551421535,524750.2383251109,662240.0967777362
2016-11-10,379602.8462111406,510682.7620628734,643240.4051542628
2016-11-11,405625.9363333679,534679.7634722785,669501.4824416006
2016-11-14,616448.9119285379,752953.4823565541,879566.4958811938
2016-11-15,496575.662252744,632095.432433325,754187.7657318214
2016-11-16,443288.9565441195,578015.578754595,702075.5071283916
2016-11-17,432049.6271415384,567484.6344490699,692574.0607063695
2016-11-18,453518.6476077008,594769.2959698073,720789.294966165
2016-11-21,692131.6707681196,821339.1342965552,961263.7762653959
2016-11-22,570524.2810057267,702740.5174199578,843581.2698046449
2016-11-23,517798.6048488992,650693.9477399734,779488.6556728488
2016-11-25,535626.6200781203,670942.5705086681,807101.9406040551
2016-11-28,774569.2031837645,901820.2503633401,1036349.0934638423
2016-11-29,648462.9613037095,784548.7739487117,918991.1213910611
2016-11-30,601166.2343367036,733829.6143843246,865541.9978365584
2016-12-01,596853.2382405094,726486.0692058246,858231.3353983948
2016-12-02,613729.4277022441,756836.2563548106,893125.0631427756
2016-12-05,858425.177256725,992313.443484057,1128942.232443288
2016-12-06,743279.767882712,876693.6128104441,1008933.7337323668
2016-12-07,681205.7887521805,827655.4774055311,968167.0401035068
2016-12-08,684907.3574203572,821989.5205797949,954388.1590611038
2016-12-09,725073.2491529766,853971.4141719304,992993.034068187
2016-12-12,960343.7580074975,1093514.8342428277,1232216.9391189634
2016-12-13,837399.9073937583,978754.3893925012,1104956.6563877442
2016-12-14,804450.4782459154,930205.3125937253,1076204.2254838531
2016-12-15,785523.6765018519,924580.9352180848,1060675.9084809998
2016-12-16,812503.9893249208,956080.051974179,1093926.6430863256
2016-12-19,1058899.7764706207,1190309.2678400544,1322028.368388201
2016-12-20,949934.1677783506,1072280.2490316734,1205679.6153154697
2016-12-21,881573.3019597074,1019632.615551048,1156948.4724860115
2016-12-22,865932.9993886515,1009048.5168748278,1150040.8248682567
2016-12-23,900792.1864089891,1034709.5719194505,1172951.516719162
2016-12-27,971903.6361664666,1118981.2156633658,1260598.2467365186
2016-12-28,918636.3542023471,1056404.724585691,1192308.0928293252
2016-12-29,908202.6787660193,1035250.304140837,1173437.1498063705
2016-12-30,913117.9404663336,1049795.7326496833,1182181.0329124616
2017-01-03,941069.8893496912,1086525.03476735,1212142.1509019777
2017-01-04,888921.4442833868,1011971.289595542,1153509.9043910194
2017-01-05,844150.9585007386,979095.0937254297,1122337.7178443873
2017-01-06,844140.5293882063,982323.3529602264,1116390.0709092193
2017-01-09,995616.0954807583,1128281.8264617503,1272211.5878483618
2017-01-10,849251.7826229273,980659.2817414145,1109671.1262664986
2017-01-11,762073.4084396034,898857.0529594799,1036360.3536386219
2017-01-12,727042.0509703846,859880.3019315363,996260.8701890237
2017-01-13,726964.21406443,858231.7208097305,984671.2204224057
2017-01-17,707137.1082530881,850133.0525937194,979298.9777812087
2017-01-18,639217.3867443088,770018.7712471983,911469.7292313343
2017-01-19,596059.2547565548,733987.0560094574,867513.8160467444
2017-01-20,614027.2263759138,736474.7617566048,873712.0797560529
2017-01-23,766098.172851122,894248.1360980417,1040898.4941489034
2017-01-24,628772.7394620936,754914.2379213537,898921.3136495517
2017-01-25,546748.7204032111,683329.485585639,811015.7248084792
2017-01-26,515683.7503037874,656307.7335490339,791664.3118086795
2017-01-27,526151.4365583817,668136.2406982215,788381.7063839665
2017-01-30,724183.9096656367,854411.4641440571,985337.0381702796
2017-01-31,588146.5909008872,724252.1065272638,854506.922012377
2017-02-01,530258.6261342495,661452.9537855875,792957.8847312409
2017-02-02,499738.3638090918,642707.4709763789,769774.6001127074
2017-02-03,535336.679522254,662195.465622793,795415.8948420264
2017-02-06,731625.1515086216,866900.1575445423,1011413.7288569678
2017-02-07,609950.6537978634,741167.8264023272,876724.7955614515
2017-02-08,544487.4272396954,681881.3501066784,817665.1990486912
2017-02-09,524986.5684559308,665726.8647283443,799465.8381032766
2017-02-10,553169.0186846751,686894.0065003545,826506.5235207707
2017-02-13,755032.8433622083,891502.3776932836,1022185.0708703669
2017-02-14,627080.4397355241,764210.1148707333,903409.6826573513
2017-02-15,567247.383228233,702721.5638231452,830848.4574375126
2017-02-16,558884.587617077,683810.1862678537,813530.4469843475
2017-02-17,566638.0127883195,701759.7070672321,830741.5708751047
2017-02-21,632349.0423996189,763601.6578210451,896419.1477922946
2017-02-22,567710.8137180158,698096.8232950391,830632.6829667488
2017-02-23,540233.2416537851,675301.6491546751,791731.1721947931
2017-02-24,556170.3818316256,689586.0593578973,826351.9579679593
2017-02-27,730948.1059696279,873831.7228373188,1001115.7877077339
2017-02-28,606076.1345330974,740383.3801931576,880392.3334409188
2017-03-01,534814.7090303001,673291.9404404213,798780.6824604474
2017-03-02,511060.1697770708,649450.2911633973,798240.5451832535
2017-03-03,528014.9343308577,663243.837200056,791544.8674316973
2017-03-06,720882.2644340197,849340.4721125326,988626.070992029
2017-03-07,569170.5166205151,717561.8141549205,840380.0885476941
2017-03-08,520782.3065222019,652615.2023705563,790610.0019514832
2017-03-09,492608.9331822925,631350.3230699609,763920.5380299429
2017-03-10,511277.01555080275,648102.3571270666,784840.8260517955
2017-03-13,706027.2484154474,844778.5405365655,980545.3146270548
2017-03-14,580014.9850740763,716878.3532700808,846058.1119950742
2017-03-15,529178.0569363539,655871.4837321688,803228.2090532052
2017-03-16,501322.1935423754,638536.9380817043,765990.7053015485
2017-03-17,525929.5703242737,659139.3447834944,800191.827256348
2017-03-20,737224.2858794547,866202.1033941187,995497.8064237908
2017-03-21,599329.4169091447,741160.3503580869,878287.0591807717
2017-03-22,549872.1618794638,682611.2057593778,807471.8698393905
2017-03-23,532992.9360075332,667281.161783905,807854.9401027124
2017-03-24,550185.5130814328,689387.6915701386,824025.4375856187
2017-03-27,764310.1318008662,897580.0579080986,1021914.8624766888
2017-03-28,637140.8640922314,771693.8684780276,900713.2611624849
2017-03-29,582570.0163874853,711661.1449916165,846574.194578931
2017-03-30,561481.3596744344,694202.6548718365,833270.1600672774
2017-03-31,589647.6346311965,713538.125103395,854356.2572119077
2017-04-03,775678.9156343782,909706.7649549843,1047069.7050276852
2017-04-04,651435.6218721766,778665.3946937101,912718.4467123317
2017-04-05,578542.1949884519,712969.0498113118,847136.6295081557
2017-04-06,562890.6972599347,689389.4994714367,827186.067830917
2017-04-07,573826.4831205258,702204.9748405227,840111.0326197044
2017-04-10,745194.7221567536,877107.5348079274,1012232.415649039
2017-04-11,599781.2158467718,738667.6731788287,866436.8130251247
2017-04-12,527905.2150064115,665559.4918913346,804611.81785022
2017-04-13,495847.5282149587,634644.9744024173,773824.4085616402
2017-04-17,667642.3179282391,795639.8446759783,925048.3647190743
2017-04-18,518495.71810864896,651628.1947355672,793600.8583366002
2017-04-19,427960.01523626834,573563.1623201738,714583.5474835214
2017-04-20,406872.9737445743,538383.1275051011,681092.1475012715
2017-04-21,416713.6923566542,540527.3824101855,672424.5260420067
2017-04-24,559582.526142788,690465.7413904044,820781.0301805559
2017-04-25,412612.83157216007,546482.5216827029,683782.2193854024
2017-04-26,336657.274357385,469394.29004975146,600562.9425089008
2017-04-27,299050.7857647502,436139.18696765095,573051.1938626843
2017-04-28,316819.2925932012,441142.2764644048,579140.366296503
2017-05-01,468483.14230370737,604907.3670891909,739880.8474915007
2017-05-02,335070.7824273696,467097.137869291,606154.7542135478
2017-05-03,264783.2138112062,396839.0458676068,525352.9339150551
2017-05-04,233053.96988152072,370979.2271271212,500599.3210117897
2017-05-05,247794.251963139,383841.1939053228,521793.082254514
2017-05-08,442565.09910303005,572840.7042090493,711776.6531575765
2017-05-09,304294.56010681344,443597.1081514218,585576.2234583412
2017-05-10,245839.2619508792,381780.2904699107,515270.7561071374
2017-05-11,230162.87649571113,364116.61989394645,508084.99006221816
2017-05-12,240296.07032646425,384814.2254644596,521892.05616926507
2017-05-15,468702.5620243624,594113.4850932432,732692.3333814985
2017-05-16,336352.3026356843,470269.45472561114,602897.5527290896
2017-05-17,273329.9148531079,413050.6705189925,545851.2322930614
2017-05-18,264563.2480435993,399134.1762790716,526890.8448619893
2017-05-19,288450.89679848426,422694.5416098371,555487.3771604002
2017-05-22,497918.38842554664,635187.2658028064,758937.507753298
2017-05-23,380364.60590285447,510662.9465622504,656207.881296641
2017-05-24,314506.99435134,451958.3833869549,578847.4722678799
2017-05-25,300273.00695852074,435813.1400504487,580228.5286617487
2017-05-26,325662.4361714457,456477.50924169796,588881.5422251284
2017-05-30,392090.4394115628,528070.1964499902,667551.1584394309
2017-05-31,313811.8364439159,464607.319272039,603333.1128096866
2017-06-01,309384.00741165463,443664.3200507933,582402.8116093671
2017-06-02,333097.2379886867,459604.5714646645,606912.5589381903
2017-06-05,505985.30714156886,647656.567649228,782794.3906156763
2017-06-06,380912.33251081454,515121.53313724545,643682.3131333361
2017-06-07,306824.8257835073,448792.9760333842,575703.7382678612
2017-06-08,297028.1966356967,425585.7943452654,564578.0743955075
2017-06-09,311935.2483692404,439910.091494009,581521.99842222
2017-06-12,500813.4400466846,627245.7189310992,760546.5139336248
2017-06-13,357829.1102740214,495853.0732329968,624139.5811101585
2017-06-14,301270.2075320131,431321.88321688457,573518.8404350305
2017-06-15,269185.6411654218,410524.44355996966,542329.4041242944
2017-06-16,289406.77218288835,427815.5403629043,561474.6327922641
2017-06-19,479196.4849432438,626680.567862953,762525.7136311156
2017-06-20,369358.26803551614,499728.24059098563,635714.7372587301
2017-06-21,302351.3590090914,439782.38609640964,580484.428636812
2017-06-22,279316.83971645474,423619.0026591459,556929.2315402847
2017-06-23,319430.33374666044,445496.6938462569,572902.7621066606
2017-06-26,518188.6266044644,656918.2149572348,786909.6395475066
2017-06-27,400854.4522478314,533471.3573604234,678507.5464224358
2017-06-28,346360.90345403063,476570.7596628096,611935.5913117743
2017-06-29,332328.69207095046,462934.680842872,605059.8446661785
2017-06-30,361330.56384116027,486775.0131560069,613344.2362762305
2017-07-03,559923.270389411,700407.3232482218,837613.8413987187
2017-07-05,385487.0306928876,518393.3708793241,655907.8129329502
2017-07-06,371803.354569951,503021.3889075189,644319.1687415615
2017-07-07,396312.1348897628,524567.1766006404,663982.8349020658
2017-07-10,589313.8704648308,728446.773746773,853473.7047961578
2017-07-11,463716.3792541599,600465.1663858502,726409.2087058189
2017-07-12,404753.56169936294,538143.2693823329,667630.0362622084
2017-07-13,370984.2334721891,518295.6042643594,649083.8360867618
2017-07-14,407260.14587873686,535241.894859936,665488.5305910339
2017-07-17,585567.5211942999,725273.9668806774,854616.4882238313
2017-07-18,457072.9826857387,592895.1189012965,730779.8042897203
2017-07-19,388738.53729834314,526388.6463780147,664980.1978814919
2017-07-20,367677.79573726124,502623.11667134514,634304.6525287682
2017-07-21,370590.73154391296,515965.9912042105,645302.0369994647
2017-07-24,567691.6933331088,697472.2485370104,821715.3347931115
2017-07-25,434715.00471731427,563093.2631641609,703008.2368917562
2017-07-26,371996.2605611975,495033.60029868415,622524.0672531631
2017-07-27,334349.1099540554,470166.913439056,598626.7054884379
2017-07-28,354038.6479533743,482859.1706848411,615974.1514564176
2017-07-31,527235.1265779757,665013.0574173616,794259.62165505
2017-08-01,401481.8024736088,531656.094904455,663879.0886030847
2017-08-02,330910.36091820174,464980.5620464778,596828.2835555043
2017-08-03,306285.66880860296,441830.3449747888,579752.9856228877
2017-08-04,316928.93142433354,456539.02933977556,592159.4062641729
2017-08-07,502360.35538200015,646190.5614279294,776204.7522353273
2017-08-08,384740.74783779023,515692.7884542042,647737.5095021817
2017-08-09,311217.1171966105,451993.7062438186,580705.4300747004
2017-08-10,293492.38044887735,431899.54784925596,565825.8255268761
2017-08-11,309177.2483304341,449706.66070162016,578483.3726151716
2017-08-14,518320.8365094501,648546.5142767282,777639.4101139465
2017-08-15,391959.7998203219,520960.582174175,656854.9094992345
2017-08-16,318458.81687660835,460043.39651316026,600166.8393700043
2017-08-17,303954.8177806574,442570.7402376609,577216.7126698707
2017-08-18,323879.48654089874,462810.2326739568,594399.2079722924
2017-08-21,539226.7149810413,667554.9374727005,805200.7579921742
2017-08-22,415629.63604311744,541398.7262208167,677203.8699248639
2017-08-23,341682.6294297823,481611.26881269447,609957.9360907659
2017-08-24,331025.8981941717,464954.38303205126,601775.575308009
2017-08-25,346059.77510429116,485685.0851448581,623471.0221294074
2017-08-28,561047.8301018955,689906.2709862075,842662.6263241539
2017-08-29,422188.1424474037,562913.7815111137,700910.3917842357
2017-08-30,367385.0436035511,501972.1493367827,633737.3582937631
2017-08-31,357299.3553933195,483857.911767209,619944.7604341623
2017-09-01,371923.5764203424,502823.6739630157,644798.1697999337
2017-09-05,432291.5199857061,570703.6362211377,706290.9516314128
2017-09-06,382309.389687564,507026.44853860716,638010.4887363473
2017-09-07,347856.23647713725,486099.38783183205,620915.9824919611
2017-09-08,365474.3548481399,502244.68824439857,634312.1420511347
2017-09-11,547332.960962126,691558.8725629946,826930.5240070643
2017-09-12,421760.20189148764,559482.7216833624,688422.992643511
2017-09-13,358711.57456622075,493541.2082428805,620587.6990962526
2017-09-14,337593.6695260781,470596.5199800489,594954.8678076796
2017-09-15,354840.30853505374,485009.2256475792,617648.6861105837
2017-09-18,532649.3690513412,671142.6346643121,811679.4261052755
2017-09-19,408614.7064717652,538749.9389891742,667695.637233597
2017-09-20,333739.66639799176,472881.80717121577,606063.6515533193
2017-09-21,313302.05675752903,450399.77964091377,591137.1007234089
2017-09-22,324313.52019883954,465655.8053135986,596069.9135935478
2017-09-25,522718.91919418296,656398.8927292164,795331.06152082
2017-09-26,389740.76609156077,526130.829820934,660001.0692472031
2017-09-27,325786.6626482656,462612.2302324632,597754.9128953703
2017-09-28,306802.6480677693,442654.8997218729,578423.8315675901
2017-09-29,334334.94160081266,460556.96094581566,593409.3912055255
2017-10-02,516972.43249616644,659391.9733427444,787147.0275740402
2017-10-03,390584.2283481532,531678.3228284342,660784.9230450513
2017-10-04,323314.6681064563,470549.0145209393,607714.9816885055
2017-10-05,317758.21395297366,452764.56212246034,591281.6764258643
2017-10-06,341407.72197288286,472576.89038853854,610293.3059752954
2017-10-09,547859.662925945,675205.2105956421,805524.3405423098
2017-10-10,400857.5455462164,548029.4526232892,671479.008179096
2017-10-11,353699.8409072499,487056.75711847964,628218.5145334863
2017-10-12,336595.0767877401,469051.09366009594,603713.0510155173
2017-10-13,363108.6077224507,488277.49198059336,620529.4659765459
2017-10-16,550085.9512602076,687229.3419056938,817604.2448169659
2017-10-17,419757.3505703693,558320.4023295051,693064.8387345055
2017-10-18,360161.03948010167,495444.51028459077,623931.5840586955
2017-10-19,338876.31065317726,475424.28745909414,599760.7452845307
2017-10-20,359721.4090254585,492550.49056717934,631950.4594485085
2017-10-23,559584.8787129114,685554.9123492477,816814.8100000877
2017-10-24,424608.7305442583,554993.9764504305,692834.5078581544
2017-10-25,358688.26268780226,490730.8050553131,617360.4853855143
2017-10-26,331925.94309115846,469640.49683418707,607773.5790746125
2017-10-27,351257.5158698867,486096.2650722133,616243.3503816267
2017-10-30,548617.6970586857,679604.6846234722,808761.6828088192
2017-10-31,421334.2853459567,550116.8912068246,690500.9377405997
2017-11-01,355407.4115954624,487388.43962577474,618037.0641254309
2017-11-02,340994.6336964918,468285.01853228325,610769.2537173883
2017-11-03,348456.2521742908,487160.89840699884,626865.2406707745
2017-11-06,547030.2543191531,690210.3115007427,832893.9596222253
2017-11-07,426842.3698087458,564520.3660584968,699984.2471182641
2017-11-08,375388.51336136245,505813.0981453129,646183.0827539852
2017-11-09,352762.25083607284,490897.3949754186,623044.5074540065
2017-11-10,365199.6590294875,514069.12889579864,641968.8782558991
2017-11-13,601618.9612510251,730079.4136999322,867785.2920560485
2017-11-14,484591.38644576975,608555.5909857673,734193.739976783
2017-11-15,414942.4884963121,553859.4231430715,692220.1275110106
2017-11-16,404074.27262753574,542762.2862735285,682480.6554235565
2017-11-17,430958.59708508954,569529.973672357,707079.3042029443
2017-11-20,659266.8747003045,794813.9226513833,940252.2959573931
2017-11-21,547704.7437654833,675859.0164705663,812977.251711396
2017-11-22,493660.5535909993,623482.1381616163,756181.6280006894
2017-11-24,501419.95165649755,643120.4686632145,788087.6682409587
2017-11-27,743317.8935663282,873108.6020148112,1005389.012528581
2017-11-28,616744.9178046697,755525.1844029361,886056.452739145
2017-11-29,570526.9362400215,704480.1619392321,841998.544210769
2017-11-30,560112.8957776387,696795.2718468899,833737.9050930003
2017-12-01,585411.2757878822,726788.7707273242,848771.1192742508
2017-12-04,818297.228656843,961132.8437618696,1090546.8880012457
2017-12-05,708646.3756530983,845133.3671246893,981297.4471448942
2017-12-06,667194.6310148976,795728.682087784,927920.7774971261
2017-12-07,653861.2718526191,789720.1622320045,926905.6903854499
2017-12-08,688215.92570677,821395.7198824562,951876.0191150721
2017-12-11,931965.1728610423,1060245.102286689,1205455.5929901646
2017-12-12,803463.6800271646,945419.2723149329,1081496.058676677
2017-12-13,765408.6095874982,896911.6415775048,1038130.1989322823
2017-12-14,759178.4762356066,891448.9381862957,1020588.8280813077
2017-12-15,784147.4637850376,923242.1769282562,1054893.0213478156
2017-12-18,1016074.597230112,1159244.920298188,1293189.4751458485
2017-12-19,896750.6037180908,1042125.2891174648,1169390.7334772286
2017-12-20,849453.216083595,990550.2078532297,1124612.522758026
2017-12-21,844066.2169979765,981199.882430162,1115124.3448442316
2017-12-22,876370.5824657016,1008250.8718833174,1142206.8393686193
2017-12-26,972803.806313662,1099432.7919130167,1241945.4739840494
2017-12-27,901128.9237176472,1038842.5852142451,1175184.6450358555
2017-12-28,886176.5584043164,1019737.0304438254,1154890.6939609658
2017-12-29,896961.7414020479,1036369.6248659245,1170753.4535774824
2018-01-02,956769.369520321,1081299.9185086936,1214075.9563325264
2018-01-03,877748.377845458,1008622.3881582988,1133634.310906785
2018-01-04,847681.433466538,977499.0593726572,1116277.772543563
2018-01-05,836761.9632309256,982331.9842599889,1110958.406774263
2018-01-08,998692.0552674718,1131998.6574346658,1265441.871355583
2018-01-09,848927.633493535,985184.9999753996,1115014.419956679
2018-01-10,766694.048784365,903956.8237063747,1048284.7045234601
2018-01-11,729425.0255481031,865311.9360190693,994023.232974291
2018-01-12,716386.4667612668,863749.5142911496,994551.2711140465
2018-01-16,714068.4033784475,853604.4159997853,987057.117023875
2018-01-17,643703.6740107539,772430.1512912229,908766.819107422
2018-01-18,601305.0246737922,735150.9223407699,873623.412542924
2018-01-19,598398.0390828447,736224.69131843,875293.9254359881
2018-01-22,755190.381625864,889001.3018532819,1018695.6461906622
2018-01-23,612697.871977046,747838.8623087187,875838.6156719396
2018-01-24,537140.6183155756,674390.416016214,813298.8212791552
2018-01-25,512500.71703382634,645497.7058417182,781121.8527845873
2018-01-26,518263.48117055633,655475.2238587533,784269.7115442543
2018-01-29,710365.1780448698,836569.7950387486,966075.4585603784
2018-01-30,565098.9547628126,704882.2260557754,844566.0302035281
2018-01-31,494298.9203051376,640677.9790737387,776123.0768923882
2018-02-01,488481.662278254,620672.4249517759,760723.1355742293
2018-02-02,497775.5143487537,639056.7239633913,768007.2419930701
2018-02-05,707959.4012141215,841453.2562924403,967691.9039494846
2018-02-06,580144.002875796,715291.0735838468,859315.1344602257
2018-02-07,513024.809399801,655739.2369763014,791679.4480637673
2018-02-08,498344.70117115445,639476.3166153724,758311.7439515558
2018-02-09,526547.2529079271,660681.7707609363,780921.3948611087
2018-02-12,732438.2802609733,866150.9221596085,991736.2807208886
2018-02-13,607292.1972547105,739340.7602585768,884245.0933376006
2018-02-14,541498.9431913217,678402.1884349211,814139.129756176
2018-02-15,519671.9105943205,660089.8509825163,792187.0210879275
2018-02-16,534217.8176405455,678668.5258697631,809751.8587132655
2018-02-20,613743.4642327703,742964.5945702787,880698.0603628008
2018-02-21,542210.8704778368,677975.0132903354,804654.5971598185
2018-02-22,519718.4717990176,655627.5263210128,787077.4829849376
2018-02-23,536854.914466014,670280.9256796135,800318.3792870209
2018-02-26,717942.2870190276,855079.8287984509,984691.1270318031
2018-02-27,605864.6249539565,721614.491886524,859179.8075062223
2018-02-28,527236.7361681935,654402.1377595112,794476.0550217805
2018-03-01,487332.14293529134,630336.7561790099,759766.7133138162
2018-03-02,511123.107676305,643806.7561687757,775933.6905321111
2018-03-05,685722.8767766166,828389.7216031555,963630.0567448632
2018-03-06,556549.5864547172,695951.6231800849,826463.8043044545
2018-03-07,510170.79192198743,630284.3323915855,762761.1746877469
2018-03-08,470901.4653381934,608248.7473154876,738800.3002633733
2018-03-09,489000.90623277886,624191.9828185304,753914.85455641
2018-03-12,686112.2869104345,818339.3555755864,953452.8054388796
2018-03-13,566145.401340371,689605.1110254977,822430.6401559974
2018-03-14,498670.07084479654,627790.005320079,757137.2487470788
2018-03-15,486055.72104900936,609685.4550495704,744004.9375347069
2018-03-16,493184.73674528976,629568.0116496091,761381.1677780355
2018-03-19,696886.9605767243,834881.3123740492,965404.581741631
2018-03-20,575492.1280984815,709425.3183056132,849323.8440250618
2018-03-21,507471.4762670977,650560.0451524314,783682.1744105392
2018-03-22,497030.47308354266,635018.517310293,772831.539243658
2018-03-23,520595.72905111976,657023.520877466,791043.8627104439
2018-03-26,733824.6979955222,865604.5228378796,1008406.7188474122
2018-03-27,608869.4768287996,740083.1748375697,876940.5061274644
2018-03-28,545262.5760911346,680531.4415316634,815242.7069886139
2018-03-29,522212.1128025471,663666.9643960112,803903.912700677
2018-04-02,738783.2980334029,882562.46286287,1016773.3868332928
2018-04-03,613591.3001147938,752581.2444689436,894258.3999168007
2018-04-04,551728.2644722702,688008.4970503222,823026.549376345
2018-04-05,531116.9230934294,665603.0284471462,799930.276587027
2018-04-06,543104.987871033,679629.0073529264,809803.4853603515
2018-04-09,727015.4055910052,858227.5260358845,987323.9361863749
2018-04-10,586402.9742515751,720986.5077977445,857019.6359665921
2018-04-11,512346.45053726895,649032.3587214855,788673.5343675573
2018-04-12,479496.66543501493,619210.0358763254,744128.618291684
2018-04-13,495518.14566300914,625873.2433800896,761860.8242240793
2018-04-16,641359.4755971989,783630.341915675,910367.6190699851
2018-04-17,506248.10983866744,640165.5353840536,771326.1917056928
2018-04-18,442429.2025497921,562498.5529632958,699788.3744537436
2018-04-19,387440.4534869556,527558.2179855915,658488.9620493805
2018-04-20,389646.81537546776,529776.3019000428,671684.780303145
2018-04-23,544092.6308423794,678899.9694616003,806065.9180302855
2018-04-24,394571.0987975243,534298.4773386407,666843.6037029636
2018-04-25,317380.4653987422,456424.4018337338,584099.8038023453
2018-04-26,284497.52982851653,422223.25751729263,547010.2322375819
2018-04-27,289343.9340058297,426130.0236621909,561926.4977401427
2018-04-30,453312.8778994008,585839.0847317005,721432.5445776628
2018-05-01,299947.5796377698,446476.5386040681,583698.8277715858
2018-05-02,239211.96449785228,374598.04493040335,509697.28307866975
2018-05-03,204370.87161348882,347070.9731751011,485600.145557793
2018-05-04,213326.1390566881,358240.91085246287,494437.2313142259
2018-05-07,400128.7181874872,542240.9371048952,673132.497803812
2018-05-08,280177.062916758,411430.1520831203,543776.2679634843
2018-05-09,218520.09180711108,348130.61129565036,479101.54716849374
2018-05-10,193336.68896518974,329087.50536072365,453608.0396550166
2018-05-11,198977.47876225258,348525.89816476806,487831.8827216288
2018-05-14,415319.30123018444,554903.406819639,693236.7546661237
2018-05-15,291530.8020311491,430402.2569198403,564237.8178875562
2018-05-16,233740.34752491667,372693.1950372555,505234.0560168246
2018-05-17,220804.9469718759,358453.727463569,490599.7949675198
2018-05-18,241352.91014345738,381855.7860364186,513590.58284362085
2018-05-21,463150.78892004094,594790.4349740336,741133.6712124756
2018-05-22,331422.0680187867,470681.53898432734,609115.2306365868
2018-05-23,274310.17809025844,412501.65171937237,556206.2541425677
2018-05-24,262667.94488313515,396972.4635732295,528903.3246746603
2018-05-25,276439.6854551308,418324.906950792,548009.4725066633
2018-05-29,358664.83630486904,492974.02757294325,633639.8564271947
2018-05-30,292690.4048833809,430246.1395114454,571522.7709983614
2018-05-31,275330.2893883653,409986.388687602,543725.687198869
2018-06-01,295676.6004922701,426540.23851994344,555829.591529435
2018-06-04,488901.2750526529,615865.1020376675,752990.1446343954
2018-06-05,349381.5303811394,483526.6879415709,614135.0858144222
2018-06-06,285934.14223202225,417268.2957662238,541365.0267953476
2018-06-07,260317.76918137955,394001.46276659623,525142.5950002337
2018-06-08,277898.7298452535,408135.80934329657,548079.8911733853
2018-06-11,452257.1795375743,594157.0043111545,724023.8195506579
2018-06-12,333818.69328730396,462103.51615908986,601389.8946427298
2018-06-13,257486.9652664377,396818.7126747584,532671.1930464118
2018-06-14,234289.47065529972,375188.9727512263,508772.30633088347
2018-06-15,252335.2434974466,391584.67876088613,532484.929788539
2018-06-18,450663.8023820629,587556.0156283203,718270.8108917418
2018-06-19,320440.41630346444,459629.3192072479,597909.0129808505
2018-06-20,265529.63382246415,398733.716152085,532576.9000670302
2018-06-21,248469.30089778223,381662.0446198378,507984.50120631687
2018-06-22,270752.4857507391,402688.6831584706,548171.0404349919
2018-06-25,477320.17704301944,612036.0807628499,752169.2759696278
2018-06-26,347495.3248123054,488093.6786069392,620411.5478406895
2018-06-27,295943.6450143318,430878.1641292926,568604.0448394598
2018-06-28,289903.9662015931,417042.4207077817,548395.3247435425
2018-06-29,317019.7012951087,440800.46878312295,573088.2048564311
2018-07-02,514186.05686083913,654877.8787870876,791314.0777502316
2018-07-03,387366.7845708074,531271.2194899595,660651.2050336219
2018-07-05,320252.62300800177,458863.2023529736,591759.3045185106
2018-07-06,350317.84328542557,481030.8561736116,613993.6143678257
2018-07-09,551278.0758603624,687104.077676479,824087.4492800329
2018-07-10,430890.61207392503,559919.0026890679,694163.9595602041
2018-07-11,354706.3254426484,498403.8429797438,631923.1577125075
2018-07-12,342491.96768449846,479359.9160144015,618246.8714435942
2018-07-13,364269.6898569907,497094.2520121709,640046.8698253555
2018-07-16,558352.116713644,689305.3542841017,826427.3961000855
2018-07-17,419644.21555390424,557549.7983275375,697474.3752660167
2018-07-18,348873.4897726751,491601.4094530946,628274.4037527923
2018-07-19,336845.1510847998,468322.4946091771,607213.2951464801
2018-07-20,349161.83809617034,482075.6107696006,612089.7671048736
2018-07-23,526091.4201539705,664325.5046092484,801637.5078635577
2018-07-24,396838.55608713476,530028.8728267901,668843.71892829
2018-07-25,334164.8458505194,461970.21102109714,603880.8894546011
2018-07-26,296221.26612459414,437025.62661720667,577455.59391984
2018-07-27,306287.0842840159,449564.4673333352,581035.1832990278
2018-07-30,492796.0686912227,630850.2724164806,774262.9127114158
2018-07-31,365305.7322001733,497086.12191196694,640820.6875100208
2018-08-01,293768.48678082594,429954.6680910502,570134.108168427
2018-08-02,275269.8689827018,406306.3624902284,537315.8851831073
2018-08-03,274406.6063876912,420481.53173333034,550165.685898792
2018-08-06,475337.816983078,608388.402575831,742213.1213390387
2018-08-07,345803.65330274747,477283.75509786204,611900.3574992034
2018-08-08,274135.7154400483,412976.27050301793,543852.4465011302
2018-08-09,253352.12254071512,392278.6404445042,519538.1620932613
2018-08-10,275652.2741941311,409493.4781771246,549729.3546154235
2018-08-13,468255.71942939435,606682.8887493198,742698.5508579928
2018-08-14,346574.85167179676,478607.3381459777,621618.3635789978
2018-08-15,277293.8934240712,417326.99730472086,546854.1336842013
2018-08-16,264503.7845411384,399534.42851693474,533025.3680041987
2018-08-17,282299.12467911554,419501.3908743345,565184.6286594442
2018-08-20,488586.1224349358,623747.2758291311,757401.3344048943
2018-08-21,369238.7082234502,497539.88961245643,636122.7363916739
2018-08-22,299317.62687644246,437761.7184881402,576977.7483138983
2018-08-23,290498.40865888936,421175.3104721618,565291.0495903468
2018-08-24,309185.8049191895,442037.66295737843,580636.7133950987
2018-08-27,513872.36277728964,647008.5339185941,775282.612786274
2018-08-28,387055.99444528186,520375.8404630916,664818.8320665685
2018-08-29,331061.18782356626,459842.6163514758,603609.5411341874
2018-08-30,301761.04835483717,442180.31133564,573869.2498129314
2018-08-31,332369.9167451634,461659.4688228643,600372.4587611071
2018-09-04,396877.4618203787,531826.472812873,666175.2384900174
2018-09-05,336639.2633837707,468738.8691605784,604208.4355022623
2018-09-06,306582.35117621976,448391.05906694033,591722.4029897552
2018-09-07,325809.44450487214,465096.3364945264,599071.8537672634
2018-09-10,527437.3575414654,655888.6952580627,789638.517376875
2018-09-11,391320.74653172726,524211.6623309422,660199.6187379947
2018-09-12,322864.734803952,458611.08046973986,587743.3913333444
2018-09-13,298124.54344669025,435943.7343461056,572535.6396587645
2018-09-14,315505.4128172854,450565.9486540367,587631.5917615861
2018-09-17,496601.25747370353,636898.2239273102,776140.349315058
2018-09-18,371847.4754455337,504428.18762738915,641194.9456681462
2018-09-19,310849.90286546934,438414.3989646667,573917.7387296581
2018-09-20,273158.8494671412,415722.7044678042,554331.9584211647
2018-09-21,298118.07641641266,430710.75519945147,563663.984049962
2018-09-24,488395.37300156336,620375.6876199328,744734.8866339538
2018-09-25,348768.7777852897,489687.1521898853,622384.138798657
2018-09-26,288910.6723988456,425734.582461048,554487.1785403795
2018-09-27,266172.99424349755,405340.6738638084,548517.2455202743
2018-09-28,287370.66662359255,422814.5361018332,565448.4196055109
2018-10-01,490876.7539785222,620521.1312855461,757408.6734521306
2018-10-02,355997.85597429436,492515.595033508,624125.0117879175
2018-10-03,310347.20924516255,431238.086716634,562052.2131392958
2018-10-04,279429.3151521396,413367.58932694636,544716.8674780559
2018-10-05,306295.22352772206,433160.8434955349,576121.2885601317
2018-10-08,496744.7772896088,636156.6541960976,774626.9583372381
2018-10-09,368395.2031079718,509243.6871150717,655643.4104161166
2018-10-10,320441.975338741,448598.79937968653,589227.814750178
2018-10-11,298805.6858396906,430980.28896323615,560760.7131970043
2018-10-12,315880.8034837187,450645.93452989846,580831.347148918
2018-10-15,515237.2473790877,651135.5406928569,777587.0399818632
2018-10-16,384257.25710165047,522776.5296051309,658831.6110875724
2018-10-17,324526.3584448859,460449.56170372886,587385.2119354786
2018-10-18,298821.7670706898,440965.0355361259,572951.5233808116
2018-10-19,322452.6775468169,458638.23700638954,593667.5453118513
2018-10-22,515370.37927037105,653018.9268648939,787342.8783115624
2018-10-23,394159.3137541915,522795.4924764365,662933.7083967485
2018-10-24,326928.10698884714,458795.82770012744,593622.254183772
2018-10-25,300610.3790491046,437889.31010056264,577026.4916305129
2018-10-26,317050.06987906544,454445.17049665697,586844.5184360837
2018-10-29,515536.8578223216,647739.4518002296,782462.2273893629
2018-10-30,393261.53330702306,518013.99209823133,657723.7326806439
2018-10-31,320330.7952260977,454971.7573790911,586027.9212543201
2018-11-01,301555.2154916951,435485.065864956,563995.6455556778
2018-11-02,319409.1192843067,453916.1830898734,590944.3468015655
2018-11-05,522633.1013816025,655357.919768564,797449.3991692349
2018-11-06,396667.3522254963,529076.159213985,667675.3325481849
2018-11-07,341453.82844604424,469767.39656862017,606937.5208830691
2018-11-08,321602.8565732867,454251.2836449542,597328.5511608884
2018-11-09,348895.9171510656,476833.9241657794,613803.016861333
2018-11-12,555762.6474389511,691233.8365432452,828374.8423890587
2018-11-13,423107.26678643975,569249.2723614256,691633.5770350405
2018-11-14,376907.7507036363,514138.7323577875,644349.0851672792
2018-11-15,369369.9284760199,502676.26553647994,636108.3348226846
2018-11-16,392024.54301797046,529128.7281473341,653245.9471171938
2018-11-19,613331.3788123721,753755.0671485589,888480.2061090864
2018-11-20,497611.05763821537,634747.7954394188,767481.8446361225
2018-11-21,440903.44857119385,582352.5346572807,721716.976457343
2018-11-23,464979.46943512326,602030.2417359503,730701.4303840593
2018-11-26,691267.8170887901,832164.8438013378,963069.547313916
2018-11-27,577429.0542804053,714627.817402343,846579.6427584925
2018-11-28,535800.2445155864,663619.3428570711,797768.256746298
2018-11-29,517299.2824027414,655957.7157445742,781518.8770218045
2018-11-30,557061.2295682675,685959.2321885602,823644.6493494619
2018-12-03,784676.2572863334,920241.9410886305,1060752.9691266182
2018-12-04,673007.4021275012,804204.7889950178,939648.8163782211
2018-12-05,629233.4776560292,754764.1416806758,887049.4172641819
2018-12-06,616369.1497874367,748730.2713071016,884736.121799913
2018-12-07,648012.7848559079,780401.6063775191,924277.2985765724
2018-12-10,890193.5745389065,1019618.8727964854,1148374.551603054
2018-12-11,769061.2789978113,905045.574359912,1037311.8066758169
2018-12-12,715643.1299030429,856879.5234446672,995056.9857704374
2018-12-13,724498.802112386,851861.7453906331,985650.1194675405
2018-12-14,751779.4146367204,884216.8828199906,1019941.0659261041
2018-12-17,989275.2382587896,1122724.938204568,1252144.8569494397
2018-12-18,873782.2707846323,1006744.0346262432,1147134.0244804297
2018-12-19,820727.5088763433,956469.0810446795,1089679.8034985855
2018-12-20,825106.4757757713,948582.0594046765,1091998.5294681392
2018-12-21,833983.2350005585,977258.3482034613,1108738.8509998384
2018-12-24,1057030.1955156655,1199563.699596762,1334978.4476100795
2018-12-26,880839.8401031678,1018146.8772193247,1152122.9132333705
2018-12-27,863499.863423337,1001439.8716544628,1138622.593969602
2018-12-28,891790.2770833231,1020539.3722003077,1157304.5178470325
2018-12-31,1079178.702857297,1210380.3332271874,1337842.2870112082
2019-01-02,875745.2027765667,1005269.2116215223,1145315.3694509855
2019-01-03,844026.4972789547,976480.3490292553,1118708.26168702
2019-01-04,843261.1450003216,983530.8538040015,1124323.9822455253
2019-01-07,991548.1875629905,1138905.909871948,1280417.0232086899
2019-01-08,867025.920107377,993610.2208932909,1135676.3598206441
2019-01-09,780601.086187225,913679.5348890002,1056066.257823436
2019-01-10,745862.1274145842,876107.2636611075,1015598.9462134839
2019-01-11,739420.0493841281,875376.7524259397,1006131.4533538332
2019-01-14,876675.7051929649,1014349.8889196867,1158472.0459459475
2019-01-15,736116.4006268099,866121.0743976417,995723.9491599925
2019-01-16,652558.6363460672,784585.6917411648,923890.5046135946
2019-01-17,619425.5467854567,746735.3628459936,886116.2957225661
2019-01-18,619310.631332379,747045.6417338947,888971.5201496633
2019-01-22,625399.2423893833,754125.190842747,888739.8823503114
2019-01-23,541165.3770212051,679300.3958933502,816184.6524619688
2019-01-24,517495.295579791,648989.1693572245,770498.6532187902
2019-01-25,526440.0424223127,657533.9765543757,793597.3871645753
2019-01-28,699664.4566049784,834514.1045168601,971567.4487955915
2019-01-29,564468.1791602662,701598.9675275375,832729.3773117439
2019-01-30,494776.92661944014,636282.9321678379,772811.439360784
2019-01-31,474108.2412166196,615292.0504235311,744013.3778916311
2019-02-01,498045.42167970096,632832.7125145041,767086.1341126974
2019-02-04,699368.1582932617,833653.7932301788,968030.947052055
2019-02-05,573826.9139477643,707303.7585625462,845372.1310288806
2019-02-06,512972.75721327844,647733.9746222022,787882.2034315299
2019-02-07,495863.48005989176,631619.0515996597,766944.2753634242
2019-02-08,515886.40875848674,653131.5751927289,783661.9208928456
2019-02-11,731098.9992925536,860369.1861664021,990468.4842880103
2019-02-12,597970.4107932763,734384.5046373095,870171.3038146223
2019-02-13,541333.473751857,674362.0539981461,805344.4344807991
2019-02-14,526819.7909098683,657038.3559937715,785176.9764796151
2019-02-15,536315.1434120291,676659.4623171095,808176.0151897715
2019-02-19,610534.9516299693,745288.455839013,876801.8753154204
2019-02-20,552787.413910445,681334.04826619,817514.6707654101
2019-02-21,528696.9713736256,659970.6284927569,799025.578224397
2019-02-22,543837.0639394235,675543.6028323212,817730.7174877251
2019-02-25,739260.9894124924,862607.9827763635,987684.8002529268
2019-02-26,604842.1015987608,729707.9306650009,878060.3626396126
2019-02-27,539431.7876666968,662958.381004445,799889.8832019366
2019-02-28,510433.6648279056,639251.9172764822,775047.4050942134
2019-03-01,518230.1724668965,652977.5590997662,784099.0958140446
2019-03-04,713964.1035558867,837742.1090608404,978449.3796997394
2019-03-05,579738.2059237442,705189.3490023928,845990.0092451249
2019-03-06,506506.5659647206,639333.4549586693,787692.39699313
2019-03-07,481846.5446730216,617045.3607970031,756171.1709983372
2019-03-08,505549.49228616204,632683.1821927913,760465.9032503754
2019-03-11,688347.9120379802,825717.2930551011,956569.0049302138
2019-03-12,559297.1589563933,696588.5522298933,836564.170643113
2019-03-13,497765.0227947263,634388.7954205703,765672.8299782433
2019-03-14,477144.4747261625,615922.2531952985,745648.2870251396
2019-03-15,496580.2200871531,635477.9869838343,773044.6443978861
2019-03-18,706513.3674047175,840139.3391548048,972683.4729430366
2019-03-19,576067.093094131,714611.2608499306,848373.2993109722
2019-03-20,518282.8117572017,655762.2538298713,791518.6198528735
2019-03-21,512055.6275963885,640333.2898887502,779868.9634585009
2019-03-22,522198.5082970979,662553.9804552259,797468.7303743489
2019-03-25,734047.56655944,872450.6092100819,1008089.0361827497
2019-03-26,621961.2947673516,747600.6730457124,897834.8582460663
2019-03-27,557989.6678852906,688838.3099158624,832545.8247798329
2019-03-28,537038.4147610329,672879.8992286815,810935.3298057895
2019-03-29,557250.8021349044,693937.7884967858,823781.8595081466
2019-04-01,754731.2787555936,896489.1037823341,1015803.3405488865
2019-04-02,635170.9283583454,767926.2466023997,896661.7825689339
2019-04-03,574198.5421632245,704849.783865054,843633.2295892199
2019-04-04,536267.3128739964,684007.0996940723,807780.1386029987
2019-04-05,566945.7267053297,699649.695790351,829597.7890714465
2019-04-08,745424.0365379525,883278.2273240315,1019988.696162081
2019-04-09,613874.8016777941,747721.9660871362,884336.7206057236
2019-04-10,542504.390834828,677429.0719700045,812603.7010903122
2019-04-11,513164.57420214685,649227.4650171704,777323.1245765032
2019-04-12,516557.37540444755,657453.7903648651,788615.1803194422
2019-04-15,675705.5126030616,819388.9848964107,946273.7991400075
2019-04-16,544145.9605968723,677094.6996129608,808649.5687357332
2019-04-17,464447.53108622995,600463.926139813,734565.6474938309
2019-04-18,433776.73268413293,566413.6895179859,696243.5833188326
2019-04-22,597157.3887573956,719684.9731495164,859830.3721743292
2019-04-23,435950.15322406206,575134.9570265418,698075.8216580764
2019-04-24,370048.97790924244,497139.2290026239,627986.4465462463
2019-04-25,323352.25599833165,462647.42236986535,596707.5571625832
2019-04-26,338467.4815802743,466101.2438901624,609335.4677547083
2019-04-29,492220.28580943873,623582.8327732655,761871.6801445972
2019-04-30,347901.0545486214,483234.95507291926,616311.2393588393
2019-05-01,277716.52803015447,410278.2293281666,535396.3413865846
2019-05-02,248945.18064075345,381599.7064661798,514188.9910378362
2019-05-03,260960.47262125366,391565.9399804535,527963.1957510116
2019-05-06,441126.808775371,571862.7258571604,706317.2906436896
2019-05-07,305975.75894227467,439861.813256038,572177.05552436
2019-05-08,233402.32007869068,375430.97460441693,505005.29701008805
2019-05-09,217428.60393530288,355336.07738213165,488309.63072175987
2019-05-10,249615.21260430664,373821.424671541,505203.52142854914
2019-05-13,451214.43795567664,578095.6974720638,712434.7476846057
2019-05-14,311807.8519606427,453188.1203978361,591410.2326211109
2019-05-15,268159.1473504382,395234.54378028464,522476.4668557234
2019-05-16,243376.9608968678,380916.80209359445,508818.13405481115
2019-05-17,268820.62490720605,404408.06694026745,537574.1990874042
2019-05-20,479703.3647346091,618581.3655203676,751408.0962258929
2019-05-21,360442.5923847649,495182.94061582815,624507.9875324001
2019-05-22,310354.2852674315,437842.46012085746,571000.699580805
2019-05-23,284983.48498838523,423266.12270211475,547338.6505326325
2019-05-24,316719.7949694331,445667.41905204055,577271.3323222703
2019-05-28,402904.7967991321,525076.2256348797,661264.9982067369
2019-05-29,327987.6731422746,463574.50901552354,595379.2871081068
2019-05-30,306706.6192626113,444513.5836954068,578229.9459788721
2019-05-31,328203.1958643683,462219.2384659659,592784.5026017172
2019-06-03,518844.5714338568,654543.2787066443,790863.9989030415
2019-06-04,395058.1441185542,523004.375415607,657698.3462596326
2019-06-05,322164.0049035322,457427.2360190066,585960.7158693605
2019-06-06,301048.08270578616,434716.48811134975,567800.4668146931
2019-06-07,320486.5497046769,449250.29514886433,588874.3742321826
2019-06-10,506048.36556620186,635696.593140742,768886.6289419954
2019-06-11,374406.4376415027,503541.6964647067,639285.7099143141
2019-06-12,314050.5854908238,438047.7349165725,583390.0399068397
2019-06-13,275450.59624893137,416112.8205599233,542578.1672260038
2019-06-14,298911.7202169478,432120.98909813614,564931.0153104812
2019-06-17,494370.2300167961,626593.9032668585,763650.4229099284
2019-06-18,363060.24192902935,498113.318390212,639027.4714250527
2019-06-19,297882.60858965595,436666.41548533586,570756.1048481349
2019-06-20,287418.5714254002,419063.72720696125,559170.6955066964
2019-06-21,298517.5858705171,439596.68665559485,579203.481794517
2019-06-24,512680.83126359055,647841.0193382261,777210.5185672685
2019-06-25,394781.46471812786,523700.67553646246,660049.9503805538
2019-06-26,323664.1690935193,466319.5711460759,602479.4199463055
2019-06-27,320655.927068256,452427.6128568634,579264.919310535
2019-06-28,327079.6322172863,476243.80815085326,613530.9023718517
2019-07-01,555729.9809872048,691197.4955042936,820203.397603277
2019-07-02,428225.42017036583,568110.961661683,708284.307612832
2019-07-03,367813.49930077844,511154.31802688923,641861.2687455968
2019-07-05,386053.4807510864,520033.5597529571,656756.6967455331
2019-07-08,599016.8809161804,728966.3987650482,866911.6774492247
2019-07-09,466963.72683446616,602833.0417989254,735054.0371017145
2019-07-10,408238.6421922566,542396.675752993,676369.1951230228
2019-07-11,387769.9279791015,524445.1016383601,653731.6309947649
2019-07-12,408062.8701268595,543272.0531302936,669551.787573834
2019-07-15,610123.489018164,738637.6909006035,876386.7882610841
2019-07-16,475402.29114738735,607854.979341661,739370.6767351007
2019-07-17,406401.7269267347,542823.9098429534,678448.3825108543
2019-07-18,388389.2373393565,520398.88007541484,656488.8445596924
2019-07-19,403778.799477951,534935.8511887927,664772.0476638721
2019-07-22,581194.0087963027,719071.4633726486,857658.7583586111
2019-07-23,451804.25547339255,585239.6026135904,717952.3771622151
2019-07-24,378562.84586821456,517562.75698744244,651384.2990041488
2019-07-25,358906.11873602046,492918.1801997725,633737.5795969877
2019-07-26,374899.1004274872,505626.2841728061,640066.9506443979
2019-07-29,552891.2372269026,686977.9350124986,829074.3679261701
2019-07-30,415038.66279694985,553104.0513881324,694776.8213682717
2019-07-31,347919.02647230285,485806.30846191896,615771.0221784175
2019-08-01,319962.9465216738,461941.3771192125,606045.5704047874
2019-08-02,344364.3543840029,475856.0919196207,607438.8277379057
2019-08-05,529724.9446303605,662786.1795127876,803922.6710502192
2019-08-06,390440.4057572161,531313.6120708943,664955.2568328015
2019-08-07,331100.9189207315,466628.38256774296,599219.1546001039
2019-08-08,300233.4257768926,445549.83845119464,579604.7323014346
2019-08-09,323649.8102581376,462387.0951405751,594889.1018352647
2019-08-12,522444.68836062466,658525.834170284,797358.8716714532
2019-08-13,390778.54725518415,530146.9374846013,675841.4502269449
2019-08-14,328250.0781019003,468508.0132711213,588307.6617737431
2019-08-15,316061.9463644125,450394.3711196215,585924.9686728134
2019-08-16,339785.7470300952,470082.4037784012,598414.0369022415
2019-08-19,531114.3132879322,673784.5943124177,811069.473828193
2019-08-20,409541.75901395595,547504.7415919027,693778.9063987612
2019-08-21,357153.41085510125,487712.6752808129,626150.4457857123
2019-08-22,341505.3396169105,471172.53947990393,607341.4485275821
2019-08-23,355860.8980075941,492142.2414578047,618864.7733270309
2019-08-26,563982.8767701723,697799.3985083814,830601.0517742123
2019-08-27,440006.04086043115,571512.0766301522,707906.008969416
2019-08-28,387271.26580554654,511377.9975807498,640507.8988763802
2019-08-29,361757.1625256183,494164.58975070843,623698.7831212985
2019-08-30,378335.3804131193,514137.518815847,646846.7884952915
2019-09-03,457908.1576406928,586603.1642119477,727744.6922718467
2019-09-04,390879.21686089755,524133.9011627106,662385.7954040961
2019-09-05,370144.9429636672,504405.2195436612,643618.9866457188
2019-09-06,393475.97774940054,521721.52975924336,652226.0372977436
2019-09-09,575434.4063641115,714209.6106362113,843876.0407109064
2019-09-10,453753.82597625663,583023.6569137562,709027.1411123697
2019-09-11,387395.10798618884,517864.13169897255,638750.9978271155
2019-09-12,357982.4857242777,495581.17131502484,625875.928309889
2019-09-13,377167.5412136656,510525.42930724437,644548.9356323704
2019-09-16,569497.9357509587,697410.6913084199,840000.6686129256
2019-09-17,424785.4109262759,564980.8938286287,698891.8750712427
2019-09-18,362407.35242857714,498935.7048376915,622725.8992337958
2019-09-19,336029.34484546434,476143.4438626774,603952.7707603083
2019-09-20,354179.206408733,490965.7074244358,621954.1323323174
2019-09-23,542617.5899837827,679802.0596534929,814388.6214866984
2019-09-24,416955.27375940117,548753.0433038217,677346.5592606678
2019-09-25,340790.00041609554,484413.40029503143,629015.5127520694
2019-09-26,326290.0930308578,463616.2432111008,592104.8933464548
2019-09-27,342943.7717525682,480681.50750384934,607645.0809538836
2019-09-30,545873.921795408,677239.339809907,810299.5967566376
2019-10-01,412501.40412206075,548911.4199385301,679044.8855616861
2019-10-02,347805.38988483074,487269.71898272773,616724.600492128
2019-10-03,345332.34391317435,469089.0559130662,621065.6704156583
2019-10-04,356178.39243237954,488632.85295904306,627014.1935839533
2019-10-07,557600.2993787158,691288.4279381876,832181.2319983502
2019-10-08,424690.7460927079,564404.2438113648,699114.5405362666
2019-10-09,363028.9547262866,503857.84362142486,625627.9954133064
2019-10-10,348364.32495345036,486403.9935932205,607713.4630148575
2019-10-11,374627.06565624976,506295.2162518058,641465.1246080534
2019-10-14,580278.9861510608,707751.2368267389,845446.438179451
2019-10-15,450588.51060816244,579779.1370117444,707572.6832137064
2019-10-16,383088.67463349656,517853.0912960405,652280.876898685
2019-10-17,369468.94136327284,498771.5247586279,626959.9666490469
2019-10-18,385996.20464710594,516837.51329435495,656419.3724344801
2019-10-21,579713.2087225169,712216.0712405681,847332.8560926314
2019-10-22,447456.62710930547,582228.1774169569,709862.9188864038
2019-10-23,389736.38407300116,518399.4475242452,644162.2820934381
2019-10-24,357761.2423622155,497591.5571716669,625225.7086934532
2019-10-25,380580.37003216986,514167.6005595738,650812.3655298917
2019-10-28,581879.7288790033,707016.5922727701,852531.7757882511
2019-10-29,449988.12026213686,576971.5747845415,712563.6130076012
2019-10-30,377187.5855431651,513527.5806652778,641156.2126929747
2019-10-31,361276.2620190744,493561.5916891445,624830.4042888139
2019-11-01,382248.1705499841,511442.1307952661,638710.9428491986
2019-11-04,574928.2153460901,710886.9448593571,846277.7534507754
2019-11-05,456434.9414230534,583856.9842729958,708106.6355094552
2019-11-06,395355.46610014385,523776.5646008961,665843.9327123697
2019-11-07,377906.73064650816,507476.37312259094,645368.1110754784
2019-11-08,392314.54881572956,529273.3682137143,653676.9154785022
2019-11-11,608059.7953210892,741406.9427068726,872667.7910349137
2019-11-12,487654.3989897452,618725.8673003861,752943.184435677
2019-11-13,423527.24035382457,562959.618661352,691885.1057589614
2019-11-14,415364.94802872214,550886.8942075454,691980.5495137986
2019-11-15,444368.01303592604,576777.6241064018,704445.2264012649
2019-11-18,663596.8809615806,800016.6625952278,939489.985043635
2019-11-19,545230.1826018038,680558.8925847274,811097.871450952
2019-11-20,488454.61652802274,627753.957341056,769158.1706012797
2019-11-21,481790.2159226495,618379.5133081318,745153.2830284009
2019-11-22,509502.1474549789,646712.52397111,779571.1974551674
2019-11-25,735884.6432103333,875919.9627786642,1003593.822361623
2019-11-26,619433.6054914421,758086.9909233957,887423.3533509165
2019-11-27,577950.3086837006,706778.7725199447,846258.4982467133
2019-11-29,585940.2659447687,728489.0656279168,864007.9162695463
2019-12-02,834851.342599562,961717.9678914833,1097047.3852341545
2019-12-03,710092.2734170953,845302.9020256186,979588.23430146
2019-12-04,652419.5416805828,795477.4314260343,941702.1173144989
2019-12-05,649594.2016391559,789058.498106819,917158.6691627097
2019-12-06,687969.8466889933,820352.9987918367,959387.2409405373
2019-12-09,932298.2569425821,1058597.5136871538,1194400.2269885456
2019-12-10,808600.8097647018,943794.9784743832,1082370.8995965451
2019-12-11,761880.9819398243,895470.5435702696,1031490.9890675774
2019-12-12,768043.7828053711,890379.7986451411,1026098.9505626688
2019-12-13,790439.4085357713,922761.7872168176,1057885.3690313704
2019-12-16,1022773.9737949404,1162082.3637425536,1292821.3642345436
2019-12-17,909704.5016511567,1046654.1847223174,1183088.4253737847
2019-12-18,860103.582868569,997087.2874718744,1131357.9639570296
2019-12-19,854869.3613546642,990068.8383455412,1122263.3293716437
2019-12-20,882612.8851933692,1019776.7021766194,1152963.1872309227
2019-12-23,1110331.1390288442,1246135.122973032,1389457.354826954
2019-12-24,983552.8385488311,1124648.377378712,1247863.794259854
2019-12-26,920244.6073167417,1053329.531848338,1184190.7266255084
2019-12-27,933435.7016787983,1074416.0785261942,1206429.0637290764
2019-12-30,1131839.7290611858,1270567.0564854247,1402048.26243194
2019-12-31,1009427.0358282765,1137845.0486074546,1281508.7512426858
2020-01-02,906897.9784277272,1042963.6238776259,1186466.0422027297
2020-01-03,918002.1416758264,1051982.773919263,1174841.5377828903
2020-01-06,1076257.7446028062,1212500.8385175304,1347247.6072265287
2020-01-07,929475.0805471756,1068585.858502296,1199617.480584914
2020-01-08,851674.1177758184,989835.0642615235,1125927.3842497345
2020-01-09,827653.2042835468,953218.1936559235,1092871.5545830727
2020-01-10,823171.0006846391,953213.3213655618,1089788.750836761
2020-01-13,959655.8673678627,1092911.5603403037,1224691.3419894706
2020-01-14,813457.0888682895,944435.3331196606,1083755.4021974686
2020-01-15,719529.64532607,862415.1298441697,996529.6859763353
2020-01-16,687043.2058464098,823852.5543193541,948301.647594016
2020-01-17,680281.6252786017,823236.6955990193,960463.4495426626
2020-01-21,699210.483416631,824851.1052248734,965257.9397215076
2020-01-22,622272.8318403506,748335.9798546435,888427.5510286357
2020-01-23,588024.6568861156,716257.3270001058,851733.2351915872
2020-01-24,589399.1134353773,722985.5240028069,858204.9732169146
2020-01-27,761176.850121199,894498.4648746254,1024977.4416671603
2020-01-28,639209.0091131646,759843.7441970614,892974.992231754
2020-01-29,561022.0621488775,692870.1929229412,838170.2343942738
2020-01-30,518916.6131271148,670325.1963221089,801176.8028163317
2020-01-31,556023.7381251769,686433.9373130001,825157.3112009686
2020-02-03,751723.5002323539,883836.7898209599,1017901.49396436
2020-02-04,619130.1152135661,756672.2488679561,888290.2016700438
2020-02-05,555820.286637265,696458.4436448661,835683.6903968779
2020-02-06,543645.6382275473,679869.9161755327,816251.5443252563
2020-02-07,566021.9128316412,701076.0511213797,834898.5535436962
2020-02-10,782254.7801877382,908322.7092353518,1045052.0573720416
2020-02-11,646180.5366024337,782612.8298574034,918349.3170610786
2020-02-12,592445.2101439259,722977.041127794,857495.0746683091
2020-02-13,574713.0266787031,706135.0370780495,847902.8783302574
2020-02-14,589705.6606100624,726314.9578664092,869236.8388571162
2020-02-18,660562.6355457045,797575.6445680356,937808.924759347
2020-02-19,599286.3240968398,734285.6165802266,860450.6877438314
2020-02-20,579752.3935898738,713554.4293344821,846092.1586858862
2020-02-21,586198.4163601894,729712.1344298816,870720.3743636883
2020-02-24,777971.2905944668,918116.5105561193,1051401.324285798
2020-02-25,643093.7358442176,785491.2704562651,925402.7754952171
2020-02-26,592055.3189656076,718918.7297216153,853658.9345036376
2020-02-27,567519.980525518,695287.4686879299,839015.9195339442
2020-02-28,566879.0592074165,708984.586305139,852473.3468995994
2020-03-02,751372.3018726152,893051.9946694537,1018139.1915933237
2020-03-03,630907.7390418331,760075.8998321096,893064.0318314211
2020-03-04,558732.3988493904,693711.8323199572,837054.3298814801
2020-03-05,534133.1527823255,670839.2874244855,805844.742691722
2020-03-06,554891.9805486331,685826.1452926459,826478.5033748646
2020-03-09,738726.376015403,876619.9689758291,1013464.0908872806
2020-03-10,609293.2098499156,746689.2165060017,891966.9050032222
2020-03-11,556647.0849410649,683681.0910088484,816788.1838728042
2020-03-12,535477.0678383153,664412.7926472789,808150.1844265596
2020-03-13,547698.2732080615,683186.2484302786,824166.8381149244
2020-03-16,758690.1209762746,885741.4178514794,1029666.8853944391
2020-03-17,617856.4494040181,759630.1267530659,896949.9582765362
2020-03-18,564962.1725560888,700274.8790411018,839899.2314008486
2020-03-19,550487.8027752634,684425.8725937682,826218.1549758003
2020-03-20,569224.3733831155,706320.9334964277,838588.3968024673
2020-03-23,771036.5633094525,915872.3038432214,1040910.5295835283
2020-03-24,660625.660015549,791133.3519201525,932015.0592494513
2020-03-25,594312.3914695691,732599.4522341996,871646.4117820312
2020-03-26,590427.1187329917,716987.5487198558,852572.0764880469
2020-03-27,610718.8604545137,738509.0958208473,875630.9048558977
2020-03-30,808790.7357981128,943123.015633694,1076248.7634942795
2020-03-31,677736.813351209,815453.6541452935,966446.3822846084
2020-04-01,618399.5200246857,753361.0073180855,885519.9050508454
2020-04-02,603206.2330934769,733582.713235005,873308.1505780008
2020-04-03,623214.033649186,750359.1755157922,890800.2499665442
2020-04-06,809631.0239454178,937676.8218025767,1076505.0240098312
2020-04-07,680675.5924869376,803397.7118309637,939031.6477550821
2020-04-08,594996.7043166513,734379.3791590774,858982.4284470888
2020-04-09,576366.0079076983,707433.0597981038,828789.4011925703
2020-04-13,750146.3929189426,882083.3494645234,1012247.9083010758
2020-04-14,609267.5679466979,740695.1498963052,881607.3504319224
2020-04-15,526867.3762028059,664853.0139615352,800549.6092971097
2020-04-16,497337.6424605426,631460.3002009063,772225.9985664367
2020-04-17,505935.3706388291,634926.543930665,769067.5576827441
2020-04-20,647463.4174463005,785833.4021915256,909306.7622414181
2020-04-21,508643.80356624833,641139.6602079716,773615.9761149136
2020-04-22,424076.45843226044,562825.5933436663,700340.54263642
2020-04-23,385947.1205452188,527841.6983079449,664469.1424083982
2020-04-24,393151.0357384088,530633.1465707043,653401.9520577057
2020-04-27,557811.3673155302,685179.487564921,821246.9483964416
2020-04-28,403271.4722844259,543574.1769439512,675645.5470705641
2020-04-29,337337.0365211603,469244.804434353,614683.7699131337
2020-04-30,317162.79637058434,439096.05279076943,580344.1069151941
2020-05-01,301433.00341140886,447513.784654695,586242.3355318344
2020-05-04,470705.90988266724,622906.9443136026,753290.752794622
2020-05-05,350718.30413496576,489259.57276552834,623313.812042702
2020-05-06,290895.4000489932,423213.82761126617,556087.9004870952
2020-05-07,265221.8130967048,401557.50472976017,537529.3726676487
2020-05-08,272841.07725868194,418555.88374704146,550854.5527360756
2020-05-11,486116.9652472466,619003.4291549618,753580.814282828
2020-05-12,367553.718138296,493084.25804251886,622132.6761000401
2020-05-13,295675.2920452971,434271.37353945477,570993.004190112
2020-05-14,286958.58981073974,419254.67978355766,552362.1684289669
2020-05-15,305431.6917797615,442212.43861796474,572417.585541207
2020-05-18,525403.7783423595,655782.5483214607,795601.7592444258
2020-05-19,397449.82760066993,532501.7006643738,671879.0049255237
2020-05-20,353196.2843225597,475423.8628831194,607014.7438443106
2020-05-21,319492.7537692661,461242.63289077,598986.2006656757
2020-05-22,351471.7234391636,484156.54985244287,630300.9547425809
2020-05-26,425810.0723584569,566428.4204652279,700796.021552232
2020-05-27,370102.6088447876,505744.52060304245,639878.7493964258
2020-05-28,351296.22572967986,487499.9723618665,627501.4769634821
2020-05-29,373385.174722716,505999.74435441836,638980.9808708426
2020-06-01,571673.7048527935,700379.7451451274,827530.7781694748
2020-06-02,432647.0324247432,569360.8887234707,703781.9429237512
2020-06-03,367565.691398407,504197.98839612794,636619.6463767942
2020-06-04,343204.7606010471,481785.38019264996,624030.9933221852
2020-06-05,363039.31343347946,496521.0031830175,637577.1780609124
2020-06-08,541186.4435185645,682796.9600556099,813487.6116177102
2020-06-09,419378.3105491551,550329.7801967041,678626.6611712343
2020-06-10,351376.28589323215,484404.25157612213,613426.6893595296
2020-06-11,320716.54371601524,461927.42178242945,599514.0982078455
2020-06-12,348080.3199987988,477294.5333467996,606216.2119479113
2020-06-15,524518.6792447437,669389.5107910375,802573.4184265903
2020-06-16,404695.59304654214,540018.3900782464,681225.1471109416
2020-06-17,348890.6354087343,477661.0803723356,611695.4476134935
2020-06-18,322973.95840110944,459146.0927508428,599155.9649352409
2020-06-19,349092.3390030128,478782.6583696887,611672.8663683657
2020-06-22,543275.1600735084,684600.8979354576,805181.4208659432
2020-06-23,421460.6629366427,559789.6837670639,693632.9904495545
2020-06-24,362942.78796782275,501827.80950443225,627811.798675798
2020-06-25,354093.2993390956,487455.0780535274,632294.1874236619
2020-06-26,382000.1436882379,510898.27517711406,653437.4332915802
2020-06-29,605440.7060773926,725423.7493601161,864029.7311660617
2020-06-30,468080.4726725646,602428.0733635164,741669.7959386398
2020-07-01,411420.5351518277,545675.213488292,673927.6744011074
2020-07-02,395737.29683617246,531885.1756455813,676249.5748881468
2020-07-06,627236.775653607,765949.6191988884,898275.8407633626
2020-07-07,507721.5165179309,640526.3194757779,781764.6309658937
2020-07-08,446669.9801715604,580843.9054003161,710650.0899067074
2020-07-09,429958.3156983424,563676.7431093787,708147.2675757321
2020-07-10,450707.0773747026,583305.0337075496,721582.7917163144
2020-07-13,645950.8570313697,781044.7187649676,918760.2462160608
2020-07-14,519028.8744938131,651002.3639350545,794387.9353496243
2020-07-15,449581.2836527217,586667.7531278117,717890.1064370795
2020-07-16,431156.2682825542,564885.8322798244,687966.7600467971
2020-07-17,452535.5860798272,580004.3343288163,716133.9322966951
2020-07-20,635008.9669628958,765452.5208120915,898767.6136463224
2020-07-21,495546.6651315754,631900.0866303169,772286.4492409171
2020-07-22,433649.854028238,564419.9132132588,696468.7354695484
2020-07-23,404913.69572143833,539888.944158463,669502.8965737206
2020-07-24,419513.67135010584,552679.5986636311,682773.1737437984
2020-07-27,596635.3400280094,733810.0041035783,874147.8280178254
2020-07-28,465280.28106457007,599718.6247254033,728561.3651033569
2020-07-29,407615.23265223834,532139.6152399231,678160.1932740902
2020-07-30,369523.09057067515,507935.3631909272,645768.487332209
2020-07-31,395380.17281053157,521458.8349769972,656039.8271321014
2020-08-03,576788.8091713755,706969.1176649258,855578.850670924
2020-08-04,428240.0549148616,574963.8432050564,714503.1734329568
2020-08-05,372916.6921400474,509727.6035340303,646299.1973329438
2020-08-06,352417.40179962333,488086.5405859725,617265.4925162559
2020-08-07,368502.60374600906,504356.4583951391,636849.8782130786
2020-08-10,569416.3987562454,698828.7794143416,837006.6053469894
2020-08-11,432131.18979551655,569926.7801700209,703945.2504500473
2020-08-12,378790.7387072573,507790.59557471715,648944.746863289
2020-08-13,352748.8600359316,489210.9181679245,620625.7489840861
2020-08-14,375431.0379164043,508469.2106322807,644694.1969283443
2020-08-17,566890.8619289349,711145.2609072858,839623.4252781727
2020-08-18,445693.66321571835,584624.0905219668,728359.3673664362
2020-08-19,390899.23700600455,524646.399086413,657441.2056824779
2020-08-20,378015.90286284406,507978.70946352044,645409.8559978649
2020-08-21,392011.9880694397,528880.6882743936,661540.9938932692
2020-08-24,593554.1587830234,734700.8520921557,861732.3198102448
2020-08-25,465109.05971580115,608588.5152573009,739285.6110584916
2020-08-26,413884.85129045846,548686.9974745597,685564.7506402746
2020-08-27,401131.9338784376,531760.7939157614,661934.6979553938
2020-08-28,421037.8784491679,552071.7658447516,687200.9585304273
2020-08-31,625136.5363724715,754213.227052144,886373.1032498527
2020-09-01,498675.348904422,626292.4370849227,764184.8478844418
2020-09-02,439563.3928784434,564329.5543967277,696928.923986983
2020-09-03,400556.83459496114,545118.810943312,671493.9573068956
2020-09-04,423009.45247525,562956.0387840418,700730.1560227013
2020-09-08,490955.3816678808,626194.2045344771,762473.5245994432
2020-09-09,433220.6078680092,561438.2856588474,701501.597702279
2020-09-10,413580.49075819366,539510.7050019312,672686.7243318033
2020-09-11,423260.25583828246,554755.2484309659,684333.8154181523
2020-09-14,598836.4562285895,742157.0831914908,869861.4171079163
2020-09-15,476692.2556063314,609759.4356442927,734767.4652290784
2020-09-16,406319.25068928115,543673.7660500456,684527.7064790563
2020-09-17,381132.1609681734,520769.0004175019,658158.7846107443
2020-09-18,399362.83873298456,535408.8354434171,665002.6065770973
2020-09-21,593649.5449655959,723321.254627526,857241.2795778546
2020-09-22,461470.8506085012,591859.8092332907,725773.6624335852
2020-09-23,391531.21702552005,527069.0502556898,657267.0073414387
2020-09-24,383294.3843171196,505791.6720517839,646220.2971735857
2020-09-25,384799.72411154624,522357.88804106065,664330.25805952
2020-09-28,579299.5372563513,717413.9402874382,851696.3317855519
2020-09-29,456671.76030531427,588620.086066973,716439.6806360385
2020-09-30,384309.05017253483,526547.0270741822,660547.4587453321
2020-10-01,378383.6284860235,507978.8836673548,648007.8676412611
2020-10-02,400578.3849258971,527187.346968937,659860.1411802622
2020-10-05,591241.1404193331,729212.7206860739,863655.240984525
2020-10-06,464787.43293790764,602256.9730952047,746175.1442553265
2020-10-07,411513.96600880276,541710.6059175918,679443.3017184521
2020-10-08,388968.4080432404,524327.0981593785,660955.8335968358
2020-10-09,407942.5419837712,544355.8839060176,678734.4551410484
2020-10-12,608499.1403536276,746571.4963636725,884980.7955671794
2020-10-13,475418.3584860482,618941.8004670084,752742.9039681198
2020-10-14,421888.3427723909,557386.3666877727,689659.974989999
2020-10-15,395659.7546247189,538692.3454133895,667162.8221330245
2020-10-16,425320.3975916008,557150.9436260159,696337.3513251918
2020-10-19,616657.6907179712,753616.1519343696,891311.8654779311
2020-10-20,495267.89665479586,623920.6604329967,757141.4378023334
2020-10-21,431632.4488679059,560331.2716254996,696926.4443574817
2020-10-22,414531.46317850496,539700.2659656918,681193.9219759014
2020-10-23,421546.0100531983,556382.6716955418,690943.5175045307
2020-10-26,605221.7463441491,749070.6834440146,884991.9095684243
2020-10-27,480823.4817656652,618801.7914250426,753660.0494936003
2020-10-28,419675.33442344534,555048.3371192473,685492.9059092335
2020-10-29,400953.15594541887,534689.7864824797,670515.5958485084
2020-10-30,422856.05382047396,552098.9044754019,686561.556515569
2020-11-02,618265.4491673782,749722.1535583857,884999.8021682312
2020-11-03,483919.0770558529,621977.6539880825,757296.8581496851
2020-11-04,426341.82211611565,561145.6351654491,698298.3821523442
2020-11-05,401595.4622905782,544067.6346067516,681312.6050078257
2020-11-06,435461.6892422355,565071.6458385799,710302.9939576449
2020-11-09,630801.2453884528,774842.2429869871,912515.0959114546
2020-11-10,518017.14489229035,651411.4675364796,791825.3805940679
2020-11-11,460762.466183347,594928.429467095,732027.8322801072
2020-11-12,441949.9981567919,582178.3188603402,719841.6891136132
2020-11-13,467493.48723436834,607436.096656895,741961.4549256739
2020-11-16,685055.582084475,829069.5878270448,973193.2761818169
2020-11-17,582975.3990975647,709175.3443330537,836770.6573024287
2020-11-18,522267.13518380874,655979.9663749418,801080.595270536
2020-11-19,523771.2220288498,646257.0892649808,784124.7481694997
2020-11-20,540674.6452936286,674278.5537760798,815357.8147808776
2020-11-23,765382.5333068911,902709.961222375,1038512.521782188
2020-11-24,647003.1117775254,784648.3717895375,921244.8352875
2020-11-25,588064.0803894084,733115.2453240003,872005.0651892914
2020-11-27,617520.2701106017,754363.2944443745,877982.0244912915
2020-11-30,847727.2282618324,986807.6322770431,1129777.5940457787
2020-12-01,737418.8087161502,870100.7879097997,999266.8848297182
2020-12-02,683807.4377536247,819970.9355802549,970656.5342667651
2020-12-03,685112.2599538639,813239.3351028003,945618.5829923265
2020-12-04,718286.655282484,844219.0888139285,991123.265850494
2020-12-07,948965.9508819841,1081595.4997080718,1205877.2292236835
2020-12-08,832909.982749103,966566.2436936356,1098269.736890266
2020-12-09,779342.0659226344,918068.0978071272,1057461.1183705346
2020-12-10,773636.3641778084,912870.8742355241,1048768.3279691753
2020-12-11,813725.2142332582,945228.1599641757,1070608.9749467417
2020-12-14,1048463.101736285,1185107.3393066667,1328009.0678674106
2020-12-15,935587.1694789273,1070119.6627428625,1198875.743125889
