date,handle_time,handle_time_forecast,volume,volume_forecast
1/1/2016,1317.0,,6.0,0.0
1/2/2016,0.0,,0.0,0.0
1/3/2016,0.0,,0.0,0.0
1/4/2016,500887.0,,790.0,972.0
1/5/2016,442528.0,,631.0,844.0
1/6/2016,397061.0,,547.0,828.0
1/7/2016,402881.0,,598.0,740.0
1/8/2016,412462.0,,589.0,745.0
1/9/2016,0.0,,0.0,0.0
1/10/2016,0.0,,0.0,0.0
1/11/2016,426351.0,,631.0,827.0
1/12/2016,375499.0,,532.0,732.0
1/13/2016,370441.0,,542.0,687.0
1/14/2016,323161.0,,474.0,622.0
1/15/2016,434221.0,,626.0,637.0
1/16/2016,0.0,,0.0,0.0
1/17/2016,0.0,,0.0,0.0
1/18/2016,0.0,,0.0,0.0
1/19/2016,430277.0,,633.0,629.0
1/20/2016,443594.0,,609.0,502.0
1/21/2016,274010.0,,439.0,441.0
1/22/2016,305999.0,,424.0,473.0
1/23/2016,0.0,,0.0,0.0
1/24/2016,0.0,,0.0,0.0
1/25/2016,328387.0,,487.0,622.0
1/26/2016,331888.0,,472.0,512.0
1/27/2016,253617.0,,405.0,463.0
1/28/2016,248950.0,,396.0,367.0
1/29/2016,287251.0,,430.0,422.0
1/30/2016,0.0,,0.0,0.0
1/31/2016,0.0,,0.0,0.0
2/1/2016,328732.0,,579.0,593.0
2/2/2016,290557.0,,533.0,555.0
2/3/2016,324374.0,,477.0,517.0
2/4/2016,312304.0,,396.0,510.0
2/5/2016,309764.0,,489.0,524.0
2/6/2016,0.0,,0.0,0.0
2/7/2016,0.0,,0.0,0.0
2/8/2016,407815.0,,650.0,621.0
2/9/2016,321883.0,,488.0,522.0
2/10/2016,290856.0,,401.0,513.0
2/11/2016,337252.0,,526.0,489.0
2/12/2016,373111.0,,552.0,512.0
2/13/2016,0.0,,0.0,0.0
2/14/2016,0.0,,0.0,0.0
2/15/2016,0.0,,0.0,0.0
2/16/2016,410428.0,,643.0,621.0
2/17/2016,379553.0,,544.0,522.0
2/18/2016,281443.0,,423.0,468.0
2/19/2016,295363.0,,441.0,508.0
2/20/2016,0.0,,0.0,0.0
2/21/2016,0.0,,0.0,0.0
2/22/2016,423495.0,,582.0,572.0
2/23/2016,343414.0,,450.0,553.0
2/24/2016,321320.0,,431.0,512.0
2/25/2016,264624.0,,382.0,441.0
2/26/2016,270452.0,,382.0,477.0
2/27/2016,0.0,,0.0,0.0
2/28/2016,0.0,,0.0,0.0
2/29/2016,323424.0,,500.0,622.0
3/1/2016,317677.0,,450.0,550.0
3/2/2016,384018.0,,499.0,489.0
3/3/2016,308940.0,,427.0,439.0
3/4/2016,377625.0,,503.0,458.0
3/5/2016,0.0,,0.0,0.0
3/6/2016,0.0,,0.0,0.0
3/7/2016,403040.0,,644.0,596.0
3/8/2016,322104.0,,488.0,527.0
3/9/2016,292122.0,,471.0,461.0
3/10/2016,293209.0,,447.0,419.0
3/11/2016,311824.0,,458.0,431.0
3/12/2016,0.0,,0.0,0.0
3/13/2016,0.0,,0.0,0.0
3/14/2016,418419.0,,626.0,640.0
3/15/2016,319067.0,,464.0,557.0
3/16/2016,332147.0,,460.0,484.0
3/17/2016,370823.0,,525.0,448.0
3/18/2016,369925.0,,498.0,458.0
3/19/2016,0.0,,0.0,0.0
3/20/2016,0.0,,0.0,0.0
3/21/2016,395957.0,,589.0,687.0
3/22/2016,240352.0,,397.0,496.0
3/23/2016,240835.0,,406.0,468.0
3/24/2016,221934.0,,318.0,439.0
3/25/2016,0.0,,0.0,0.0
3/26/2016,0.0,,0.0,0.0
3/27/2016,0.0,,0.0,0.0
3/28/2016,437617.0,,649.0,633.0
3/29/2016,382748.0,,568.0,502.0
3/30/2016,353380.0,,531.0,472.0
3/31/2016,275537.0,,422.0,441.0
4/1/2016,360896.0,,528.0,478.0
4/2/2016,0.0,,0.0,0.0
4/3/2016,0.0,,0.0,0.0
4/4/2016,423121.0,,691.0,616.0
4/5/2016,311986.0,,499.0,522.0
4/6/2016,331892.0,,490.0,478.0
4/7/2016,324386.0,,552.0,437.0
4/8/2016,343044.0,,530.0,458.0
4/9/2016,0.0,,0.0,0.0
4/10/2016,0.0,,0.0,0.0
4/11/2016,477310.0,,776.0,636.0
4/12/2016,339220.0,,551.0,573.0
4/13/2016,353655.0,,506.0,527.0
4/14/2016,296977.0,,466.0,550.0
4/15/2016,294260.0,,468.0,569.0
4/16/2016,0.0,,0.0,0.0
4/17/2016,0.0,,0.0,0.0
4/18/2016,322790.0,,575.0,608.0
4/19/2016,265445.0,,448.0,482.0
4/20/2016,240451.0,,435.0,458.0
4/21/2016,205672.0,,383.0,444.0
4/22/2016,233582.0,,378.0,478.0
4/23/2016,0.0,,0.0,0.0
4/24/2016,0.0,,0.0,0.0
4/25/2016,211734.0,,385.0,493.0
4/26/2016,193270.0,,379.0,468.0
4/27/2016,184793.0,,334.0,456.0
4/28/2016,212754.0,,375.0,411.0
4/29/2016,213950.0,,345.0,461.0
4/30/2016,0.0,,0.0,0.0
5/1/2016,0.0,,0.0,0.0
5/2/2016,286014.0,,485.0,382.0
5/3/2016,216933.0,,351.0,367.0
5/4/2016,201197.0,,356.0,347.0
5/5/2016,175631.0,,328.0,342.0
5/6/2016,199769.0,,349.0,351.0
5/7/2016,0.0,,0.0,0.0
5/8/2016,0.0,,0.0,0.0
5/9/2016,219996.0,,376.0,382.0
5/10/2016,218919.0,,374.0,367.0
5/11/2016,161246.0,,334.0,347.0
5/12/2016,202309.0,,341.0,342.0
5/13/2016,271818.0,,409.0,351.0
5/14/2016,0.0,,0.0,0.0
5/15/2016,0.0,,0.0,0.0
5/16/2016,276567.0,,468.0,408.0
5/17/2016,188954.0,,368.0,393.0
5/18/2016,172458.0,,293.0,351.0
5/19/2016,195109.0,,290.0,359.0
5/20/2016,168513.0,,290.0,337.0
5/21/2016,0.0,,0.0,0.0
5/22/2016,0.0,,0.0,0.0
5/23/2016,178004.0,,333.0,394.0
5/24/2016,208022.0,,315.0,393.0
5/25/2016,210085.0,,370.0,351.0
5/26/2016,156152.0,,283.0,345.0
5/27/2016,174344.0,,341.0,321.0
5/28/2016,0.0,,0.0,0.0
5/29/2016,0.0,,0.0,0.0
5/30/2016,0.0,,0.0,0.0
5/31/2016,258178.0,,455.0,456.0
6/1/2016,216391.0,,356.0,417.0
6/2/2016,234174.0,,369.0,367.0
6/3/2016,195663.0,,348.0,343.0
6/4/2016,0.0,,0.0,0.0
6/5/2016,0.0,,0.0,0.0
6/6/2016,277783.0,,578.0,417.0
6/7/2016,277696.0,,497.0,371.0
6/8/2016,293293.0,,524.0,341.0
6/9/2016,296519.0,,506.0,337.0
6/10/2016,299636.0,,482.0,332.0
6/11/2016,0.0,,0.0,0.0
6/12/2016,0.0,,0.0,0.0
6/13/2016,274159.0,,482.0,492.0
6/14/2016,237285.0,,396.0,397.0
6/15/2016,197648.0,,351.0,379.0
6/16/2016,221563.0,,367.0,358.0
6/17/2016,194274.0,,330.0,362.0
6/18/2016,0.0,,0.0,0.0
6/19/2016,0.0,,0.0,0.0
6/20/2016,260991.0,,414.0,511.0
6/21/2016,198425.0,,360.0,498.0
6/22/2016,220465.0,,315.0,442.0
6/23/2016,230472.0,,378.0,418.0
6/24/2016,324464.0,,517.0,391.0
6/25/2016,0.0,,0.0,0.0
6/26/2016,0.0,,0.0,0.0
6/27/2016,349027.0,,635.0,547.0
6/28/2016,363425.0,,585.0,425.0
6/29/2016,281946.0,,497.0,386.0
6/30/2016,334259.0,,559.0,345.0
7/1/2016,372185.0,,596.0,284.0
7/2/2016,0.0,,0.0,0.0
7/3/2016,0.0,,0.0,0.0
7/4/2016,0.0,,0.0,0.0
7/5/2016,373169.0,,595.0,522.0
7/6/2016,310293.0,,503.0,502.0
7/7/2016,260285.0,,403.0,462.0
7/8/2016,403136.0,,611.0,443.0
7/9/2016,0.0,,0.0,0.0
7/10/2016,0.0,,0.0,0.0
7/11/2016,389187.0,,659.0,528.0
7/12/2016,327969.0,,502.0,498.0
7/13/2016,253227.0,,388.0,442.0
7/14/2016,249213.0,,398.0,418.0
7/15/2016,252431.0,,387.0,391.0
7/16/2016,0.0,,0.0,0.0
7/17/2016,0.0,,0.0,0.0
7/18/2016,313256.0,,439.0,475.0
7/19/2016,253746.0,,391.0,412.0
7/20/2016,214025.0,,369.0,388.0
7/21/2016,270274.0,,399.0,378.0
7/22/2016,239651.0,,347.0,403.0
7/23/2016,0.0,,0.0,0.0
7/24/2016,0.0,,0.0,0.0
7/25/2016,300149.0,,478.0,454.0
7/26/2016,242586.0,,379.0,366.0
7/27/2016,237015.0,,379.0,348.0
7/28/2016,228640.0,,363.0,330.0
7/29/2016,242491.0,,379.0,333.0
7/30/2016,0.0,,0.0,0.0
7/31/2016,0.0,,0.0,0.0
8/1/2016,309824.0,,520.0,464.0
8/2/2016,284283.0,,430.0,379.0
8/3/2016,203732.0,,370.0,358.0
8/4/2016,228600.0,,401.0,350.0
8/5/2016,296812.0,,454.0,379.0
8/6/2016,0.0,,0.0,0.0
8/7/2016,0.0,,0.0,0.0
8/8/2016,377255.0,,615.0,446.0
8/9/2016,306830.0,,506.0,364.0
8/10/2016,226557.0,,389.0,342.0
8/11/2016,274374.0,,439.0,337.0
8/12/2016,264747.0,,444.0,364.0
8/13/2016,31.0,,1.0,0.0
8/14/2016,0.0,,0.0,0.0
8/15/2016,325401.0,,527.0,636.0
8/16/2016,230065.0,,393.0,528.0
8/17/2016,261169.0,,406.0,508.0
8/18/2016,210118.0,,372.0,514.0
8/19/2016,250278.0,,409.0,526.0
8/20/2016,0.0,,0.0,0.0
8/21/2016,0.0,,0.0,0.0
8/22/2016,272982.0,,451.0,522.0
8/23/2016,213436.0,,357.0,433.0
8/24/2016,237574.0,,388.0,408.0
8/25/2016,221700.0,,370.0,412.0
8/26/2016,211463.0,,318.0,421.0
8/27/2016,0.0,,0.0,0.0
8/28/2016,0.0,,0.0,0.0
8/29/2016,248920.0,,393.0,511.0
8/30/2016,243731.0,,390.0,423.0
8/31/2016,230816.0,,381.0,401.0
9/1/2016,240768.0,,442.0,432.0
9/2/2016,255080.0,,421.0,427.0
9/3/2016,0.0,,0.0,0.0
9/4/2016,0.0,,0.0,0.0
9/5/2016,0.0,,0.0,0.0
9/6/2016,334134.0,,570.0,488.0
9/7/2016,276792.0,,506.0,430.0
9/8/2016,243521.0,,429.0,404.0
9/9/2016,293410.0,,466.0,429.0
9/10/2016,0.0,,0.0,0.0
9/11/2016,0.0,,0.0,0.0
9/12/2016,330588.0,,566.0,445.0
9/13/2016,295871.0,,461.0,359.0
9/14/2016,204226.0,,366.0,342.0
9/15/2016,233005.0,,378.0,325.0
9/16/2016,239205.0,,388.0,401.0
9/17/2016,0.0,,0.0,0.0
9/18/2016,0.0,,0.0,0.0
9/19/2016,300009.0,,521.0,572.0
9/20/2016,235654.0,,389.0,467.0
9/21/2016,231780.0,,355.0,440.0
9/22/2016,251491.0,,431.0,434.0
9/23/2016,250751.0,,375.0,454.0
9/24/2016,0.0,,0.0,0.0
9/25/2016,0.0,,0.0,0.0
9/26/2016,236502.0,,408.0,551.0
9/27/2016,187122.0,,331.0,484.0
9/28/2016,200114.0,,325.0,437.0
9/29/2016,190202.0,,348.0,418.0
9/30/2016,193044.0,,338.0,443.0
10/1/2016,0.0,,0.0,0.0
10/2/2016,0.0,,0.0,0.0
10/3/2016,271339.0,,449.0,575.0
10/4/2016,220184.0,,364.0,503.0
10/5/2016,236753.0,,360.0,415.0
10/6/2016,175458.0,,332.0,377.0
10/7/2016,203919.0,,331.0,420.0
10/8/2016,0.0,,0.0,0.0
10/9/2016,0.0,,0.0,0.0
10/10/2016,245546.0,,414.0,539.0
10/11/2016,292694.0,,445.0,533.0
10/12/2016,237682.0,,386.0,493.0
10/13/2016,211295.0,,357.0,463.0
10/14/2016,220935.0,,371.0,491.0
10/15/2016,0.0,,0.0,0.0
10/16/2016,0.0,,0.0,0.0
10/17/2016,237579.0,,396.0,547.0
10/18/2016,229839.0,,376.0,443.0
10/19/2016,192589.0,,311.0,389.0
10/20/2016,161411.0,,315.0,386.0
10/21/2016,204800.0,,322.0,421.0
10/22/2016,0.0,,0.0,0.0
10/23/2016,0.0,,0.0,0.0
10/24/2016,250288.0,,382.0,381.0
10/25/2016,229449.0,,364.0,354.0
10/26/2016,219539.0,,330.0,312.0
10/27/2016,186562.0,,323.0,308.0
10/28/2016,232392.0,,346.0,322.0
10/29/2016,0.0,,0.0,0.0
10/30/2016,0.0,,0.0,0.0
10/31/2016,220714.0,,405.0,363.0
11/1/2016,258834.0,,383.0,422.0
11/2/2016,208299.0,,354.0,382.0
11/3/2016,211658.0,,370.0,373.0
11/4/2016,193465.0,,362.0,374.0
11/5/2016,0.0,,0.0,0.0
11/6/2016,0.0,,0.0,0.0
11/7/2016,295107.0,,509.0,427.0
11/8/2016,273923.0,,414.0,386.0
11/9/2016,243817.0,,433.0,377.0
11/10/2016,272966.0,,477.0,361.0
11/11/2016,270111.0,,421.0,386.0
11/12/2016,0.0,,0.0,0.0
11/13/2016,0.0,,0.0,0.0
11/14/2016,354712.0,,626.0,456.0
11/15/2016,309986.0,,512.0,381.0
11/16/2016,254528.0,,419.0,351.0
11/17/2016,256597.0,,428.0,354.0
11/18/2016,241754.0,,416.0,370.0
11/19/2016,0.0,,0.0,0.0
11/20/2016,0.0,,0.0,0.0
11/21/2016,295097.0,,516.0,524.0
11/22/2016,268027.0,,479.0,477.0
11/23/2016,239836.0,,403.0,326.0
11/24/2016,0.0,,0.0,0.0
11/25/2016,137191.0,,302.0,297.0
11/26/2016,0.0,,0.0,0.0
11/27/2016,0.0,,0.0,0.0
11/28/2016,310892.0,,513.0,521.0
11/29/2016,264101.0,,441.0,440.0
11/30/2016,256275.0,,460.0,412.0
12/1/2016,271013.0,,498.0,439.0
12/2/2016,253381.0,,474.0,436.0
12/3/2016,0.0,,0.0,0.0
12/4/2016,0.0,,0.0,0.0
12/5/2016,335465.0,,611.0,613.0
12/6/2016,319076.0,,572.0,541.0
12/7/2016,321204.0,,538.0,521.0
12/8/2016,342216.0,,588.0,508.0
12/9/2016,335089.0,,687.0,517.0
12/10/2016,0.0,,0.0,0.0
12/11/2016,0.0,,0.0,0.0
12/12/2016,407572.0,,696.0,641.0
12/13/2016,367549.0,,626.0,602.0
12/14/2016,297554.0,,528.0,565.0
12/15/2016,342702.0,,535.0,558.0
12/16/2016,314226.0,,518.0,542.0
12/17/2016,0.0,,0.0,0.0
12/18/2016,0.0,,0.0,0.0
12/19/2016,347903.0,,670.0,674.0
12/20/2016,313310.0,,569.0,631.0
12/21/2016,306298.0,,519.0,594.0
12/22/2016,268100.0,,406.0,584.0
12/23/2016,275687.0,,401.0,486.0
12/24/2016,0.0,,0.0,0.0
12/25/2016,0.0,,0.0,0.0
12/26/2016,0.0,,0.0,0.0
12/27/2016,349167.0,,623.0,703.0
12/28/2016,294288.0,,498.0,656.0
12/29/2016,306275.0,,467.0,620.0
12/30/2016,306676.0,,504.0,605.0
12/31/2016,0.0,,0.0,0.0
1/1/2017,,,,0.0
1/2/2017,73258.0,,130.0,223.0
1/3/2017,400951.0,,665.0,631.0
1/4/2017,378328.0,,606.0,521.0
1/5/2017,303020.0,,526.0,507.0
1/6/2017,323159.0,,528.0,542.0
1/7/2017,0.0,,0.0,0.0
1/8/2017,0.0,,0.0,0.0
1/9/2017,350831.0,,590.0,579.0
1/10/2017,279523.0,,470.0,532.0
1/11/2017,252102.0,,416.0,511.0
1/12/2017,246506.0,,419.0,478.0
1/13/2017,278576.0,,440.0,516.0
1/14/2017,0.0,,0.0,0.0
1/15/2017,0.0,,0.0,0.0
1/16/2017,0.0,,0.0,0.0
1/17/2017,332915.0,,569.0,582.0
1/18/2017,225798.0,,406.0,558.0
1/19/2017,252950.0,,425.0,440.0
1/20/2017,228632.0,,385.0,473.0
1/21/2017,0.0,,0.0,0.0
1/22/2017,0.0,,0.0,0.0
1/23/2017,288213.0,,511.0,551.0
1/24/2017,309370.0,,503.0,504.0
1/25/2017,277456.0,,442.0,471.0
1/26/2017,235945.0,,438.0,440.0
1/27/2017,247665.0,,432.0,462.0
1/28/2017,0.0,,0.0,0.0
1/29/2017,0.0,,0.0,0.0
1/30/2017,285659.0,,482.0,528.0
1/31/2017,263147.0,,484.0,489.0
2/1/2017,230679.0,,414.0,507.0
2/2/2017,237566.0,,470.0,482.0
2/3/2017,280000.0,,494.0,498.0
2/4/2017,0.0,,0.0,0.0
2/5/2017,0.0,,0.0,0.0
2/6/2017,338030.0,,574.0,582.0
2/7/2017,296396.0,,543.0,537.0
2/8/2017,230963.0,,447.0,489.0
2/9/2017,248319.0,,469.0,473.0
2/10/2017,262732.0,,516.0,484.0
2/11/2017,0.0,,0.0,0.0
2/12/2017,0.0,,0.0,0.0
2/13/2017,340243.0,,637.0,537.0
2/14/2017,305243.0,,495.0,501.0
2/15/2017,256075.0,,461.0,486.0
2/16/2017,332824.0,,596.0,471.0
2/17/2017,330240.0,,553.0,485.0
2/18/2017,0.0,,0.0,0.0
2/19/2017,0.0,,0.0,0.0
2/20/2017,0.0,,0.0,0.0
2/21/2017,436333.0,,780.0,631.0
2/22/2017,300603.0,,517.0,542.0
2/23/2017,296569.0,,510.0,484.0
2/24/2017,274765.0,,453.0,491.0
2/25/2017,0.0,,0.0,0.0
2/26/2017,0.0,,0.0,0.0
2/27/2017,408287.0,,675.0,528.0
2/28/2017,326874.0,,529.0,478.0
3/1/2017,342845.0,,558.0,457.0
3/2/2017,372152.0,,704.0,439.0
3/3/2017,304943.0,,549.0,448.0
3/4/2017,0.0,,0.0,0.0
3/5/2017,0.0,,0.0,0.0
3/6/2017,350492.0,,649.0,566.0
3/7/2017,302695.0,,553.0,504.0
3/8/2017,262307.0,,454.0,450.0
3/9/2017,298423.0,,504.0,471.0
3/10/2017,339291.0,,589.0,455.0
3/11/2017,0.0,,0.0,0.0
3/12/2017,0.0,,0.0,0.0
3/13/2017,334025.0,,554.0,670.0
3/14/2017,359593.0,,539.0,589.0
3/15/2017,308996.0,,511.0,532.0
3/16/2017,315251.0,,551.0,518.0
3/17/2017,276373.0,,532.0,531.0
3/18/2017,0.0,,0.0,0.0
3/19/2017,,,,
3/20/2017,368862.0,,542.0,639.0
3/21/2017,308740.0,,503.0,558.0
3/22/2017,248973.0,,425.0,507.0
3/23/2017,262126.0,,394.0,493.0
3/24/2017,236124.0,,447.0,505.0
3/25/2017,266.0,,1.0,0.0
3/26/2017,0.0,,0.0,0.0
3/27/2017,348903.0,,557.0,605.0
3/28/2017,284785.0,,468.0,530.0
3/29/2017,321490.0,,426.0,480.0
3/30/2017,351517.0,,526.0,469.0
3/31/2017,392827.0,,577.0,479.0
4/1/2017,0.0,,0.0,0.0
4/2/2017,0.0,,0.0,0.0
4/3/2017,385655.0,,645.0,607.0
4/4/2017,334380.0,,539.0,555.0
4/5/2017,290066.0,,502.0,528.0
4/6/2017,323714.0,,506.0,523.0
4/7/2017,323314.0,,460.0,532.0
4/8/2017,0.0,,0.0,0.0
4/9/2017,0.0,,0.0,0.0
4/10/2017,413951.0,,653.0,708.0
4/11/2017,339383.0,,531.0,625.0
4/12/2017,294907.0,,472.0,580.0
4/13/2017,294789.0,,462.0,597.0
4/14/2017,122073.0,,239.0,278.0
4/15/2017,0.0,,0.0,0.0
4/16/2017,0.0,,0.0,0.0
4/17/2017,345743.0,,552.0,674.0
4/18/2017,273785.0,,436.0,632.0
4/19/2017,235752.0,,393.0,504.0
4/20/2017,204898.0,,421.0,448.0
4/21/2017,240167.0,,418.0,457.0
4/22/2017,0.0,,0.0,0.0
4/23/2017,0.0,,0.0,0.0
4/24/2017,250435.0,,474.0,489.0
4/25/2017,247261.0,,462.0,432.0
4/26/2017,229759.0,,461.0,401.0
4/27/2017,222714.0,,436.0,412.0
4/28/2017,207426.0,,371.0,534.0
4/29/2017,0.0,,0.0,0.0
4/30/2017,,,,
5/1/2017,254904.0,,456.0,503.0
5/2/2017,271350.0,,462.0,444.0
5/3/2017,217120.0,,371.0,412.0
5/4/2017,236744.0,,407.0,425.0
5/5/2017,205580.0,,388.0,416.0
5/6/2017,0.0,,0.0,0.0
5/7/2017,,,,
5/8/2017,281336.0,,517.0,435.0
5/9/2017,268128.0,,452.0,430.0
5/10/2017,213377.0,,384.0,387.0
5/11/2017,207756.0,,406.0,394.0
5/12/2017,197380.0,,372.0,389.0
5/13/2017,0.0,,0.0,0.0
5/14/2017,0.0,,0.0,0.0
5/15/2017,270884.0,,508.0,465.0
5/16/2017,294279.0,,430.0,429.0
5/17/2017,190270.0,,370.0,374.0
5/18/2017,197846.0,,403.0,377.0
5/19/2017,191338.0,,349.0,349.0
5/20/2017,,,0.0,0.0
5/21/2017,,,0.0,0.0
5/22/2017,231971.0,,424.0,421.0
5/23/2017,229320.0,,393.0,410.0
5/24/2017,216048.0,,347.0,401.0
5/25/2017,202195.0,,407.0,375.0
5/26/2017,185168.0,,350.0,364.0
5/27/2017,,,0.0,0.0
5/28/2017,,,0.0,0.0
5/29/2017,,,0.0,0.0
5/30/2017,245784.0,,469.0,458.0
5/31/2017,231336.0,,378.0,394.0
6/1/2017,208004.0,,350.0,403.0
6/2/2017,205252.0,,392.0,367.0
6/3/2017,,,0.0,0.0
6/4/2017,,,0.0,0.0
6/5/2017,278784.0,,490.0,478.0
6/6/2017,218507.0,,354.0,439.0
6/7/2017,213458.0,,391.0,387.0
6/8/2017,222154.0,,402.0,403.0
6/9/2017,261138.0,,439.0,376.0
6/10/2017,,,0.0,0.0
6/11/2017,,,0.0,0.0
6/12/2017,274510.0,,530.0,503.0
6/13/2017,230299.0,,393.0,470.0
6/14/2017,218960.0,,394.0,450.0
6/15/2017,209160.0,,361.0,448.0
6/16/2017,209924.0,,374.0,413.0
6/17/2017,,,0.0,0.0
6/18/2017,,,0.0,0.0
6/19/2017,288530.0,,500.0,480.0
6/20/2017,237168.0,,449.0,424.0
6/21/2017,196542.0,,361.0,393.0
6/22/2017,231678.0,,373.0,405.0
6/23/2017,204966.0,,401.0,398.0
6/24/2017,,,0.0,0.0
6/25/2017,,,0.0,0.0
6/26/2017,241920.0,,440.0,503.0
6/27/2017,224028.0,,387.0,444.0
6/28/2017,189472.0,,394.0,412.0
6/29/2017,203847.0,,360.0,425.0
6/30/2017,176736.0,,347.0,413.0
7/1/2017,,,0.0,0.0
7/2/2017,,,0.0,0.0
7/3/2017,171613.0,,347.0,180.0
7/5/2017,295410.0,,487.0,525.0
7/6/2017,233130.0,,421.0,489.0
7/7/2017,216810.0,,380.0,432.0
7/8/2017,,,0.0,0.0
7/9/2017,,,0.0,0.0
7/10/2017,280756.0,,531.0,477.0
7/11/2017,228072.0,,413.0,384.0
7/12/2017,197455.0,,418.0,356.0
7/13/2017,202608.0,,383.0,367.0
7/14/2017,187266.0,,362.0,360.0
7/15/2017,,,0.0,0.0
7/16/2017,,,0.0,0.0
7/17/2017,275155.0,,490.0,427.0
7/18/2017,242256.0,,432.0,375.0
7/19/2017,242601.0,,437.0,348.0
7/20/2017,217881.0,,396.0,359.0
7/21/2017,198528.0,,388.0,352.0
7/22/2017,,,0.0,0.0
7/23/2017,,,0.0,0.0
7/24/2017,238979.0,,403.0,414.0
7/25/2017,237891.0,,445.0,367.0
7/26/2017,214090.0,,414.0,340.0
7/27/2017,239970.0,,437.0,351.0
7/28/2017,200540.0,,397.0,344.0
7/29/2017,,,0.0,0.0
7/30/2017,,,0.0,0.0
7/31/2017,266950.0,,476.0,529.0
8/1/2017,262389.0,,447.0,496.0
8/2/2017,228800.0,,447.0,451.0
8/3/2017,211854.0,,414.0,382.0
8/4/2017,200200.0,,350.0,362.0
8/5/2017,,,0.0,0.0
8/6/2017,,,0.0,0.0
8/7/2017,259588.0,,511.0,529.0
8/8/2017,232050.0,,443.0,413.0
8/9/2017,255940.0,,395.0,418.0
8/10/2017,222585.0,,367.0,382.0
8/11/2017,240264.0,,470.0,362.0
8/12/2017,,,0.0,0.0
8/13/2017,,,0.0,0.0
8/14/2017,293664.0,,484.0,529.0
8/15/2017,241001.0,,406.0,413.0
8/16/2017,219450.0,,361.0,418.0
8/17/2017,206836.0,,344.0,382.0
8/18/2017,192738.0,,355.0,362.0
8/19/2017,,,0.0,0.0
8/20/2017,,,0.0,0.0
8/21/2017,221034.0,,379.0,529.0
8/22/2017,228928.0,,396.0,413.0
8/23/2017,260887.0,,419.0,418.0
8/24/2017,233024.0,,356.0,382.0
8/25/2017,184728.0,,362.0,362.0
8/26/2017,,,0.0,0.0
8/27/2017,,,0.0,0.0
8/28/2017,234354.0,,420.0,529.0
8/29/2017,189001.0,,331.0,413.0
8/30/2017,194880.0,,352.0,418.0
8/31/2017,201664.0,,375.0,382.0
9/1/2017,225680.0,,413.0,362.0
9/2/2017,,,0.0,0.0
9/3/2017,,,0.0,0.0
9/4/2017,,,0.0,0.0
9/5/2017,243122.0,,479.0,506.0
9/6/2017,229900.0,,419.0,448.0
9/7/2017,249084.0,,407.0,398.0
9/8/2017,211470.0,,385.0,468.0
9/9/2017,,,0.0,0.0
9/10/2017,,,0.0,0.0
9/11/2017,227115.0,,454.0,536.0
9/12/2017,204724.0,,409.0,451.0
9/13/2017,240758.0,,409.0,379.0
9/14/2017,204480.0,,356.0,370.0
9/15/2017,224453.0,,404.0,430.0
9/16/2017,,,0.0,0.0
9/17/2017,,,0.0,0.0
9/18/2017,247420.0,,456.0,513.0
9/19/2017,206820.0,,385.0,414.0
9/20/2017,195316.0,,405.0,375.0
9/21/2017,196378.0,,346.0,398.0
9/22/2017,198594.0,,362.0,422.0
9/23/2017,,,0.0,0.0
9/24/2017,,,0.0,0.0
9/25/2017,252880.0,,447.0,412.0
9/26/2017,215670.0,,392.0,404.0
9/27/2017,195118.0,,365.0,389.0
9/28/2017,194880.0,,352.0,381.0
9/29/2017,211668.0,,394.0,386.0
9/30/2017,,,0.0,0.0
10/1/2017,,,0.0,0.0
10/2/2017,225413.0,,451.0,482.0
10/3/2017,276960.0,,521.0,452.0
10/4/2017,221560.0,,411.0,407.0
10/5/2017,225910.0,,435.0,389.0
10/6/2017,257676.0,,532.0,391.0
10/7/2017,,,0.0,0.0
10/8/2017,,,0.0,0.0
10/9/2017,267510.0,,491.0,408.0
10/10/2017,249993.0,,441.0,428.0
10/11/2017,221686.0,,410.0,407.0
10/12/2017,201458.0,,393.0,374.0
10/13/2017,196880.0,,385.0,382.0
10/14/2017,,,0.0,0.0
10/15/2017,,,0.0,0.0
10/16/2017,243089.0,,456.0,441.0
10/17/2017,203902.0,,388.0,425.0
10/18/2017,181308.0,,370.0,412.0
10/19/2017,178920.0,,356.0,367.0
10/20/2017,203600.0,,408.0,401.0
10/21/2017,,,0.0,0.0
10/22/2017,,,0.0,0.0
10/23/2017,239904.0,,412.0,432.0
10/24/2017,254374.0,,389.0,417.0
10/25/2017,205581.0,,425.0,404.0
10/26/2017,156348.0,,308.0,360.0
10/27/2017,221352.0,,468.0,407.0
10/28/2017,,,0.0,0.0
10/29/2017,,,0.0,0.0
10/30/2017,259743.0,,467.0,457.0
10/31/2017,190385.0,,380.0,421.0
11/1/2017,227040.0,,447.0,422.0
11/2/2017,228492.0,,427.0,397.0
11/3/2017,227915.0,,461.0,412.0
11/4/2017,,,0.0,0.0
11/5/2017,,,0.0,0.0
11/6/2017,313880.0,,542.0,522.0
11/7/2017,308880.0,,552.0,461.0
11/8/2017,298634.0,,593.0,428.0
11/9/2017,243807.0,,451.0,441.0
11/10/2017,231984.0,,440.0,475.0
11/11/2017,,,0.0,0.0
11/12/2017,,,0.0,0.0
11/13/2017,254095.0,,445.0,563.0
11/14/2017,218652.0,,423.0,493.0
11/15/2017,208181.0,,414.0,453.0
11/16/2017,217556.0,,399.0,445.0
11/17/2017,238396.0,,475.0,471.0
11/18/2017,,,0.0,0.0
11/19/2017,,,0.0,0.0
11/20/2017,299376.0,,535.0,516.0
11/21/2017,240648.0,,444.0,459.0
11/22/2017,188324.0,,356.0,398.0
11/23/2017,,,0.0,0.0
11/24/2017,132405.0,,302.0,297.0
11/25/2017,,,0.0,0.0
11/26/2017,,,0.0,0.0
11/27/2017,309808.0,,582.0,527.0
11/28/2017,268690.0,,488.0,453.0
11/29/2017,244349.0,,497.0,418.0
11/30/2017,241192.0,,481.0,403.0
12/1/2017,299208.0,,569.0,447.0
12/2/2017,,,0.0,0.0
12/3/2017,,,0.0,0.0
12/4/2017,341969.0,,625.0,630.0
12/5/2017,293046.0,,510.0,584.0
12/6/2017,279248.0,,501.0,576.0
12/7/2017,303646.0,,551.0,521.0
12/8/2017,259590.0,,513.0,588.0
12/9/2017,,,0.0,0.0
12/10/2017,,,0.0,0.0
12/11/2017,338750.0,,658.0,609.0
12/12/2017,335580.0,,609.0,564.0
12/13/2017,272916.0,,543.0,556.0
12/14/2017,269240.0,,520.0,503.0
12/15/2017,333464.0,,660.0,568.0
12/16/2017,,,0.0,0.0
12/17/2017,,,0.0,0.0
12/18/2017,391365.0,,696.0,665.0
12/19/2017,319518.0,,597.0,615.0
12/20/2017,302211.0,,566.0,548.0
12/21/2017,300612.0,,547.0,525.0
12/22/2017,274170.0,,554.0,583.0
12/23/2017,,,0.0,0.0
12/24/2017,,,0.0,0.0
12/25/2017,,,0.0,0.0
12/26/2017,310168.0,,588.0,701.0
12/27/2017,337237.0,,577.0,652.0
12/28/2017,286935.0,,526.0,619.0
12/29/2017,315854.0,,579.0,637.0
12/30/2017,,,0.0,0.0
12/31/2017,,,0.0,0.0
1/1/2018,0.0,,0.0,0.0
1/2/2018,503949.0,,1030.0,755.0
1/3/2018,497720.0,,968.0,656.0
1/4/2018,423202.0,,808.0,543.0
1/5/2018,426558.0,,838.0,589.0
1/6/2018,,,0.0,0.0
1/7/2018,,,0.0,0.0
1/8/2018,400224.0,,834.0,577.0
1/9/2018,350556.0,,692.0,481.0
1/10/2018,296592.0,,596.0,442.0
1/11/2018,297387.0,,574.0,431.0
1/12/2018,346580.0,,628.0,461.0
1/13/2018,,,0.0,0.0
1/14/2018,,,0.0,0.0
1/15/2018,0.0,,0.0,0.0
1/16/2018,371126.0,,713.0,542.0
1/17/2018,353564.0,,640.0,441.0
1/18/2018,289710.0,,575.0,423.0
1/19/2018,254430.0,,518.0,401.0
1/20/2018,,,0.0,0.0
1/21/2018,,,0.0,0.0
1/22/2018,330084.0,,665.0,687.0
1/23/2018,289155.0,,568.0,621.0
1/24/2018,268577.0,,556.0,587.0
1/25/2018,260000.0,,541.0,554.0
1/26/2018,273088.0,,551.0,598.0
1/27/2018,,,0.0,0.0
1/28/2018,,,0.0,0.0
1/29/2018,310860.0,,634.0,627.0
1/30/2018,292677.0,,548.0,566.0
1/31/2018,264620.0,,513.0,536.0
2/1/2018,283250.0,,530.0,505.0
2/2/2018,293910.0,,598.0,545.0
2/3/2018,,,0.0,0.0
2/4/2018,,,0.0,0.0
2/5/2018,407548.0,,939.0,585.0
2/6/2018,381259.0,,714.0,552.0
2/7/2018,303208.0,,613.0,464.0
2/8/2018,295386.0,,555.0,461.0
2/9/2018,331168.0,,664.0,537.0
2/10/2018,,,0.0,0.0
2/11/2018,,,0.0,0.0
2/12/2018,366450.0,,713.0,681.0
2/13/2018,245000.0,,506.0,587.0
2/14/2018,239776.0,,496.0,551.0
2/15/2018,236180.0,,498.0,533.0
2/16/2018,258500.0,,535.0,567.0
2/17/2018,,,0.0,0.0
2/18/2018,,,0.0,0.0
2/19/2018,0.0,,0.0,0.0
2/20/2018,370326.0,,741.0,721.0
2/21/2018,243656.0,,460.0,608.0
2/22/2018,215172.0,,417.0,578.0
2/23/2018,231030.0,,455.0,587.0
2/24/2018,,,0.0,0.0
2/25/2018,,,0.0,0.0
2/26/2018,305280.0,,647.0,671.0
2/27/2018,262128.0,,512.0,587.0
2/28/2018,237120.0,,462.0,561.0
3/1/2018,234255.0,,485.0,639.0
3/2/2018,257740.0,,491.0,611.0
3/3/2018,,,0.0,0.0
3/4/2018,,,0.0,0.0
3/5/2018,321736.0,,651.0,711.0
3/6/2018,284752.0,,600.0,588.0
3/7/2018,269698.0,,519.0,556.0
3/8/2018,244258.0,,483.0,541.0
3/9/2018,309662.0,,639.0,598.0
3/10/2018,,,0.0,0.0
3/11/2018,,,0.0,0.0
3/12/2018,376431.0,,701.0,618.0
3/13/2018,302588.0,,542.0,573.0
3/14/2018,238740.0,,471.0,565.0
3/15/2018,233022.0,,443.0,511.0
3/16/2018,255290.0,,503.0,577.0
3/17/2018,,,0.0,0.0
3/18/2018,,,0.0,0.0
3/19/2018,315216.0,,601.0,542.0
3/20/2018,273333.0,,528.0,503.0
3/21/2018,255936.0,,513.0,425.0
3/22/2018,237600.0,,481.0,394.0
3/23/2018,225561.0,,483.0,454.0
3/24/2018,,,0.0,0.0
3/25/2018,,,0.0,0.0
3/26/2018,315491.0,,684.0,618.0
3/27/2018,289254.0,,589.0,573.0
3/28/2018,216270.0,,445.0,565.0
3/29/2018,222134.0,,444.0,511.0
3/30/2018,0.0,,0.0,0.0
3/31/2018,,,0.0,0.0
4/1/2018,,,0.0,0.0
4/2/2018,358215.0,,724.0,718.0
4/3/2018,268812.0,,526.0,665.0
4/4/2018,210222.0,,466.0,656.0
4/5/2018,221534.0,,436.0,594.0
4/6/2018,276420.0,,528.0,670.0
4/7/2018,,,0.0,0.0
4/8/2018,,,,
4/9/2018,321948.0,,596.0,727.0
4/10/2018,258362.0,,523.0,642.0
4/11/2018,225207.0,,452.0,631.0
4/12/2018,243012.0,,463.0,588.0
4/13/2018,209508.0,,443.0,651.0
4/14/2018,,,0.0,0.0
4/15/2018,,,0.0,0.0
4/16/2018,338289.0,,630.0,690.0
4/17/2018,252960.0,,480.0,636.0
4/18/2018,183531.0,,393.0,519.0
4/19/2018,192192.0,,364.0,483.0
4/20/2018,217655.0,,439.0,601.0
4/21/2018,,,0.0,0.0
4/22/2018,,,0.0,0.0
4/23/2018,65745.0,,435.0,454.0
4/24/2018,186518.0,,359.0,405.0
4/25/2018,170829.0,,340.0,384.0
4/26/2018,158790.0,,337.0,342.0
4/27/2018,170556.0,,366.0,392.0
4/28/2018,,,0.0,0.0
4/29/2018,,,0.0,0.0
4/30/2018,214428.0,,430.0,478.0
5/1/2018,187500.0,,385.0,443.0
5/2/2018,179104.0,,387.0,437.0
5/3/2018,150737.0,,307.0,395.0
5/4/2018,179790.0,,391.0,446.0
5/5/2018,,,0.0,0.0
5/6/2018,,,0.0,0.0
5/7/2018,227333.0,,493.0,527.0
5/8/2018,209312.0,,432.0,438.0
5/9/2018,160988.0,,336.0,418.0
5/10/2018,175764.0,,401.0,389.0
5/11/2018,161539.0,,329.0,437.0
5/12/2018,,,0.0,0.0
5/13/2018,,,0.0,0.0
5/14/2018,231037.0,,503.0,448.0
5/15/2018,202306.0,,405.0,401.0
5/16/2018,187230.0,,404.0,398.0
5/17/2018,179500.0,,364.0,367.0
5/18/2018,151745.0,,342.0,406.0
5/19/2018,,,0.0,0.0
5/20/2018,,,0.0,0.0
5/21/2018,226135.0,,456.0,423.0
5/22/2018,209600.0,,408.0,344.0
5/23/2018,167948.0,,351.0,321.0
5/24/2018,163134.0,,343.0,304.0
5/25/2018,158984.0,,336.0,317.0
5/26/2018,,,0.0,0.0
5/27/2018,,,0.0,0.0
5/28/2018,,,0.0,0.0
5/29/2018,221280.0,,465.0,457.0
5/30/2018,202906.0,,409.0,402.0
5/31/2018,168295.0,,348.0,339.0
6/1/2018,160611.0,,344.0,388.0
6/2/2018,,,0.0,0.0
6/3/2018,,,0.0,0.0
6/4/2018,284403.0,,657.0,475.0
6/5/2018,202906.0,,403.0,412.0
6/6/2018,202032.0,,424.0,397.0
6/7/2018,186333.0,,400.0,355.0
6/8/2018,215635.0,,439.0,371.0
6/9/2018,,,0.0,0.0
6/10/2018,,,0.0,0.0
6/11/2018,272896.0,,513.0,429.0
6/12/2018,218374.0,,501.0,385.0
6/13/2018,189514.0,,394.0,387.0
6/14/2018,175683.0,,403.0,307.0
6/15/2018,169848.0,,346.0,391.0
6/16/2018,,,0.0,0.0
6/17/2018,,,0.0,0.0
6/18/2018,202920.0,,447.0,455.0
6/19/2018,182959.0,,414.0,416.0
6/20/2018,160890.0,,346.0,375.0
6/21/2018,169054.0,,362.0,357.0
6/22/2018,154528.0,,352.0,382.0
6/23/2018,,,0.0,0.0
6/24/2018,,,0.0,0.0
6/25/2018,200184.0,,458.0,446.0
6/26/2018,145070.0,,326.0,408.0
6/27/2018,147628.0,,337.0,367.0
6/28/2018,153765.0,,336.0,350.0
6/29/2018,152211.0,,339.0,374.0
6/30/2018,,,0.0,0.0
7/1/2018,,,0.0,0.0
7/2/2018,193390.0,,427.0,403.0
7/3/2018,179452.0,,375.0,344.0
7/4/2018,,,0.0,0.0
7/5/2018,175168.0,,396.0,441.0
7/6/2018,170376.0,,381.0,449.0
7/7/2018,,,0.0,0.0
7/8/2018,,,0.0,0.0
7/9/2018,233682.0,,496.0,441.0
7/10/2018,236180.0,,497.0,411.0
7/11/2018,196936.0,,427.0,364.0
7/12/2018,181670.0,,381.0,331.0
7/13/2018,180612.0,,423.0,341.0
7/14/2018,,,0.0,0.0
7/15/2018,,,0.0,0.0
7/16/2018,197870.0,,447.0,437.0
7/17/2018,202356.0,,433.0,407.0
7/18/2018,177408.0,,394.0,360.0
7/19/2018,172368.0,,382.0,328.0
7/20/2018,179859.0,,375.0,338.0
7/21/2018,,,0.0,0.0
7/22/2018,,,0.0,0.0
7/23/2018,198230.0,,455.0,432.0
7/24/2018,174699.0,,448.0,403.0
7/25/2018,169500.0,,391.0,357.0
7/26/2018,214232.0,,456.0,324.0
7/27/2018,176614.0,,422.0,334.0
7/28/2018,,,0.0,0.0
7/29/2018,,,0.0,0.0
7/30/2018,205205.0,,471.0,438.0
7/31/2018,176341.0,,395.0,422.0
8/1/2018,176841.0,,423.0,432.0
8/2/2018,162808.0,,386.0,409.0
8/3/2018,189932.0,,423.0,383.0
8/4/2018,,,0.0,0.0
8/5/2018,,,0.0,0.0
8/6/2018,239478.0,,519.0,517.0
8/7/2018,240450.0,,560.0,421.0
8/8/2018,196128.0,,463.0,404.0
8/9/2018,212430.0,,446.0,374.0
8/10/2018,205242.0,,441.0,422.0
8/11/2018,,,0.0,0.0
8/12/2018,,,0.0,0.0
8/13/2018,249879.0,,530.0,447.0
8/14/2018,216000.0,,495.0,414.0
8/15/2018,167388.0,,386.0,346.0
8/16/2018,189932.0,,432.0,362.0
8/17/2018,181541.0,,390.0,352.0
8/18/2018,,,0.0,0.0
8/19/2018,,,0.0,0.0
8/20/2018,197490.0,,472.0,460.0
8/21/2018,199876.0,,451.0,395.0
8/22/2018,158688.0,,358.0,361.0
8/23/2018,174363.0,,375.0,355.0
8/24/2018,162400.0,,377.0,363.0
8/25/2018,,,0.0,0.0
8/26/2018,,,0.0,0.0
8/27/2018,250217.0,,588.0,441.0
8/28/2018,212848.0,,462.0,379.0
8/29/2018,183845.0,,426.0,347.0
8/30/2018,174603.0,,433.0,340.0
8/31/2018,153278.0,,347.0,348.0
9/1/2018,,,0.0,0.0
9/2/2018,,,0.0,0.0
9/3/2018,,,0.0,0.0
9/4/2018,243512.0,,525.0,502.0
9/5/2018,219840.0,,508.0,441.0
9/6/2018,194403.0,,425.0,407.0
9/7/2018,203300.0,,467.0,422.0
9/8/2018,,,0.0,0.0
9/9/2018,,,0.0,0.0
9/10/2018,276822.0,,675.0,474.0
9/11/2018,207009.0,,521.0,407.0
9/12/2018,174300.0,,439.0,372.0
9/13/2018,190400.0,,490.0,366.0
9/14/2018,213256.0,,465.0,374.0
9/15/2018,,,0.0,0.0
9/16/2018,,,0.0,0.0
9/17/2018,220908.0,,505.0,521.0
9/18/2018,219310.0,,475.0,471.0
9/19/2018,186984.0,,460.0,426.0
9/20/2018,184710.0,,402.0,417.0
9/21/2018,228942.0,,527.0,418.0
9/22/2018,,,0.0,0.0
9/23/2018,,,0.0,0.0
9/24/2018,221442.0,,513.0,462.0
9/25/2018,209196.0,,511.0,411.0
9/26/2018,190650.0,,451.0,383.0
9/27/2018,152640.0,,315.0,371.0
9/28/2018,189472.0,,452.0,403.0
9/29/2018,,,0.0,0.0
9/30/2018,,,0.0,0.0
10/1/2018,228483.0,,515.0,551.0
10/2/2018,230036.0,,472.0,473.0
10/3/2018,203575.0,,456.0,433.0
10/4/2018,187704.0,,477.0,425.0
10/5/2018,199200.0,,478.0,619.0
10/6/2018,,,0.0,0.0
10/7/2018,,,0.0,0.0
10/8/2018,197111.0,,488.0,534.0
10/9/2018,231840.0,,593.0,459.0
10/10/2018,232254.0,,575.0,420.0
10/11/2018,259380.0,,619.0,412.0
10/12/2018,223892.0,,560.0,422.0
10/13/2018,,,0.0,0.0
10/14/2018,,,0.0,0.0
10/15/2018,229788.0,,469.0,527.0
10/16/2018,235712.0,,491.0,473.0
10/17/2018,194040.0,,377.0,460.0
10/18/2018,175076.0,,402.0,427.0
10/19/2018,204058.0,,420.0,472.0
10/20/2018,,,0.0,0.0
10/21/2018,,,0.0,0.0
10/22/2018,211344.0,,418.0,508.0
10/23/2018,193545.0,,435.0,436.0
10/24/2018,196460.0,,423.0,399.0
10/25/2018,159986.0,,368.0,392.0
10/26/2018,208520.0,,434.0,401.0
10/27/2018,,,0.0,0.0
10/28/2018,,,0.0,0.0
10/29/2018,236572.0,,478.0,498.0
10/30/2018,208028.0,,417.0,427.0
10/31/2018,176000.0,,386.0,391.0
11/1/2018,180765.0,,381.0,384.0
11/2/2018,173740.0,,407.0,393.0
11/3/2018,,,0.0,0.0
11/4/2018,,,0.0,0.0
11/5/2018,246384.0,,498.0,539.0
11/6/2018,218310.0,,476.0,441.0
11/7/2018,194768.0,,455.0,412.0
11/8/2018,258897.0,,487.0,383.0
11/9/2018,244839.0,,499.0,414.0
11/10/2018,,,0.0,0.0
11/11/2018,,,0.0,0.0
11/12/2018,191970.0,,406.0,489.0
11/13/2018,244671.0,,519.0,477.0
11/14/2018,220740.0,,418.0,357.0
11/15/2018,205932.0,,434.0,393.0
11/16/2018,233228.0,,418.0,414.0
11/17/2018,,,0.0,0.0
11/18/2018,,,0.0,0.0
11/19/2018,240543.0,,482.0,508.0
11/20/2018,228099.0,,431.0,511.0
11/21/2018,165508.0,,369.0,395.0
11/22/2018,,,0.0,0.0
11/23/2018,120950.0,,216.0,264.0
11/24/2018,,,0.0,0.0
11/25/2018,,,0.0,0.0
11/26/2018,292145.0,,525.0,556.0
11/27/2018,243715.0,,438.0,490.0
11/28/2018,218283.0,,429.0,440.0
11/29/2018,205530.0,,435.0,437.0
11/30/2018,183226.0,,327.0,442.0
12/1/2018,,,0.0,0.0
12/2/2018,,,0.0,0.0
12/3/2018,349623.0,,669.0,623.0
12/4/2018,258300.0,,490.0,535.0
12/5/2018,100626.0,,199.0,341.0
12/6/2018,271755.0,,566.0,624.0
12/7/2018,277254.0,,541.0,540.0
12/8/2018,,,0.0,0.0
12/9/2018,,,0.0,0.0
12/10/2018,398970.0,,714.0,661.0
12/11/2018,298200.0,,674.0,568.0
12/12/2018,282092.0,,558.0,519.0
12/13/2018,290184.0,,484.0,510.0
12/14/2018,305769.0,,568.0,522.0
12/15/2018,,,0.0,0.0
12/16/2018,,,0.0,0.0
12/17/2018,443593.0,,753.0,672.0
12/18/2018,272493.0,,632.0,577.0
12/19/2018,279450.0,,530.0,528.0
12/20/2018,355600.0,,828.0,518.0
12/21/2018,339968.0,,627.0,530.0
12/22/2018,,,0.0,0.0
12/23/2018,,,0.0,0.0
12/24/2018,244296.0,,447.0,357.0
12/25/2018,,,0.0,0.0
12/26/2018,352715.0,,782.0,472.0
12/27/2018,328768.0,,634.0,527.0
12/28/2018,356972.0,,640.0,629.0
12/29/2018,,,0.0,0.0
12/30/2018,0.0,,0.0,0.0
12/31/2018,310155.0,,535.0,553.0
1/1/2019,0.0,,0.0,0.0
1/2/2019,393228.0,,650.0,745.0
1/3/2019,351591.0,,510.0,577.0
1/4/2019,326405.0,,534.0,467.0
1/5/2019,,,0.0,0.0
1/6/2019,0.0,,0.0,0.0
1/7/2019,441530.0,,757.0,924.0
1/8/2019,332740.0,,557.0,837.0
1/9/2019,304951.0,,535.0,723.0
1/10/2019,331116.0,,554.0,714.0
1/11/2019,267150.0,,453.0,738.0
1/12/2019,,,0.0,0.0
1/13/2019,0.0,,0.0,0.0
1/14/2019,312957.0,,569.0,688.0
1/15/2019,259259.0,,431.0,602.0
1/16/2019,261250.0,,540.0,542.0
1/17/2019,239625.0,,382.0,501.0
1/18/2019,258390.0,,474.0,572.0
1/19/2019,,,0.0,0.0
1/20/2019,,,0.0,0.0
1/21/2019,0.0,,0.0,0.0
1/22/2019,305604.0,,700.0,604.0
1/23/2019,199841.0,,380.0,587.0
1/24/2019,207920.0,,393.0,520.0
1/25/2019,238996.0,,420.0,574.0
1/26/2019,,,0.0,0.0
1/27/2019,0.0,,0.0,0.0
1/28/2019,269670.0,,461.0,535.0
1/29/2019,237762.0,,503.0,481.0
1/30/2019,245336.0,,472.0,462.0
1/31/2019,248514.0,,452.0,451.0
2/1/2019,257600.0,,432.0,476.0
2/2/2019,,,0.0,0.0
2/3/2019,,,0.0,0.0
2/4/2019,332937.0,,548.0,716.0
2/5/2019,294952.0,,539.0,615.0
2/6/2019,267448.0,,451.0,563.0
2/7/2019,265862.0,,451.0,552.0
2/8/2019,229770.0,,396.0,565.0
2/9/2019,,,0.0,0.0
2/10/2019,,,0.0,0.0
2/11/2019,287680.0,,571.0,597.0
2/12/2019,267443.0,,530.0,513.0
2/13/2019,241395.0,,470.0,469.0
2/14/2019,228660.0,,441.0,461.0
2/15/2019,259644.0,,483.0,471.0
2/16/2019,,,0.0,0.0
2/17/2019,,,0.0,0.0
2/18/2019,0.0,,0.0,0.0
2/19/2019,379561.0,,816.0,586.0
2/20/2019,299676.0,,569.0,512.0
2/21/2019,266900.0,,464.0,471.0
2/22/2019,300792.0,,519.0,478.0
2/23/2019,,,0.0,0.0
2/24/2019,,,0.0,0.0
2/25/2019,303075.0,,755.0,542.0
2/26/2019,283465.0,,552.0,514.0
2/27/2019,241864.0,,422.0,447.0
2/28/2019,263114.0,,461.0,435.0
3/1/2019,254932.0,,522.0,438.0
3/2/2019,,,0.0,0.0
3/3/2019,,,0.0,0.0
3/4/2019,316383.0,,878.0,551.0
3/5/2019,334720.0,,582.0,473.0
3/6/2019,301093.0,,496.0,433.0
3/7/2019,274342.0,,483.0,425.0
3/8/2019,287976.0,,485.0,435.0
3/9/2019,,,0.0,0.0
3/10/2019,,,0.0,0.0
3/11/2019,394935.0,,601.0,621.0
3/12/2019,350364.0,,563.0,533.0
3/13/2019,303807.0,,539.0,488.0
3/14/2019,261705.0,,491.0,479.0
3/15/2019,269280.0,,626.0,490.0
3/16/2019,,,0.0,0.0
3/17/2019,0.0,,0.0,0.0
3/18/2019,448448.0,,712.0,607.0
3/19/2019,331154.0,,556.0,569.0
3/20/2019,276360.0,,433.0,544.0
3/21/2019,295515.0,,570.0,496.0
3/22/2019,294750.0,,497.0,495.0
3/23/2019,,,0.0,0.0
3/24/2019,,,0.0,0.0
3/25/2019,383640.0,,567.0,613.0
3/26/2019,246272.0,,443.0,574.0
3/27/2019,252968.0,,419.0,550.0
3/28/2019,251732.0,,416.0,501.0
3/29/2019,263064.0,,469.0,500.0
3/30/2019,,,0.0,0.0
3/31/2019,0.0,,0.0,0.0
4/1/2019,385065.0,,651.0,625.0
4/2/2019,351268.0,,582.0,586.0
4/3/2019,280623.0,,493.0,561.0
4/4/2019,274365.0,,481.0,511.0
4/5/2019,302940.0,,520.0,510.0
4/6/2019,,,0.0,0.0
4/7/2019,0.0,,0.0,0.0
4/8/2019,415368.0,,685.0,662.0
4/9/2019,315276.0,,527.0,607.0
4/10/2019,241400.0,,441.0,572.0
4/11/2019,259584.0,,440.0,527.0
4/12/2019,291224.0,,479.0,582.0
4/13/2019,0.0,,0.0,0.0
4/14/2019,0.0,,0.0,0.0
4/15/2019,314902.0,,579.0,692.0
4/16/2019,237448.0,,453.0,606.0
4/17/2019,203000.0,,389.0,509.0
4/18/2019,206346.0,,369.0,524.0
4/19/2019,0.0,,0.0,0.0
4/20/2019,0.0,,0.0,0.0
4/21/2019,0.0,,0.0,0.0
4/22/2019,276600.0,,515.0,562.0
4/23/2019,239274.0,,450.0,477.0
4/24/2019,225216.0,,414.0,423.0
4/25/2019,201705.0,,353.0,376.0
4/26/2019,222720.0,,353.0,419.0
4/27/2019,0.0,,0.0,0.0
4/28/2019,0.0,,0.0,0.0
4/29/2019,273460.0,,469.0,878.0
4/30/2019,214476.0,,370.0,577.0
5/1/2019,194488.0,,343.0,494.0
5/2/2019,179190.0,,340.0,482.0
5/3/2019,199920.0,,352.0,485.0
5/4/2019,0.0,,0.0,0.0
5/5/2019,0.0,,0.0,0.0
5/6/2019,254575.0,,431.0,600.0
5/7/2019,227556.0,,393.0,374.0
5/8/2019,209220.0,,340.0,346.0
5/9/2019,179256.0,,320.0,343.0
5/10/2019,246181.0,,414.0,356.0
5/11/2019,0.0,,0.0,0.0
5/12/2019,0.0,,0.0,0.0
5/13/2019,264076.0,,458.0,422.0
5/14/2019,204512.0,,362.0,385.0
5/15/2019,175518.0,,303.0,347.0
5/16/2019,193125.0,,328.0,337.0
5/17/2019,171990.0,,297.0,348.0
5/18/2019,,,0.0,0.0
5/19/2019,,,0.0,0.0
5/20/2019,221840.0,,393.0,415.0
5/21/2019,204989.0,,363.0,357.0
5/22/2019,149850.0,,271.0,332.0
5/23/2019,160704.0,,288.0,324.0
5/24/2019,158115.0,,252.0,321.0
5/25/2019,,,0.0,0.0
5/26/2019,0.0,,0.0,0.0
5/27/2019,0.0,,0.0,0.0
5/28/2019,220951.0,,407.0,422.0
5/29/2019,174408.0,,316.0,361.0
5/30/2019,159030.0,,277.0,342.0
5/31/2019,150895.0,,296.0,347.0
6/1/2019,,,0.0,0.0
6/2/2019,,,0.0,0.0
6/3/2019,220545.0,,386.0,497.0
6/4/2019,177018.0,,328.0,418.0
6/5/2019,183787.0,,327.0,382.0
6/6/2019,162711.0,,309.0,375.0
6/7/2019,195615.0,,361.0,384.0
6/8/2019,0.0,,0.0,0.0
6/9/2019,0.0,,0.0,0.0
6/10/2019,280908.0,,500.0,477.0
6/11/2019,216200.0,,392.0,410.0
6/12/2019,202740.0,,347.0,375.0
6/13/2019,192376.0,,360.0,368.0
6/14/2019,170739.0,,327.0,376.0
6/15/2019,,,0.0,0.0
6/16/2019,0.0,,0.0,0.0
6/17/2019,231572.0,,425.0,378.0
6/18/2019,221100.0,,413.0,321.0
6/19/2019,214286.0,,365.0,320.0
6/20/2019,255647.0,,432.0,303.0
6/21/2019,202616.0,,373.0,328.0
6/22/2019,,,0.0,0.0
6/23/2019,,,0.0,0.0
6/24/2019,257676.0,,430.0,375.0
6/25/2019,207999.0,,385.0,318.0
6/26/2019,192495.0,,348.0,317.0
6/27/2019,179172.0,,317.0,300.0
6/28/2019,194948.0,,357.0,324.0
6/29/2019,,,0.0,0.0
6/30/2019,,,0.0,0.0
7/1/2019,227682.0,,428.0,392.0
7/2/2019,238400.0,,412.0,344.0
7/3/2019,186600.0,,319.0,216.0
7/4/2019,,,0.0,0.0
7/5/2019,200976.0,,381.0,234.0
7/6/2019,,,0.0,0.0
7/7/2019,0.0,,0.0,0.0
7/8/2019,277378.0,,576.0,463.0
7/9/2019,265032.0,,473.0,411.0
7/10/2019,250140.0,,434.0,381.0
7/11/2019,202538.0,,347.0,353.0
7/12/2019,241704.0,,412.0,377.0
7/13/2019,,,0.0,0.0
7/14/2019,,,0.0,0.0
7/15/2019,288750.0,,533.0,511.0
7/16/2019,245630.0,,400.0,439.0
7/17/2019,213954.0,,358.0,402.0
7/18/2019,202566.0,,344.0,394.0
7/19/2019,202272.0,,341.0,403.0
7/20/2019,,,0.0,0.0
7/21/2019,,,0.0,0.0
7/22/2019,231154.0,,402.0,542.0
7/23/2019,211558.0,,379.0,465.0
7/24/2019,199680.0,,331.0,426.0
7/25/2019,201285.0,,321.0,418.0
7/26/2019,231880.0,,380.0,428.0
7/27/2019,,,0.0,0.0
7/28/2019,,,0.0,0.0
7/29/2019,226368.0,,406.0,394.0
7/30/2019,248256.0,,456.0,371.0
7/31/2019,211860.0,,404.0,324.0
8/1/2019,184034.0,,338.0,374.0
8/2/2019,186684.0,,337.0,402.0
8/3/2019,0.0,,0.0,0.0
8/4/2019,0.0,,0.0,0.0
8/5/2019,286281.0,,501.0,478.0
8/6/2019,215710.0,,373.0,457.0
8/7/2019,234500.0,,377.0,431.0
8/8/2019,243168.0,,463.0,411.0
8/9/2019,231875.0,,392.0,418.0
8/10/2019,,,0.0,0.0
8/11/2019,,,0.0,0.0
8/12/2019,221100.0,,406.0,449.0
8/13/2019,234360.0,,388.0,430.0
8/14/2019,223587.0,,373.0,405.0
8/15/2019,219564.0,,356.0,386.0
8/16/2019,192808.0,,315.0,393.0
8/17/2019,0.0,,0.0,0.0
8/18/2019,0.0,,0.0,0.0
8/19/2019,228516.0,,469.0,394.0
8/20/2019,194675.0,,337.0,376.0
8/21/2019,187200.0,,314.0,362.0
8/22/2019,191568.0,,317.0,375.0
8/23/2019,186576.0,,329.0,381.0
8/24/2019,0.0,,0.0,0.0
8/25/2019,0.0,,0.0,0.0
8/26/2019,215992.0,,394.0,402.0
8/27/2019,169354.0,,301.0,384.0
8/28/2019,152040.0,,284.0,369.0
8/29/2019,182868.0,,316.0,382.0
8/30/2019,169074.0,,284.0,389.0
8/31/2019,0.0,,0.0,0.0
9/1/2019,0.0,,0.0,0.0
9/2/2019,0.0,,0.0,0.0
9/3/2019,247200.0,,422.0,410.0
9/4/2019,224848.0,,380.0,392.0
9/5/2019,241056.0,,383.0,376.0
9/6/2019,209922.0,,362.0,390.0
9/7/2019,0.0,,0.0,0.0
9/8/2019,0.0,,0.0,0.0
9/9/2019,338256.0,,571.0,418.0
9/10/2019,271329.0,,462.0,399.0
9/11/2019,248213.0,,453.0,384.0
9/12/2019,235760.0,,474.0,398.0
9/13/2019,233783.0,,418.0,404.0
9/14/2019,,,0.0,0.0
9/15/2019,,,0.0,0.0
9/16/2019,264880.0,,433.0,450.0
9/17/2019,193545.0,,351.0,359.0
9/18/2019,183618.0,,326.0,338.0
9/19/2019,186438.0,,339.0,317.0
9/20/2019,193844.0,,325.0,339.0
9/21/2019,0.0,,0.0,0.0
9/22/2019,0.0,,0.0,0.0
9/23/2019,237120.0,,395.0,436.0
9/24/2019,176220.0,,335.0,352.0
9/25/2019,194616.0,,319.0,335.0
9/26/2019,167562.0,,263.0,314.0
9/27/2019,171781.0,,290.0,331.0
9/28/2019,0.0,,0.0,0.0
9/29/2019,0.0,,0.0,0.0
9/30/2019,232042.0,,364.0,417.0
10/1/2019,217899.0,,347.0,389.0
10/2/2019,164720.0,,298.0,397.0
10/3/2019,173448.0,,301.0,351.0
10/4/2019,180375.0,,326.0,366.0
10/5/2019,,,0.0,0.0
10/6/2019,,,0.0,0.0
10/7/2019,256410.0,,416.0,438.0
10/8/2019,213024.0,,338.0,417.0
10/9/2019,237452.0,,358.0,408.0
10/10/2019,177870.0,,305.0,369.0
10/11/2019,257937.0,,416.0,384.0
10/12/2019,,,0.0,0.0
10/13/2019,,,0.0,0.0
10/14/2019,260208.0,,432.0,395.0
10/15/2019,267705.0,,420.0,325.0
10/16/2019,244188.0,,425.0,341.0
10/17/2019,222250.0,,351.0,291.0
10/18/2019,234330.0,,373.0,365.0
10/19/2019,,,0.0,0.0
10/20/2019,,,0.0,0.0
10/21/2019,276336.0,,461.0,419.0
10/22/2019,242648.0,,412.0,407.0
10/23/2019,199694.0,,320.0,412.0
10/24/2019,212608.0,,355.0,340.0
10/25/2019,200655.0,,352.0,354.0
10/26/2019,,,0.0,0.0
10/27/2019,,,0.0,0.0
10/28/2019,249736.0,,430.0,415.0
10/29/2019,227791.0,,367.0,403.0
10/30/2019,216691.0,,350.0,408.0
10/31/2019,191100.0,,302.0,337.0
11/1/2019,222224.0,,362.0,351.0
11/2/2019,,,0.0,0.0
11/3/2019,,,0.0,0.0
11/4/2019,317460.0,,558.0,460.0
11/5/2019,249458.0,,403.0,448.0
11/6/2019,221250.0,,356.0,453.0
11/7/2019,230445.0,,406.0,374.0
11/8/2019,279748.0,,427.0,389.0
11/9/2019,,,0.0,0.0
11/10/2019,,,0.0,0.0
11/11/2019,238384.0,,377.0,291.0
11/12/2019,297479.0,,505.0,351.0
11/13/2019,232758.0,,406.0,273.0
11/14/2019,246791.0,,422.0,255.0
11/15/2019,296593.0,,482.0,250.0
11/16/2019,,,0.0,0.0
11/17/2019,,,0.0,0.0
11/18/2019,344772.0,,581.0,463.0
11/19/2019,247016.0,,432.0,397.0
11/20/2019,241290.0,,414.0,354.0
11/21/2019,233625.0,,393.0,341.0
11/22/2019,280896.0,,478.0,366.0
11/23/2019,,,0.0,0.0
11/24/2019,,,0.0,0.0
11/25/2019,309855.0,,492.0,472.0
11/26/2019,278481.0,,480.0,418.0
11/27/2019,212126.0,,370.0,318.0
11/28/2019,,,0.0,0.0
11/29/2019,154842.0,,266.0,210.0
11/30/2019,,,0.0,0.0
12/1/2019,,,0.0,0.0
12/2/2019,343822.0,,545.0,640.0
12/3/2019,318857.0,,467.0,502.0
12/4/2019,285912.0,,433.0,438.0
12/5/2019,316680.0,,469.0,449.0
12/6/2019,343546.0,,510.0,496.0
12/7/2019,,,0.0,0.0
12/8/2019,,,0.0,0.0
12/9/2019,389444.0,,710.0,716.0
12/10/2019,361000.0,,496.0,561.0
12/11/2019,327519.0,,478.0,490.0
12/12/2019,284005.0,,419.0,503.0
12/13/2019,331695.0,,481.0,514.0
12/14/2019,,,0.0,0.0
12/15/2019,,,0.0,0.0
12/16/2019,408336.0,,622.0,774.0
12/17/2019,405296.0,,643.0,607.0
12/18/2019,348650.0,,506.0,530.0
12/19/2019,319440.0,,488.0,643.0
12/20/2019,377754.0,,594.0,661.0
12/21/2019,0.0,,0.0,0.0
12/22/2019,0.0,,0.0,0.0
12/23/2019,440505.0,,685.0,789.0
12/24/2019,178318.0,,278.0,371.0
12/25/2019,,,0.0,0.0
12/26/2019,312330.0,,471.0,627.0
12/27/2019,351576.0,,593.0,689.0
12/28/2019,0.0,,0.0,0.0
12/29/2019,0.0,,0.0,0.0
12/30/2019,424230.0,,698.0,690.0
12/31/2019,279708.0,,452.0,510.0
1/1/2020,0.0,,0.0,0.0
1/2/2020,469794.0,,963.0,641.0
1/3/2020,352036.0,,563.0,617.0
1/4/2020,,,0.0,0.0
1/5/2020,,,0.0,0.0
1/6/2020,402052.0,,617.0,707.0
1/7/2020,366771.0,,585.0,522.0
1/8/2020,346610.0,,566.0,514.0
1/9/2020,340782.0,,551.0,521.0
1/10/2020,331520.0,,529.0,543.0
1/11/2020,0.0,,0.0,0.0
1/12/2020,0.0,,0.0,0.0
1/13/2020,401931.0,,691.0,579.0
1/14/2020,305274.0,,527.0,492.0
1/15/2020,278550.0,,485.0,472.0
1/16/2020,310408.0,,516.0,443.0
1/17/2020,309160.0,,525.0,474.0
1/18/2020,0.0,,0.0,0.0
1/19/2020,0.0,,0.0,0.0
1/20/2020,0.0,,0.0,0.0
1/21/2020,360525.0,,603.0,714.0
1/22/2020,344084.0,,542.0,482.0
1/23/2020,244944.0,,385.0,467.0
1/24/2020,264600.0,,447.0,533.0
1/25/2020,0.0,,0.0,0.0
1/26/2020,0.0,,0.0,0.0
1/27/2020,300909.0,,500.0,567.0
1/28/2020,243945.0,,421.0,517.0
1/29/2020,250514.0,,387.0,473.0
1/30/2020,236605.0,,403.0,464.0
1/31/2020,227200.0,,403.0,475.0
2/1/2020,0.0,,0.0,0.0
2/2/2020,0.0,,0.0,0.0
2/3/2020,352440.0,,563.0,626.0
2/4/2020,322500.0,,546.0,538.0
2/5/2020,274559.0,,476.0,492.0
2/6/2020,283662.0,,489.0,483.0
2/7/2020,273394.0,,498.0,494.0
2/8/2020,0.0,,0.0,0.0
2/9/2020,0.0,,0.0,0.0
2/10/2020,404480.0,,683.0,643.0
2/11/2020,295611.0,,503.0,553.0
2/12/2020,288880.0,,476.0,505.0
2/13/2020,277695.0,,474.0,497.0
2/14/2020,246228.0,,427.0,507.0
2/15/2020,0.0,,0.0,0.0
2/16/2020,0.0,,0.0,0.0
2/17/2020,0.0,,0.0,0.0
2/18/2020,385020.0,,660.0,802.0
2/19/2020,343596.0,,579.0,560.0
2/20/2020,284780.0,,496.0,456.0
2/21/2020,285285.0,,482.0,510.0
2/22/2020,0.0,,0.0,0.0
2/23/2020,0.0,,0.0,0.0
2/24/2020,368088.0,,659.0,635.0
2/25/2020,337212.0,,580.0,546.0
2/26/2020,306072.0,,479.0,500.0
2/27/2020,342238.0,,579.0,491.0
2/28/2020,441700.0,,753.0,501.0
2/29/2020,0.0,,0.0,0.0
3/1/2020,0.0,,0.0,0.0
3/2/2020,315887.0,,542.0,570.0
3/3/2020,271378.0,,435.0,456.0
3/4/2020,236858.0,,389.0,410.0
3/5/2020,244270.0,,397.0,397.0
3/6/2020,271282.0,,458.0,425.0
3/7/2020,0.0,,0.0,0.0
3/8/2020,0.0,,0.0,0.0
3/9/2020,309680.0,,590.0,489.0
3/10/2020,314290.0,,537.0,469.0
3/11/2020,276490.0,,434.0,453.0
3/12/2020,338067.0,,650.0,424.0
3/13/2020,402804.0,,655.0,284.0
3/14/2020,0.0,,0.0,0.0
3/15/2020,0.0,,0.0,0.0
3/16/2020,390264.0,,740.0,650.0
3/17/2020,379117.0,,617.0,470.0
3/18/2020,422232.0,,667.0,374.0
3/19/2020,356950.0,,599.0,385.0
3/20/2020,327320.0,,542.0,445.0
3/21/2020,0.0,,0.0,0.0
3/22/2020,0.0,,0.0,0.0
3/23/2020,401683.0,,628.0,600.0
3/24/2020,347878.0,,571.0,509.0
3/25/2020,369138.0,,565.0,464.0
3/26/2020,284548.0,,448.0,441.0
3/27/2020,284457.0,,427.0,435.0
3/28/2020,,,0.0,0.0
3/29/2020,,,0.0,0.0
3/30/2020,290521.0,,441.0,638.0
3/31/2020,211858.0,,330.0,473.0
4/1/2020,228089.0,,331.0,390.0
4/2/2020,192026.0,,321.0,395.0
4/3/2020,190165.0,,327.0,457.0
4/4/2020,,,0.0,0.0
4/5/2020,,,0.0,0.0
4/6/2020,266781.0,,389.0,478.0
4/7/2020,227407.0,,388.0,410.0
4/8/2020,213746.0,,345.0,377.0
4/9/2020,198874.0,,334.0,358.0
4/10/2020,,,0.0,0.0
4/11/2020,,,0.0,0.0
4/12/2020,,,0.0,0.0
4/13/2020,313457.0,,457.0,519.0
4/14/2020,214294.0,,352.0,425.0
4/15/2020,195686.0,,294.0,402.0
4/16/2020,157436.0,,269.0,377.0
4/17/2020,207767.0,,322.0,380.0
4/18/2020,,,0.0,0.0
4/19/2020,,,0.0,0.0
4/20/2020,238511.0,,400.0,468.0
4/21/2020,182602.0,,302.0,400.0
4/22/2020,162634.0,,266.0,379.0
4/23/2020,159995.0,,275.0,355.0
4/24/2020,163119.0,,275.0,360.0
4/25/2020,,,0.0,0.0
4/26/2020,,,0.0,0.0
4/27/2020,194708.0,,318.0,439.0
4/28/2020,177410.0,,296.0,373.0
4/29/2020,206736.0,,313.0,327.0
4/30/2020,170467.0,,298.0,329.0
5/1/2020,152539.0,,247.0,336.0
5/2/2020,,,0.0,0.0
5/3/2020,,,0.0,0.0
5/4/2020,195218.0,,298.0,398.0
5/5/2020,146643.0,,258.0,300.0
5/6/2020,156493.0,,265.0,263.0
5/7/2020,179341.0,,281.0,271.0
5/8/2020,185655.0,,322.0,274.0
5/9/2020,,,0.0,0.0
5/10/2020,,,0.0,0.0
5/11/2020,156527.0,,280.0,427.0
5/12/2020,166748.0,,293.0,319.0
5/13/2020,161003.0,,281.0,271.0
5/14/2020,195130.0,,324.0,262.0
5/15/2020,177679.0,,301.0,260.0
5/16/2020,,,0.0,0.0
5/17/2020,,,0.0,0.0
5/18/2020,206169.0,,368.0,309.0
5/19/2020,153234.0,,268.0,285.0
5/20/2020,141189.0,,285.0,243.0
5/21/2020,174378.0,,257.0,246.0
5/22/2020,147000.0,,242.0,238.0
5/23/2020,,,,
5/24/2020,,,0.0,0.0
5/25/2020,,,0.0,0.0
5/26/2020,210081.0,,341.0,355.0
5/27/2020,179231.0,,295.0,281.0
5/28/2020,152304.0,,259.0,267.0
5/29/2020,135616.0,,239.0,282.0
5/30/2020,,,0.0,0.0
5/31/2020,,,0.0,0.0
6/1/2020,139629.0,195989.0,248.0,342.0
6/2/2020,149149.0,173549.0,242.0,297.0
6/3/2020,148282.0,170687.0,265.0,295.0
6/4/2020,185582.0,168096.0,291.0,287.0
6/5/2020,204796.0,170350.0,362.0,297.0
6/6/2020,,,0.0,0.0
6/7/2020,,,0.0,0.0
6/8/2020,305027.0,246534.0,474.0,366.0
6/9/2020,252314.0,190361.0,388.0,299.0
6/10/2020,200972.0,172189.0,309.0,266.0
6/11/2020,201249.0,168392.0,345.0,262.0
6/12/2020,168152.0,163423.0,287.0,264.0
6/13/2020,,,0.0,0.0
6/14/2020,,,0.0,0.0
6/15/2020,217088.0,203751.0,346.0,300.0
6/16/2020,174037.0,175281.0,292.0,276.0
6/17/2020,161585.0,176792.0,260.0,277.0
6/18/2020,162791.0,183645.0,286.0,285.0
6/19/2020,159598.0,159632.0,259.0,255.0
6/20/2020,,,0.0,0.0
6/21/2020,,,0.0,0.0
6/22/2020,212619.0,249801.0,321.0,363.0
6/23/2020,196473.0,231942.0,332.0,347.0
6/24/2020,161362.0,212315.0,264.0,307.0
6/25/2020,164600.0,182381.0,261.0,288.0
6/26/2020,201711.0,218489.0,305.0,330.0
6/27/2020,,,0.0,0.0
6/28/2020,,,0.0,0.0
6/29/2020,255382.0,187128.0,384.0,295.0
6/30/2020,157104.0,190481.0,248.0,292.0
7/1/2020,224758.0,156194.0,327.0,250.0
7/2/2020,216846.0,114034.0,312.0,196.0
7/3/2020,,,0.0,0.0
7/4/2020,,,0.0,0.0
7/5/2020,,,0.0,0.0
7/6/2020,296528.0,267330.0,495.0,399.0
7/7/2020,249425.0,244648.0,389.0,369.0
7/8/2020,256789.0,228001.0,403.0,344.0
7/9/2020,212476.0,215342.0,354.0,337.0
7/10/2020,253320.0,203256.0,388.0,312.0
7/11/2020,,,0.0,0.0
7/12/2020,,,0.0,0.0
7/13/2020,348766.0,321289.0,549.0,460.0
7/14/2020,281814.0,252935.0,401.0,384.0
7/15/2020,246977.0,223190.0,389.0,330.0
7/16/2020,204558.0,167022.0,290.0,260.0
7/17/2020,233701.0,163182.0,375.0,247.0
7/18/2020,,,0.0,0.0
7/19/2020,,,0.0,0.0
7/20/2020,273269.0,238581.0,433.0,356.0
7/21/2020,267514.0,188665.0,417.0,297.0
7/22/2020,226190.0,173779.0,371.0,275.0
7/23/2020,185914.0,174795.0,310.0,270.0
7/24/2020,228547.0,156647.0,325.0,251.0
7/25/2020,,,0.0,0.0
7/26/2020,,,0.0,0.0
7/27/2020,215288.0,285933.0,349.0,428.0
7/28/2020,206788.0,250107.0,334.0,382.0
7/29/2020,197332.0,227134.0,294.0,341.0
7/30/2020,197021.0,170486.0,334.0,276.0
7/31/2020,210362.0,184395.0,369.0,279.0
8/1/2020,,,0.0,0.0
8/2/2020,,,0.0,0.0
8/3/2020,307292.0,255375.0,502.0,404.0
8/4/2020,217787.0,201202.0,360.0,329.0
8/5/2020,227376.0,213278.0,381.0,335.0
8/6/2020,193852.0,172600.0,365.0,292.0
8/7/2020,223016.0,191999.0,411.0,319.0
8/8/2020,,,0.0,0.0
8/9/2020,,,0.0,0.0
8/10/2020,284845.0,262064.0,452.0,413.0
8/11/2020,248617.0,230983.0,398.0,376.0
8/12/2020,210141.0,240467.0,335.0,376.0
8/13/2020,192018.0,180904.0,347.0,302.0
8/14/2020,184268.0,208820.0,305.0,342.0
8/15/2020,,,0.0,0.0
8/16/2020,,,0.0,0.0
8/17/2020,264245.0,253920.0,410.0,405.0
8/18/2020,217285.0,214338.0,379.0,351.0
8/19/2020,218777.0,224272.0,334.0,349.0
8/20/2020,200639.0,189535.0,337.0,311.0
8/21/2020,216567.0,203689.0,333.0,329.0
8/22/2020,0.0,,0.0,0.0
8/23/2020,0.0,,0.0,0.0
8/24/2020,233444.0,242384.0,369.0,388.0
8/25/2020,211244.0,205611.0,329.0,335.0
8/26/2020,208386.0,217507.0,354.0,339.0
8/27/2020,203147.0,185501.0,347.0,306.0
8/28/2020,197932.0,199522.0,320.0,324.0
8/29/2020,0.0,,0.0,0.0
8/30/2020,,,0.0,0.0
8/31/2020,350099.0,259826.0,635.0,408.0
9/1/2020,327446.0,215385.0,591.0,343.0
9/2/2020,294803.0,226719.0,496.0,354.0
9/3/2020,271588.0,194381.0,423.0,313.0
9/4/2020,215962.0,207609.0,337.0,336.0
9/5/2020,0.0,0.0,0.0,0.0
9/6/2020,0.0,0.0,0.0,0.0
9/7/2020,0.0,0.0,0.0,0.0
9/8/2020,310360.0,349494.0,476.0,552.0
9/9/2020,244520.0,336832.0,421.0,513.0
9/10/2020,223339.0,247093.0,349.0,402.0
9/11/2020,182030.0,248472.0,319.0,395.0
9/12/2020,0.0,0.0,0.0,0.0
9/13/2020,0.0,0.0,0.0,0.0
9/14/2020,265584.0,290178.0,441.0,450.0
9/15/2020,189559.0,240746.0,321.0,386.0
9/16/2020,199556.0,236087.0,337.0,367.0
9/17/2020,188877.0,215710.0,308.0,348.0
9/18/2020,184901.0,235159.0,274.0,368.0
9/19/2020,0.0,0.0,0.0,0.0
9/20/2020,0.0,0.0,0.0,0.0
9/21/2020,177257.0,275666.0,294.0,427.0
9/22/2020,145106.0,215387.0,255.0,344.0
9/23/2020,166507.0,207841.0,263.0,324.0
9/24/2020,165975.0,189791.0,244.0,309.0
9/25/2020,151908.0,181944.0,246.0,287.0
9/26/2020,,,0.0,0.0
9/27/2020,,,0.0,0.0
9/28/2020,198313.0,268761.0,342.0,419.0
9/29/2020,151451.0,230212.0,271.0,356.0
9/30/2020,165602.0,217717.0,268.0,336.0
10/1/2020,189411.0,211403.0,304.0,316.0
10/2/2020,153397.0,199366.0,260.0,318.0
10/3/2020,,,0.0,0.0
10/4/2020,,,0.0,0.0
10/5/2020,235804.0,247170.0,370.0,383.0
10/6/2020,182122.0,194255.0,290.0,309.0
10/7/2020,173386.0,190686.0,271.0,295.0
10/8/2020,159187.0,177521.0,269.0,271.0
10/9/2020,230908.0,167222.0,373.0,263.0
10/10/2020,,,0.0,0.0
10/11/2020,,,0.0,0.0
10/12/2020,223421.0,230632.0,369.0,345.0
10/13/2020,220098.0,192052.0,344.0,303.0
10/14/2020,233575.0,184881.0,355.0,285.0
10/15/2020,166913.0,167969.0,283.0,261.0
10/16/2020,208074.0,167278.0,334.0,256.0
10/17/2020,,,0.0,0.0
10/18/2020,,,0.0,0.0
10/19/2020,279633.0,226715.0,410.0,347.0
10/20/2020,208167.0,180216.0,358.0,282.0
10/21/2020,163225.0,176863.0,256.0,276.0
10/22/2020,157931.0,165410.0,260.0,253.0
10/23/2020,147536.0,158738.0,269.0,249.0
10/24/2020,,,0.0,0.0
10/25/2020,,,0.0,0.0
10/26/2020,225777.0,208579.0,352.0,328.0
10/27/2020,173943.0,167882.0,275.0,267.0
10/28/2020,164180.0,165687.0,275.0,257.0
10/29/2020,175681.0,150455.0,297.0,231.0
10/30/2020,182380.0,151995.0,303.0,240.0
10/31/2020,,,0.0,0.0
11/1/2020,,,0.0,0.0
11/2/2020,227087.0,229955.0,307.0,355.0
11/3/2020,189443.0,205798.0,277.0,327.0
11/4/2020,157317.0,243075.0,264.0,376.0
11/5/2020,194280.0,236546.0,299.0,359.0
11/6/2020,204291.0,230465.0,313.0,362.0
11/7/2020,,,0.0,0.0
11/8/2020,,,0.0,0.0
11/9/2020,297060.0,271729.0,477.0,407.0
11/10/2020,246842.0,233575.0,404.0,369.0
11/11/2020,190786.0,188835.0,307.0,291.0
11/12/2020,203576.0,210134.0,372.0,327.0
11/13/2020,202800.0,201937.0,337.0,311.0
11/14/2020,,,0.0,0.0
11/15/2020,,,0.0,0.0
11/16/2020,291673.0,286943.0,476.0,438.0
11/17/2020,265339.0,227897.0,413.0,355.0
11/18/2020,234533.0,218277.0,356.0,342.0
11/19/2020,165945.0,212094.0,306.0,326.0
11/20/2020,186155.0,199734.0,291.0,312.0
11/21/2020,,,0.0,0.0
11/22/2020,,,0.0,0.0
11/23/2020,291023.0,243665.0,484.0,383.0
