,date,handle_time,handle_time_forecast,volume,volume_forecast
3,1/1/2016,0.0,,0.0,0.0
12,1/2/2016,0.0,,0.0,0.0
21,1/3/2016,0.0,,0.0,0.0
30,1/4/2016,693577.0,,1259.0,954.0
39,1/5/2016,425054.0,,687.0,694.0
48,1/6/2016,303202.0,,491.0,562.0
57,1/7/2016,264589.0,,412.0,486.0
66,1/8/2016,328339.0,,517.0,512.0
75,1/9/2016,0.0,,0.0,0.0
84,1/10/2016,0.0,,0.0,0.0
93,1/11/2016,552397.0,,925.0,881.0
102,1/12/2016,370936.0,,597.0,691.0
111,1/13/2016,292881.0,,472.0,549.0
120,1/14/2016,226972.0,,429.0,510.0
129,1/15/2016,278223.0,,480.0,523.0
138,1/16/2016,0.0,,0.0,0.0
147,1/17/2016,0.0,,0.0,0.0
156,1/18/2016,156420.0,,280.0,263.0
165,1/19/2016,303192.0,,486.0,659.0
174,1/20/2016,226681.0,,411.0,501.0
183,1/21/2016,167523.0,,364.0,453.0
192,1/22/2016,136908.0,,265.0,432.0
201,1/23/2016,0.0,,0.0,0.0
210,1/24/2016,0.0,,0.0,0.0
219,1/25/2016,177634.0,,310.0,539.0
228,1/26/2016,185826.0,,334.0,487.0
237,1/27/2016,191157.0,,354.0,423.0
246,1/28/2016,166440.0,,312.0,374.0
255,1/29/2016,179691.0,,339.0,371.0
264,1/30/2016,0.0,,0.0,0.0
273,1/31/2016,0.0,,0.0,0.0
282,2/1/2016,276673.0,,569.0,503.0
291,2/2/2016,178057.0,,406.0,387.0
300,2/3/2016,146572.0,,293.0,351.0
309,2/4/2016,134361.0,,266.0,303.0
318,2/5/2016,111114.0,,267.0,308.0
327,2/6/2016,0.0,,0.0,0.0
336,2/7/2016,0.0,,0.0,0.0
345,2/8/2016,179701.0,,361.0,399.0
354,2/9/2016,152092.0,,336.0,317.0
363,2/10/2016,127445.0,,283.0,280.0
372,2/11/2016,134974.0,,283.0,276.0
381,2/12/2016,110374.0,,249.0,260.0
390,2/13/2016,0.0,,0.0,0.0
399,2/14/2016,0.0,,0.0,0.0
408,2/15/2016,121986.0,,244.0,152.0
417,2/16/2016,204327.0,,436.0,350.0
426,2/17/2016,141201.0,,262.0,304.0
435,2/18/2016,128412.0,,257.0,297.0
444,2/19/2016,104096.0,,245.0,282.0
453,2/20/2016,0.0,,0.0,0.0
462,2/21/2016,0.0,,0.0,0.0
471,2/22/2016,189099.0,,403.0,402.0
480,2/23/2016,130776.0,,292.0,347.0
489,2/24/2016,101279.0,,219.0,289.0
498,2/25/2016,106319.0,,216.0,292.0
507,2/26/2016,116179.0,,251.0,273.0
516,2/27/2016,0.0,,0.0,0.0
525,2/28/2016,0.0,,0.0,0.0
534,2/29/2016,153722.0,,358.0,399.0
543,3/1/2016,129372.0,,264.0,304.0
552,3/2/2016,134933.0,,298.0,264.0
561,3/3/2016,113932.0,,233.0,253.0
570,3/4/2016,136686.0,,286.0,258.0
579,3/5/2016,0.0,,0.0,0.0
588,3/6/2016,0.0,,0.0,0.0
597,3/7/2016,180810.0,,358.0,318.0
606,3/8/2016,117891.0,,263.0,264.0
615,3/9/2016,108024.0,,221.0,237.0
624,3/10/2016,87794.0,,184.0,231.0
633,3/11/2016,121551.0,,268.0,226.0
642,3/12/2016,0.0,,0.0,0.0
651,3/13/2016,0.0,,0.0,0.0
660,3/14/2016,181882.0,,368.0,301.0
669,3/15/2016,110852.0,,234.0,248.0
678,3/16/2016,129933.0,,247.0,222.0
687,3/17/2016,101617.0,,195.0,215.0
696,3/18/2016,126191.0,,257.0,216.0
705,3/19/2016,0.0,,0.0,0.0
714,3/20/2016,0.0,,0.0,0.0
723,3/21/2016,172214.0,,383.0,310.0
732,3/22/2016,119721.0,,261.0,288.0
741,3/23/2016,123122.0,,256.0,247.0
750,3/24/2016,86711.0,,225.0,230.0
759,3/25/2016,98525.0,,209.0,168.0
768,3/26/2016,0.0,,0.0,0.0
777,3/27/2016,0.0,,0.0,0.0
786,3/28/2016,155202.0,,337.0,321.0
795,3/29/2016,117913.0,,251.0,230.0
804,3/30/2016,105305.0,,238.0,238.0
813,3/31/2016,99657.0,,232.0,241.0
822,4/1/2016,128359.0,,258.0,229.0
831,4/2/2016,0.0,,0.0,0.0
840,4/3/2016,0.0,,0.0,0.0
849,4/4/2016,168905.0,,390.0,329.0
858,4/5/2016,117332.0,,254.0,282.0
867,4/6/2016,133289.0,,267.0,265.0
876,4/7/2016,164123.0,,319.0,273.0
885,4/8/2016,176958.0,,322.0,291.0
894,4/9/2016,0.0,,0.0,0.0
903,4/10/2016,0.0,,0.0,0.0
912,4/11/2016,239139.0,,470.0,416.0
921,4/12/2016,193839.0,,350.0,359.0
930,4/13/2016,132616.0,,285.0,326.0
939,4/14/2016,145075.0,,269.0,267.0
948,4/15/2016,147347.0,,289.0,291.0
957,4/16/2016,0.0,,0.0,0.0
966,4/17/2016,0.0,,0.0,0.0
975,4/18/2016,161900.0,,344.0,348.0
984,4/19/2016,105321.0,,219.0,321.0
993,4/20/2016,97123.0,,196.0,280.0
1002,4/21/2016,92909.0,,189.0,261.0
1011,4/22/2016,99420.0,,210.0,253.0
1020,4/23/2016,0.0,,0.0,0.0
1029,4/24/2016,0.0,,0.0,0.0
1038,4/25/2016,164127.0,,299.0,312.0
1047,4/26/2016,128582.0,,221.0,254.0
1056,4/27/2016,104114.0,,216.0,231.0
1065,4/28/2016,89763.0,,186.0,229.0
1074,4/29/2016,112358.0,,202.0,205.0
1083,4/30/2016,0.0,,0.0,0.0
1092,5/1/2016,0.0,,0.0,0.0
1101,5/2/2016,164864.0,,333.0,309.0
1110,5/3/2016,116238.0,,224.0,255.0
1119,5/4/2016,95520.0,,170.0,234.0
1128,5/5/2016,97983.0,,184.0,198.0
1137,5/6/2016,101445.0,,200.0,201.0
1146,5/7/2016,0.0,,0.0,0.0
1155,5/8/2016,0.0,,0.0,0.0
1164,5/9/2016,117970.0,,248.0,270.0
1173,5/10/2016,123326.0,,260.0,260.0
1182,5/11/2016,123929.0,,224.0,233.0
1191,5/12/2016,89364.0,,173.0,226.0
1200,5/13/2016,85568.0,,182.0,205.0
1209,5/14/2016,0.0,,0.0,0.0
1218,5/15/2016,0.0,,0.0,0.0
1227,5/16/2016,160552.0,,310.0,269.0
1236,5/17/2016,129502.0,,256.0,245.0
1245,5/18/2016,119465.0,,224.0,218.0
1254,5/19/2016,85265.0,,162.0,194.0
1263,5/20/2016,101919.0,,201.0,181.0
1272,5/21/2016,0.0,,0.0,0.0
1281,5/22/2016,0.0,,0.0,0.0
1290,5/23/2016,168876.0,,314.0,285.0
1299,5/24/2016,95477.0,,204.0,249.0
1308,5/25/2016,105163.0,,205.0,232.0
1317,5/26/2016,82729.0,,163.0,211.0
1326,5/27/2016,122810.0,,206.0,182.0
1335,5/28/2016,0.0,,0.0,0.0
1344,5/29/2016,0.0,,0.0,0.0
1353,5/30/2016,0.0,,0.0,0.0
1362,5/31/2016,154870.0,,289.0,318.0
1371,6/1/2016,110685.0,,223.0,238.0
1380,6/2/2016,98444.0,,187.0,219.0
1389,6/3/2016,100787.0,,214.0,199.0
1398,6/4/2016,0.0,,0.0,0.0
1407,6/5/2016,0.0,,0.0,0.0
1416,6/6/2016,148358.0,,265.0,289.0
1425,6/7/2016,97411.0,,191.0,241.0
1434,6/8/2016,109085.0,,216.0,216.0
1443,6/9/2016,84477.0,,181.0,184.0
1452,6/10/2016,98859.0,,168.0,174.0
1461,6/11/2016,0.0,,0.0,0.0
1470,6/12/2016,0.0,,0.0,0.0
1479,6/13/2016,131861.0,,260.0,306.0
1488,6/14/2016,116790.0,,204.0,271.0
1497,6/15/2016,96912.0,,192.0,220.0
1506,6/16/2016,81190.0,,151.0,212.0
1515,6/17/2016,101178.0,,202.0,194.0
1524,6/18/2016,0.0,,0.0,0.0
1533,6/19/2016,0.0,,0.0,0.0
1542,6/20/2016,160884.0,,309.0,270.0
1551,6/21/2016,114191.0,,210.0,228.0
1560,6/22/2016,119664.0,,231.0,193.0
1569,6/23/2016,135079.0,,227.0,186.0
1578,6/24/2016,132525.0,,227.0,176.0
1587,6/25/2016,0.0,,0.0,0.0
1596,6/26/2016,0.0,,0.0,0.0
1605,6/27/2016,165526.0,,320.0,289.0
1614,6/28/2016,159597.0,,277.0,230.0
1623,6/29/2016,138476.0,,247.0,219.0
1632,6/30/2016,132364.0,,222.0,192.0
1641,7/1/2016,164151.0,,293.0,174.0
1650,7/2/2016,0.0,,0.0,0.0
1659,7/3/2016,0.0,,0.0,0.0
1668,7/4/2016,0.0,,0.0,0.0
1677,7/5/2016,268694.0,,436.0,384.0
1686,7/6/2016,178379.0,,347.0,322.0
1695,7/7/2016,217301.0,,377.0,310.0
1704,7/8/2016,292999.0,,479.0,320.0
1713,7/9/2016,0.0,,0.0,0.0
1722,7/10/2016,0.0,,0.0,0.0
1731,7/11/2016,472625.0,,779.0,626.0
1740,7/12/2016,345900.0,,595.0,607.0
1749,7/13/2016,293076.0,,495.0,527.0
1758,7/14/2016,293878.0,,480.0,435.0
1767,7/15/2016,278097.0,,498.0,446.0
1776,7/16/2016,0.0,,0.0,0.0
1785,7/17/2016,0.0,,0.0,0.0
1794,7/18/2016,450893.0,,764.0,696.0
1803,7/19/2016,330690.0,,572.0,563.0
1812,7/20/2016,277048.0,,470.0,476.0
1821,7/21/2016,268754.0,,474.0,453.0
1830,7/22/2016,300291.0,,530.0,451.0
1839,7/23/2016,0.0,,0.0,0.0
1848,7/24/2016,0.0,,0.0,0.0
1857,7/25/2016,434398.0,,799.0,766.0
1866,7/26/2016,348344.0,,585.0,597.0
1875,7/27/2016,298472.0,,522.0,572.0
1884,7/28/2016,242689.0,,422.0,460.0
1893,7/29/2016,285080.0,,531.0,458.0
1902,7/30/2016,0.0,,0.0,0.0
1911,7/31/2016,0.0,,0.0,0.0
1920,8/1/2016,555467.0,,837.0,842.0
1929,8/2/2016,373884.0,,616.0,599.0
1938,8/3/2016,343937.0,,510.0,495.0
1947,8/4/2016,299961.0,,480.0,508.0
1956,8/5/2016,284648.0,,501.0,505.0
1965,8/6/2016,0.0,,0.0,0.0
1974,8/7/2016,0.0,,0.0,0.0
1983,8/8/2016,440149.0,,703.0,760.0
1992,8/9/2016,350616.0,,502.0,620.0
2001,8/10/2016,301897.0,,479.0,516.0
2010,8/11/2016,303907.0,,473.0,468.0
2019,8/12/2016,293275.0,,480.0,467.0
2028,8/13/2016,125.0,,6.0,0.0
2037,8/14/2016,0.0,,0.0,0.0
2046,8/15/2016,435730.0,,713.0,667.0
2055,8/16/2016,295512.0,,488.0,533.0
2064,8/17/2016,257905.0,,432.0,480.0
2073,8/18/2016,227986.0,,372.0,431.0
2082,8/19/2016,281172.0,,442.0,429.0
2091,8/20/2016,0.0,,0.0,0.0
2100,8/21/2016,0.0,,0.0,0.0
2109,8/22/2016,343770.0,,601.0,678.0
2118,8/23/2016,260336.0,,434.0,507.0
2127,8/24/2016,227876.0,,364.0,466.0
2136,8/25/2016,209024.0,,323.0,422.0
2145,8/26/2016,233618.0,,381.0,429.0
2154,8/27/2016,0.0,,0.0,0.0
2163,8/28/2016,0.0,,0.0,0.0
2172,8/29/2016,301375.0,,532.0,520.0
2181,8/30/2016,239093.0,,414.0,430.0
2190,8/31/2016,185475.0,,319.0,385.0
2199,9/1/2016,161385.0,,317.0,338.0
2208,9/2/2016,209912.0,,320.0,324.0
2217,9/3/2016,0.0,,0.0,0.0
2226,9/4/2016,0.0,,0.0,0.0
2235,9/5/2016,0.0,,0.0,0.0
2244,9/6/2016,265144.0,,486.0,438.0
2253,9/7/2016,166217.0,,317.0,339.0
2262,9/8/2016,163381.0,,285.0,304.0
2271,9/9/2016,168475.0,,293.0,300.0
2280,9/10/2016,0.0,,0.0,0.0
2289,9/11/2016,0.0,,0.0,0.0
2298,9/12/2016,161014.0,,317.0,379.0
2307,9/13/2016,137443.0,,237.0,313.0
2316,9/14/2016,136603.0,,245.0,289.0
2325,9/15/2016,128090.0,,198.0,260.0
2334,9/16/2016,121227.0,,219.0,260.0
2343,9/17/2016,0.0,,0.0,0.0
2352,9/18/2016,0.0,,0.0,0.0
2361,9/19/2016,165255.0,,321.0,316.0
2370,9/20/2016,113701.0,,224.0,290.0
2379,9/21/2016,134619.0,,237.0,241.0
2388,9/22/2016,122331.0,,194.0,220.0
2397,9/23/2016,121409.0,,209.0,225.0
2406,9/24/2016,0.0,,0.0,0.0
2415,9/25/2016,0.0,,0.0,0.0
2424,9/26/2016,197157.0,,326.0,307.0
2433,9/27/2016,136451.0,,223.0,237.0
2442,9/28/2016,129390.0,,225.0,216.0
2451,9/29/2016,113593.0,,189.0,248.0
2460,9/30/2016,110397.0,,192.0,208.0
2469,10/1/2016,0.0,,0.0,0.0
2478,10/2/2016,0.0,,0.0,0.0
2487,10/3/2016,131556.0,,259.0,286.0
2496,10/4/2016,104846.0,,217.0,236.0
2505,10/5/2016,96444.0,,213.0,220.0
2514,10/6/2016,99189.0,,177.0,258.0
2523,10/7/2016,80105.0,,179.0,290.0
2532,10/8/2016,0.0,,0.0,0.0
2541,10/9/2016,0.0,,0.0,0.0
2550,10/10/2016,128860.0,,268.0,298.0
2559,10/11/2016,123370.0,,259.0,265.0
2568,10/12/2016,146450.0,,297.0,255.0
2577,10/13/2016,130707.0,,273.0,232.0
2586,10/14/2016,150557.0,,304.0,215.0
2595,10/15/2016,0.0,,0.0,0.0
2604,10/16/2016,0.0,,0.0,0.0
2613,10/17/2016,166054.0,,338.0,270.0
2622,10/18/2016,139479.0,,265.0,239.0
2631,10/19/2016,118592.0,,205.0,205.0
2640,10/20/2016,101217.0,,190.0,188.0
2649,10/21/2016,124080.0,,224.0,185.0
2658,10/22/2016,0.0,,0.0,0.0
2667,10/23/2016,0.0,,0.0,0.0
2676,10/24/2016,190720.0,,381.0,257.0
2685,10/25/2016,139694.0,,273.0,212.0
2694,10/26/2016,114982.0,,223.0,219.0
2703,10/27/2016,76802.0,,162.0,191.0
2712,10/28/2016,103902.0,,180.0,172.0
2721,10/29/2016,0.0,,0.0,0.0
2730,10/30/2016,0.0,,0.0,0.0
2739,10/31/2016,114516.0,,225.0,282.0
2748,11/1/2016,91804.0,,166.0,252.0
2757,11/2/2016,112164.0,,206.0,196.0
2766,11/3/2016,108736.0,,209.0,188.0
2775,11/4/2016,103817.0,,199.0,197.0
2784,11/5/2016,0.0,,0.0,0.0
2793,11/6/2016,0.0,,0.0,0.0
2802,11/7/2016,132908.0,,280.0,279.0
2811,11/8/2016,107360.0,,190.0,217.0
2820,11/9/2016,116125.0,,205.0,189.0
2829,11/10/2016,115880.0,,214.0,214.0
2838,11/11/2016,124925.0,,210.0,200.0
2847,11/12/2016,0.0,,0.0,0.0
2856,11/13/2016,0.0,,0.0,0.0
2865,11/14/2016,142459.0,,279.0,275.0
2874,11/15/2016,123606.0,,262.0,256.0
2883,11/16/2016,120536.0,,218.0,234.0
2892,11/17/2016,122301.0,,230.0,218.0
2901,11/18/2016,125759.0,,223.0,229.0
2910,11/19/2016,0.0,,0.0,0.0
2919,11/20/2016,0.0,,0.0,0.0
2928,11/21/2016,182966.0,,382.0,410.0
2937,11/22/2016,156512.0,,304.0,312.0
2946,11/23/2016,158333.0,,312.0,263.0
2955,11/24/2016,0.0,,0.0,0.0
2964,11/25/2016,106900.0,,229.0,148.0
2973,11/26/2016,0.0,,0.0,0.0
2982,11/27/2016,0.0,,0.0,0.0
2991,11/28/2016,312673.0,,574.0,514.0
3000,11/29/2016,244594.0,,418.0,459.0
3009,11/30/2016,187405.0,,368.0,425.0
3018,12/1/2016,195327.0,,351.0,374.0
3027,12/2/2016,238213.0,,417.0,378.0
3036,12/3/2016,0.0,,0.0,0.0
3045,12/4/2016,0.0,,0.0,0.0
3054,12/5/2016,319262.0,,589.0,556.0
3063,12/6/2016,236933.0,,464.0,465.0
3072,12/7/2016,217399.0,,395.0,416.0
3081,12/8/2016,217116.0,,402.0,410.0
3090,12/9/2016,260674.0,,498.0,399.0
3099,12/10/2016,0.0,,0.0,0.0
3108,12/11/2016,0.0,,0.0,0.0
3117,12/12/2016,404445.0,,740.0,567.0
3126,12/13/2016,292472.0,,550.0,483.0
3135,12/14/2016,339209.0,,470.0,432.0
3144,12/15/2016,289335.0,,462.0,429.0
3153,12/16/2016,322406.0,,589.0,419.0
3162,12/17/2016,0.0,,0.0,0.0
3171,12/18/2016,0.0,,0.0,0.0
3180,12/19/2016,464843.0,,802.0,663.0
3189,12/20/2016,375477.0,,610.0,541.0
3198,12/21/2016,339402.0,,540.0,519.0
3207,12/22/2016,347641.0,,598.0,488.0
3216,12/23/2016,324844.0,,609.0,392.0
3225,12/24/2016,0.0,,0.0,0.0
3234,12/25/2016,0.0,,0.0,0.0
3243,12/26/2016,0.0,,0.0,0.0
3252,12/27/2016,615463.0,,1041.0,957.0
3261,12/28/2016,486968.0,,881.0,856.0
3270,12/29/2016,455394.0,,845.0,784.0
3279,12/30/2016,570245.0,,1062.0,666.0
3288,12/31/2016,0.0,,0.0,0.0
3297,1/1/2017,,,,0.0
3306,1/2/2017,163881.0,,336.0,289.0
3315,1/3/2017,587865.0,,1006.0,1175.0
3324,1/4/2017,480380.0,,743.0,797.0
3333,1/5/2017,303887.0,,551.0,597.0
3342,1/6/2017,318127.0,,547.0,540.0
3351,1/7/2017,0.0,,0.0,0.0
3360,1/8/2017,0.0,,0.0,0.0
3369,1/9/2017,532569.0,,926.0,844.0
3378,1/10/2017,441977.0,,759.0,619.0
3387,1/11/2017,329375.0,,557.0,491.0
3396,1/12/2017,258431.0,,465.0,492.0
3405,1/13/2017,294471.0,,519.0,467.0
3414,1/14/2017,0.0,,0.0,0.0
3423,1/15/2017,0.0,,0.0,0.0
3432,1/16/2017,140500.0,,309.0,279.0
3441,1/17/2017,337249.0,,603.0,693.0
3450,1/18/2017,277671.0,,484.0,568.0
3459,1/19/2017,193134.0,,375.0,530.0
3468,1/20/2017,205375.0,,389.0,415.0
3477,1/21/2017,0.0,,0.0,0.0
3486,1/22/2017,0.0,,0.0,0.0
3495,1/23/2017,269658.0,,551.0,569.0
3504,1/24/2017,180120.0,,398.0,519.0
3513,1/25/2017,160378.0,,330.0,448.0
3522,1/26/2017,143906.0,,290.0,399.0
3531,1/27/2017,167764.0,,343.0,401.0
3540,1/28/2017,0.0,,0.0,0.0
3549,1/29/2017,0.0,,0.0,0.0
3558,1/30/2017,238475.0,,487.0,545.0
3567,1/31/2017,167617.0,,347.0,465.0
3576,2/1/2017,146176.0,,342.0,398.0
3585,2/2/2017,142023.0,,268.0,369.0
3594,2/3/2017,131012.0,,294.0,376.0
3603,2/4/2017,0.0,,0.0,0.0
3612,2/5/2017,0.0,,0.0,0.0
3621,2/6/2017,176925.0,,391.0,392.0
3630,2/7/2017,120622.0,,290.0,343.0
3639,2/8/2017,110732.0,,230.0,317.0
3648,2/9/2017,110963.0,,259.0,315.0
3657,2/10/2017,137992.0,,297.0,273.0
3666,2/11/2017,0.0,,0.0,0.0
3675,2/12/2017,0.0,,0.0,0.0
3684,2/13/2017,176041.0,,409.0,390.0
3693,2/14/2017,112523.0,,218.0,327.0
3702,2/15/2017,115825.0,,237.0,315.0
3711,2/16/2017,146298.0,,239.0,305.0
3720,2/17/2017,107460.0,,221.0,279.0
3729,2/18/2017,0.0,,0.0,0.0
3738,2/19/2017,0.0,,0.0,0.0
3747,2/20/2017,70281.0,,167.0,184.0
3756,2/21/2017,160403.0,,372.0,404.0
3765,2/22/2017,128706.0,,295.0,300.0
3774,2/23/2017,112867.0,,279.0,297.0
3783,2/24/2017,108449.0,,267.0,286.0
3792,2/25/2017,0.0,,0.0,0.0
3801,2/26/2017,0.0,,0.0,0.0
3810,2/27/2017,164398.0,,429.0,380.0
3819,2/28/2017,120448.0,,307.0,306.0
3828,3/1/2017,113827.0,,258.0,315.0
3837,3/2/2017,109853.0,,250.0,262.0
3846,3/3/2017,103778.0,,229.0,272.0
3855,3/4/2017,0.0,,0.0,0.0
3864,3/5/2017,0.0,,0.0,0.0
3873,3/6/2017,168634.0,,384.0,371.0
3882,3/7/2017,110060.0,,251.0,316.0
3891,3/8/2017,114530.0,,246.0,281.0
3900,3/9/2017,101338.0,,225.0,248.0
3909,3/10/2017,123633.0,,261.0,269.0
3918,3/11/2017,0.0,,0.0,0.0
3927,3/12/2017,0.0,,0.0,0.0
3936,3/13/2017,128586.0,,317.0,389.0
3945,3/14/2017,144403.0,,296.0,298.0
3954,3/15/2017,121404.0,,285.0,287.0
3963,3/16/2017,98578.0,,221.0,278.0
3972,3/17/2017,107145.0,,226.0,274.0
3981,3/18/2017,0.0,,0.0,0.0
3990,3/19/2017,,,,
3999,3/20/2017,162551.0,,397.0,378.0
4008,3/21/2017,100508.0,,237.0,311.0
4017,3/22/2017,93329.0,,225.0,312.0
4026,3/23/2017,94990.0,,231.0,272.0
4035,3/24/2017,108885.0,,222.0,274.0
4044,3/25/2017,0.0,,0.0,0.0
4053,3/26/2017,0.0,,0.0,0.0
4062,3/27/2017,166629.0,,377.0,393.0
4071,3/28/2017,98753.0,,249.0,299.0
4080,3/29/2017,94161.0,,229.0,304.0
4089,3/30/2017,92160.0,,215.0,265.0
4098,3/31/2017,117882.0,,260.0,276.0
4107,4/1/2017,0.0,,0.0,0.0
4116,4/2/2017,0.0,,0.0,0.0
4125,4/3/2017,156376.0,,379.0,384.0
4134,4/4/2017,139756.0,,312.0,327.0
4143,4/5/2017,113238.0,,241.0,301.0
4152,4/6/2017,93858.0,,227.0,333.0
4161,4/7/2017,117958.0,,261.0,320.0
4170,4/8/2017,0.0,,0.0,0.0
4179,4/9/2017,0.0,,0.0,0.0
4188,4/10/2017,193568.0,,412.0,460.0
4197,4/11/2017,172936.0,,365.0,430.0
4206,4/12/2017,142925.0,,298.0,377.0
4215,4/13/2017,139041.0,,298.0,327.0
4224,4/14/2017,136579.0,,255.0,285.0
4233,4/15/2017,0.0,,0.0,0.0
4242,4/16/2017,0.0,,0.0,0.0
4251,4/17/2017,240630.0,,434.0,403.0
4260,4/18/2017,142306.0,,311.0,323.0
4269,4/19/2017,118427.0,,246.0,278.0
4278,4/20/2017,97564.0,,204.0,253.0
4287,4/21/2017,103258.0,,214.0,270.0
4296,4/22/2017,0.0,,0.0,0.0
4305,4/23/2017,0.0,,0.0,0.0
4314,4/24/2017,164601.0,,342.0,359.0
4323,4/25/2017,115685.0,,258.0,299.0
4332,4/26/2017,105152.0,,233.0,233.0
4341,4/27/2017,92150.0,,192.0,207.0
4350,4/28/2017,114784.0,,211.0,217.0
4359,4/29/2017,0.0,,0.0,0.0
4368,4/30/2017,,,,0.0
4377,5/1/2017,145848.0,,313.0,338.0
4386,5/2/2017,119301.0,,260.0,263.0
4395,5/3/2017,103058.0,,234.0,204.0
4404,5/4/2017,108855.0,,206.0,206.0
4413,5/5/2017,109837.0,,222.0,216.0
4422,5/6/2017,0.0,,0.0,0.0
4431,5/7/2017,,,,
4440,5/8/2017,156327.0,,322.0,318.0
4449,5/9/2017,113678.0,,232.0,272.0
4458,5/10/2017,124476.0,,261.0,232.0
4467,5/11/2017,94245.0,,190.0,185.0
4476,5/12/2017,112435.0,,201.0,197.0
4485,5/13/2017,0.0,,0.0,0.0
4494,5/14/2017,0.0,,0.0,0.0
4503,5/15/2017,152776.0,,347.0,330.0
4512,5/16/2017,78492.0,,186.0,263.0
4521,5/17/2017,124460.0,,246.0,230.0
4530,5/18/2017,107415.0,,224.0,176.0
4539,5/19/2017,107856.0,,220.0,206.0
4548,5/20/2017,,,0.0,0.0
4557,5/21/2017,,,0.0,0.0
4566,5/22/2017,140128.0,,303.0,345.0
4575,5/23/2017,126240.0,,245.0,244.0
4584,5/24/2017,107184.0,,223.0,225.0
4593,5/25/2017,104413.0,,196.0,189.0
4602,5/26/2017,102295.0,,205.0,213.0
4611,5/27/2017,,,0.0,0.0
4620,5/28/2017,,,0.0,0.0
4629,5/29/2017,,,0.0,0.0
4638,5/30/2017,162869.0,,374.0,318.0
4647,5/31/2017,183498.0,,358.0,235.0
4656,6/1/2017,123475.0,,277.0,191.0
4665,6/2/2017,146490.0,,290.0,215.0
4674,6/3/2017,,,0.0,0.0
4683,6/4/2017,,,0.0,0.0
4692,6/5/2017,199554.0,,482.0,287.0
4701,6/6/2017,172088.0,,402.0,194.0
4710,6/7/2017,141427.0,,301.0,210.0
4719,6/8/2017,120285.0,,243.0,183.0
4728,6/9/2017,99456.0,,225.0,182.0
4737,6/10/2017,,,0.0,0.0
4746,6/11/2017,,,0.0,0.0
4755,6/12/2017,581746.0,,944.0,450.0
4764,6/13/2017,470033.0,,758.0,401.0
4773,6/14/2017,476790.0,,699.0,371.0
4782,6/15/2017,428449.0,,635.0,353.0
4791,6/16/2017,426888.0,,616.0,330.0
4800,6/17/2017,,,0.0,0.0
4809,6/18/2017,,,0.0,0.0
4818,6/19/2017,632574.0,,981.0,754.0
4827,6/20/2017,506184.0,,804.0,684.0
4836,6/21/2017,288480.0,,485.0,676.0
4845,6/22/2017,245840.0,,440.0,652.0
4854,6/23/2017,289408.0,,479.0,607.0
4863,6/24/2017,,,0.0,0.0
4872,6/25/2017,,,0.0,0.0
4881,6/26/2017,366947.0,,646.0,880.0
4890,6/27/2017,307836.0,,508.0,721.0
4899,6/28/2017,258112.0,,455.0,699.0
4908,6/29/2017,272670.0,,459.0,646.0
4917,6/30/2017,305117.0,,472.0,657.0
4926,7/1/2017,,,0.0,0.0
4935,7/2/2017,,,0.0,0.0
4944,7/3/2017,483360.0,,834.0,422.0
4953,7/5/2017,419823.0,,644.0,629.0
4962,7/6/2017,378378.0,,595.0,608.0
4971,7/7/2017,423785.0,,661.0,605.0
4980,7/8/2017,,,0.0,0.0
4989,7/9/2017,,,0.0,0.0
4998,7/10/2017,642060.0,,1054.0,904.0
5007,7/11/2017,467415.0,,765.0,690.0
5016,7/12/2017,385104.0,,682.0,574.0
5025,7/13/2017,376326.0,,636.0,557.0
5034,7/14/2017,393536.0,,689.0,578.0
5043,7/15/2017,,,0.0,0.0
5052,7/16/2017,,,0.0,0.0
5061,7/17/2017,602550.0,,1014.0,920.0
5070,7/18/2017,407976.0,,717.0,751.0
5079,7/19/2017,364581.0,,646.0,672.0
5088,7/20/2017,315700.0,,577.0,628.0
5097,7/21/2017,331775.0,,581.0,649.0
5106,7/22/2017,,,0.0,0.0
5115,7/23/2017,,,0.0,0.0
5124,7/24/2017,488676.0,,855.0,967.0
5133,7/25/2017,382937.0,,674.0,806.0
5142,7/26/2017,337722.0,,564.0,682.0
5151,7/27/2017,315240.0,,573.0,592.0
5160,7/28/2017,383400.0,,681.0,615.0
5169,7/29/2017,,,0.0,0.0
5178,7/30/2017,,,0.0,0.0
5187,7/31/2017,547616.0,,874.0,952.0
5196,8/1/2017,427800.0,,691.0,766.0
5205,8/2/2017,346176.0,,604.0,660.0
5214,8/3/2017,311640.0,,531.0,613.0
5223,8/4/2017,306187.0,,581.0,595.0
5232,8/5/2017,,,0.0,0.0
5241,8/6/2017,,,0.0,0.0
5250,8/7/2017,471237.0,,851.0,816.0
5259,8/8/2017,344946.0,,576.0,620.0
5268,8/9/2017,296856.0,,505.0,565.0
5277,8/10/2017,271350.0,,451.0,538.0
5286,8/11/2017,301860.0,,541.0,527.0
5295,8/12/2017,,,0.0,0.0
5304,8/13/2017,,,0.0,0.0
5313,8/14/2017,476630.0,,778.0,793.0
5322,8/15/2017,376680.0,,647.0,607.0
5331,8/16/2017,281826.0,,466.0,536.0
5340,8/17/2017,241604.0,,419.0,505.0
5349,8/18/2017,257922.0,,416.0,484.0
5358,8/19/2017,,,0.0,0.0
5367,8/20/2017,,,0.0,0.0
5376,8/21/2017,327488.0,,553.0,719.0
5385,8/22/2017,309603.0,,485.0,567.0
5394,8/23/2017,230350.0,,428.0,505.0
5403,8/24/2017,208506.0,,356.0,468.0
5412,8/25/2017,227562.0,,391.0,455.0
5421,8/26/2017,,,0.0,0.0
5430,8/27/2017,,,0.0,0.0
5439,8/28/2017,369402.0,,644.0,575.0
5448,8/29/2017,276458.0,,434.0,460.0
5457,8/30/2017,227012.0,,415.0,407.0
5466,8/31/2017,166662.0,,284.0,387.0
5475,9/1/2017,196630.0,,373.0,357.0
5484,9/2/2017,,,0.0,0.0
5493,9/3/2017,,,0.0,0.0
5502,9/4/2017,,,0.0,0.0
5511,9/5/2017,312304.0,,539.0,527.0
5520,9/6/2017,226032.0,,410.0,439.0
5529,9/7/2017,166896.0,,306.0,383.0
5538,9/8/2017,169647.0,,293.0,357.0
5547,9/9/2017,,,0.0,0.0
5556,9/10/2017,,,0.0,0.0
5565,9/11/2017,216489.0,,439.0,433.0
5574,9/12/2017,175218.0,,325.0,338.0
5583,9/13/2017,161637.0,,307.0,316.0
5592,9/14/2017,164331.0,,279.0,290.0
5601,9/15/2017,154200.0,,264.0,291.0
5610,9/16/2017,,,0.0,0.0
5619,9/17/2017,,,0.0,0.0
5628,9/18/2017,217800.0,,396.0,374.0
5637,9/19/2017,150600.0,,308.0,304.0
5646,9/20/2017,115676.0,,242.0,253.0
5655,9/21/2017,114176.0,,226.0,264.0
5664,9/22/2017,131936.0,,267.0,242.0
5673,9/23/2017,,,0.0,0.0
5682,9/24/2017,,,0.0,0.0
5691,9/25/2017,173826.0,,335.0,334.0
5700,9/26/2017,132444.0,,283.0,302.0
5709,9/27/2017,115816.0,,250.0,276.0
5718,9/28/2017,121981.0,,223.0,257.0
5727,9/29/2017,171050.0,,319.0,222.0
5736,9/30/2017,,,0.0,0.0
5745,10/1/2017,,,0.0,0.0
5754,10/2/2017,193224.0,,391.0,334.0
5763,10/3/2017,148106.0,,298.0,276.0
5772,10/4/2017,145260.0,,271.0,255.0
5781,10/5/2017,147518.0,,259.0,248.0
5790,10/6/2017,191464.0,,390.0,235.0
5799,10/7/2017,,,0.0,0.0
5808,10/8/2017,,,0.0,0.0
5817,10/9/2017,274455.0,,534.0,265.0
5826,10/10/2017,186180.0,,323.0,277.0
5835,10/11/2017,141432.0,,290.0,290.0
5844,10/12/2017,136383.0,,270.0,283.0
5853,10/13/2017,121512.0,,257.0,264.0
5862,10/14/2017,,,0.0,0.0
5871,10/15/2017,,,0.0,0.0
5880,10/16/2017,211860.0,,430.0,355.0
5889,10/17/2017,156624.0,,326.0,300.0
5898,10/18/2017,147925.0,,307.0,248.0
5907,10/19/2017,135828.0,,262.0,223.0
5916,10/20/2017,135424.0,,264.0,207.0
5925,10/21/2017,,,0.0,0.0
5934,10/22/2017,,,0.0,0.0
5943,10/23/2017,180774.0,,365.0,430.0
5952,10/24/2017,159943.0,,328.0,344.0
5961,10/25/2017,139308.0,,282.0,307.0
5970,10/26/2017,114014.0,,234.0,262.0
5979,10/27/2017,164864.0,,326.0,240.0
5988,10/28/2017,,,0.0,0.0
5997,10/29/2017,,,0.0,0.0
6006,10/30/2017,187720.0,,361.0,341.0
6015,10/31/2017,146601.0,,291.0,312.0
6024,11/1/2017,162165.0,,286.0,308.0
6033,11/2/2017,124080.0,,239.0,272.0
6042,11/3/2017,134848.0,,245.0,282.0
6051,11/4/2017,,,0.0,0.0
6060,11/5/2017,,,0.0,0.0
6069,11/6/2017,173113.0,,333.0,341.0
6078,11/7/2017,154365.0,,293.0,270.0
6087,11/8/2017,107709.0,,225.0,251.0
6096,11/9/2017,99072.0,,204.0,264.0
6105,11/10/2017,131631.0,,271.0,249.0
6114,11/11/2017,,,0.0,0.0
6123,11/12/2017,,,0.0,0.0
6132,11/13/2017,144045.0,,291.0,353.0
6141,11/14/2017,139802.0,,277.0,312.0
6150,11/15/2017,145684.0,,249.0,255.0
6159,11/16/2017,110696.0,,235.0,283.0
6168,11/17/2017,148960.0,,293.0,278.0
6177,11/18/2017,,,0.0,0.0
6186,11/19/2017,,,0.0,0.0
6195,11/20/2017,215518.0,,407.0,397.0
6204,11/21/2017,150282.0,,322.0,325.0
6213,11/22/2017,130296.0,,245.0,282.0
6222,11/23/2017,,,0.0,0.0
6231,11/24/2017,98644.0,,199.0,169.0
6240,11/25/2017,,,0.0,0.0
6249,11/26/2017,,,0.0,0.0
6258,11/27/2017,231238.0,,527.0,534.0
6267,11/28/2017,143352.0,,324.0,435.0
6276,11/29/2017,149646.0,,339.0,388.0
6285,11/30/2017,190500.0,,390.0,368.0
6294,12/1/2017,235450.0,,494.0,389.0
6303,12/2/2017,,,0.0,0.0
6312,12/3/2017,,,0.0,0.0
6321,12/4/2017,348684.0,,752.0,588.0
6330,12/5/2017,245056.0,,534.0,510.0
6339,12/6/2017,240285.0,,468.0,459.0
6348,12/7/2017,261792.0,,467.0,470.0
6357,12/8/2017,315600.0,,596.0,487.0
6366,12/9/2017,,,0.0,0.0
6375,12/10/2017,,,0.0,0.0
6384,12/11/2017,425802.0,,813.0,716.0
6393,12/12/2017,364140.0,,670.0,486.0
6402,12/13/2017,357822.0,,642.0,443.0
6411,12/14/2017,364416.0,,658.0,427.0
6420,12/15/2017,342176.0,,629.0,456.0
6429,12/16/2017,,,0.0,0.0
6438,12/17/2017,,,0.0,0.0
6447,12/18/2017,520672.0,,970.0,681.0
6456,12/19/2017,436296.0,,811.0,657.0
6465,12/20/2017,357930.0,,639.0,599.0
6474,12/21/2017,390780.0,,715.0,584.0
6483,12/22/2017,498162.0,,881.0,625.0
6492,12/23/2017,,,0.0,0.0
6501,12/24/2017,,,0.0,0.0
6510,12/25/2017,,,0.0,0.0
6519,12/26/2017,650625.0,,1253.0,998.0
6528,12/27/2017,647400.0,,1199.0,856.0
6537,12/28/2017,790353.0,,1351.0,820.0
6546,12/29/2017,815808.0,,1355.0,891.0
6555,12/30/2017,,,0.0,0.0
6564,12/31/2017,,,0.0,0.0
6573,1/1/2018,31248.0,,48.0,369.0
6582,1/2/2018,595188.0,,1171.0,1081.0
6591,1/3/2018,415548.0,,783.0,831.0
6600,1/4/2018,351024.0,,665.0,622.0
6609,1/5/2018,321368.0,,600.0,765.0
6618,1/6/2018,,,0.0,0.0
6627,1/7/2018,,,0.0,0.0
6636,1/8/2018,417708.0,,906.0,1063.0
6645,1/9/2018,252092.0,,553.0,859.0
6654,1/10/2018,249559.0,,526.0,760.0
6663,1/11/2018,309582.0,,639.0,779.0
6672,1/12/2018,341325.0,,671.0,831.0
6681,1/13/2018,,,0.0,0.0
6690,1/14/2018,,,0.0,0.0
6699,1/15/2018,157491.0,,332.0,348.0
6708,1/16/2018,355816.0,,694.0,635.0
6717,1/17/2018,297540.0,,601.0,558.0
6726,1/18/2018,240285.0,,439.0,553.0
6735,1/19/2018,206276.0,,404.0,573.0
6744,1/20/2018,,,0.0,0.0
6753,1/21/2018,,,0.0,0.0
6762,1/22/2018,279805.0,,645.0,823.0
6771,1/23/2018,203112.0,,435.0,634.0
6780,1/24/2018,177683.0,,357.0,526.0
6789,1/25/2018,189036.0,,406.0,514.0
6798,1/26/2018,181632.0,,398.0,529.0
6807,1/27/2018,,,0.0,0.0
6816,1/28/2018,,,0.0,0.0
6825,1/29/2018,248496.0,,584.0,604.0
6834,1/30/2018,165376.0,,372.0,555.0
6843,1/31/2018,188046.0,,369.0,489.0
6852,2/1/2018,144921.0,,325.0,471.0
6861,2/2/2018,170050.0,,377.0,488.0
6870,2/3/2018,,,0.0,0.0
6879,2/4/2018,,,0.0,0.0
6888,2/5/2018,231840.0,,503.0,581.0
6897,2/6/2018,149464.0,,315.0,486.0
6906,2/7/2018,163699.0,,333.0,374.0
6915,2/8/2018,138020.0,,293.0,373.0
6924,2/9/2018,155330.0,,350.0,358.0
6933,2/10/2018,,,0.0,0.0
6942,2/11/2018,,,0.0,0.0
6951,2/12/2018,202608.0,,424.0,535.0
6960,2/13/2018,137170.0,,295.0,347.0
6969,2/14/2018,129780.0,,255.0,298.0
6978,2/15/2018,120295.0,,246.0,304.0
6987,2/16/2018,119782.0,,286.0,319.0
6996,2/17/2018,,,0.0,0.0
7005,2/18/2018,,,0.0,0.0
7014,2/19/2018,115668.0,,239.0,154.0
7023,2/20/2018,178126.0,,338.0,384.0
7032,2/21/2018,122032.0,,263.0,352.0
7041,2/22/2018,157824.0,,289.0,316.0
7050,2/23/2018,163308.0,,378.0,325.0
7059,2/24/2018,,,0.0,0.0
7068,2/25/2018,,,0.0,0.0
7077,2/26/2018,270957.0,,553.0,541.0
7086,2/27/2018,175099.0,,347.0,327.0
7095,2/28/2018,138992.0,,273.0,259.0
7104,3/1/2018,138240.0,,256.0,289.0
7113,3/2/2018,164934.0,,313.0,307.0
7122,3/3/2018,,,0.0,0.0
7131,3/4/2018,,,0.0,0.0
7140,3/5/2018,195608.0,,393.0,401.0
7149,3/6/2018,147795.0,,296.0,298.0
7158,3/7/2018,149094.0,,298.0,256.0
7167,3/8/2018,129115.0,,252.0,250.0
7176,3/9/2018,126910.0,,429.0,252.0
7185,3/10/2018,,,0.0,0.0
7194,3/11/2018,,,0.0,0.0
7203,3/12/2018,195774.0,,405.0,430.0
7212,3/13/2018,129472.0,,273.0,321.0
7221,3/14/2018,115150.0,,245.0,244.0
7230,3/15/2018,126753.0,,256.0,254.0
7239,3/16/2018,127237.0,,269.0,276.0
7248,3/17/2018,,,0.0,0.0
7257,3/18/2018,,,0.0,0.0
7266,3/19/2018,199200.0,,401.0,393.0
7275,3/20/2018,135453.0,,277.0,315.0
7284,3/21/2018,158688.0,,350.0,291.0
7293,3/22/2018,105840.0,,212.0,253.0
7302,3/23/2018,145408.0,,286.0,374.0
7311,3/24/2018,,,0.0,0.0
7320,3/25/2018,,,0.0,0.0
7329,3/26/2018,175392.0,,349.0,397.0
7338,3/27/2018,144152.0,,297.0,334.0
7347,3/28/2018,100510.0,,232.0,302.0
7356,3/29/2018,122012.0,,237.0,286.0
7365,3/30/2018,91945.0,,186.0,137.0
7374,3/31/2018,,,0.0,0.0
7383,4/1/2018,,,0.0,0.0
7392,4/2/2018,233766.0,,488.0,398.0
7401,4/3/2018,152320.0,,322.0,300.0
7410,4/4/2018,142008.0,,294.0,312.0
7419,4/5/2018,113030.0,,255.0,246.0
7428,4/6/2018,184140.0,,375.0,260.0
7437,4/7/2018,,,0.0,0.0
7446,4/8/2018,,,,
7455,4/9/2018,238500.0,,517.0,442.0
7464,4/10/2018,196893.0,,397.0,352.0
7473,4/11/2018,154560.0,,325.0,295.0
7482,4/12/2018,144744.0,,326.0,282.0
7491,4/13/2018,120258.0,,263.0,405.0
7500,4/14/2018,,,0.0,0.0
7509,4/15/2018,,,0.0,0.0
7518,4/16/2018,188235.0,,447.0,413.0
7527,4/17/2018,142524.0,,322.0,320.0
7536,4/18/2018,109710.0,,230.0,297.0
7545,4/19/2018,100962.0,,213.0,253.0
7554,4/20/2018,117126.0,,245.0,319.0
7563,4/21/2018,,,0.0,0.0
7572,4/22/2018,,,0.0,0.0
7581,4/23/2018,124392.0,,292.0,412.0
7590,4/24/2018,123192.0,,262.0,301.0
7599,4/25/2018,108160.0,,209.0,271.0
7608,4/26/2018,90741.0,,203.0,268.0
7617,4/27/2018,96078.0,,201.0,260.0
7626,4/28/2018,,,0.0,0.0
7635,4/29/2018,,,0.0,0.0
7644,4/30/2018,148654.0,,321.0,397.0
7653,5/1/2018,129980.0,,268.0,305.0
7662,5/2/2018,92016.0,,213.0,245.0
7671,5/3/2018,121380.0,,238.0,223.0
7680,5/4/2018,109174.0,,226.0,214.0
7689,5/5/2018,,,0.0,0.0
7698,5/6/2018,,,0.0,0.0
7707,5/7/2018,161721.0,,366.0,297.0
7716,5/8/2018,107910.0,,219.0,257.0
7725,5/9/2018,107395.0,,236.0,218.0
7734,5/10/2018,100254.0,,218.0,200.0
7743,5/11/2018,95914.0,,242.0,203.0
7752,5/12/2018,,,0.0,0.0
7761,5/13/2018,,,0.0,0.0
7770,5/14/2018,155952.0,,371.0,323.0
7779,5/15/2018,216987.0,,491.0,255.0
7788,5/16/2018,171185.0,,374.0,214.0
7797,5/17/2018,122109.0,,318.0,229.0
7806,5/18/2018,132457.0,,309.0,212.0
7815,5/19/2018,,,0.0,0.0
7824,5/20/2018,,,0.0,0.0
7833,5/21/2018,168238.0,,395.0,313.0
7842,5/22/2018,165200.0,,353.0,256.0
7851,5/23/2018,135051.0,,330.0,204.0
7860,5/24/2018,155449.0,,376.0,216.0
7869,5/25/2018,205320.0,,464.0,213.0
7878,5/26/2018,,,0.0,0.0
7887,5/27/2018,,,0.0,0.0
7896,5/28/2018,,,0.0,0.0
7905,5/29/2018,374500.0,,774.0,527.0
7914,5/30/2018,301185.0,,648.0,358.0
7923,5/31/2018,339281.0,,708.0,320.0
7932,6/1/2018,225132.0,,521.0,310.0
7941,6/2/2018,,,0.0,0.0
7950,6/3/2018,,,0.0,0.0
7959,6/4/2018,145692.0,,343.0,449.0
7968,6/5/2018,135534.0,,295.0,398.0
7977,6/6/2018,118080.0,,248.0,332.0
7986,6/7/2018,100980.0,,204.0,321.0
7995,6/8/2018,121950.0,,225.0,348.0
8004,6/9/2018,,,0.0,0.0
8013,6/10/2018,,,0.0,0.0
8022,6/11/2018,186992.0,,390.0,326.0
8031,6/12/2018,128758.0,,249.0,239.0
8040,6/13/2018,139565.0,,283.0,245.0
8049,6/14/2018,115758.0,,219.0,230.0
8058,6/15/2018,114362.0,,211.0,241.0
8067,6/16/2018,,,0.0,0.0
8076,6/17/2018,,,0.0,0.0
8085,6/18/2018,211754.0,,446.0,331.0
8094,6/19/2018,235404.0,,503.0,247.0
8103,6/20/2018,185968.0,,395.0,252.0
8112,6/21/2018,181040.0,,366.0,235.0
8121,6/22/2018,182666.0,,363.0,233.0
8130,6/23/2018,,,0.0,0.0
8139,6/24/2018,,,0.0,0.0
8148,6/25/2018,197784.0,,403.0,360.0
8157,6/26/2018,143080.0,,294.0,263.0
8166,6/27/2018,131763.0,,264.0,272.0
8175,6/28/2018,152653.0,,294.0,253.0
8184,6/29/2018,144896.0,,296.0,255.0
8193,6/30/2018,,,0.0,0.0
8202,7/1/2018,,,0.0,0.0
8211,7/2/2018,221229.0,,437.0,653.0
8220,7/3/2018,157896.0,,319.0,498.0
8229,7/4/2018,,,0.0,0.0
8238,7/5/2018,199644.0,,406.0,645.0
8247,7/6/2018,207336.0,,433.0,611.0
8256,7/7/2018,,,0.0,0.0
8265,7/8/2018,,,0.0,0.0
8274,7/9/2018,290580.0,,601.0,699.0
8283,7/10/2018,223368.0,,458.0,547.0
8292,7/11/2018,192841.0,,373.0,432.0
8301,7/12/2018,210926.0,,402.0,447.0
8310,7/13/2018,271392.0,,531.0,389.0
8319,7/14/2018,,,0.0,0.0
8328,7/15/2018,,,0.0,0.0
8337,7/16/2018,420529.0,,927.0,741.0
8346,7/17/2018,289060.0,,609.0,619.0
8355,7/18/2018,263872.0,,513.0,514.0
8364,7/19/2018,243867.0,,493.0,508.0
8373,7/20/2018,226044.0,,510.0,513.0
8382,7/21/2018,,,0.0,0.0
8391,7/22/2018,,,0.0,0.0
8400,7/23/2018,388341.0,,780.0,864.0
8409,7/24/2018,302103.0,,617.0,640.0
8418,7/25/2018,262650.0,,515.0,516.0
8427,7/26/2018,237919.0,,504.0,510.0
8436,7/27/2018,271765.0,,565.0,540.0
8445,7/28/2018,,,0.0,0.0
8454,7/29/2018,,,0.0,0.0
8463,7/30/2018,373842.0,,782.0,952.0
8472,7/31/2018,300384.0,,599.0,624.0
8481,8/1/2018,278970.0,,548.0,529.0
8490,8/2/2018,271416.0,,535.0,497.0
8499,8/3/2018,250745.0,,518.0,541.0
8508,8/4/2018,,,0.0,0.0
8517,8/5/2018,,,0.0,0.0
8526,8/6/2018,355572.0,,723.0,846.0
8535,8/7/2018,276860.0,,547.0,573.0
8544,8/8/2018,236052.0,,498.0,503.0
8553,8/9/2018,196588.0,,413.0,450.0
8562,8/10/2018,236670.0,,494.0,539.0
8571,8/11/2018,,,0.0,0.0
8580,8/12/2018,,,0.0,0.0
8589,8/13/2018,347803.0,,702.0,742.0
8598,8/14/2018,226524.0,,518.0,608.0
8607,8/15/2018,182512.0,,386.0,470.0
8616,8/16/2018,205318.0,,410.0,434.0
8625,8/17/2018,196650.0,,415.0,427.0
8634,8/18/2018,,,0.0,0.0
8643,8/19/2018,,,0.0,0.0
8652,8/20/2018,301392.0,,658.0,557.0
8661,8/21/2018,253492.0,,521.0,453.0
8670,8/22/2018,163300.0,,377.0,402.0
8679,8/23/2018,159600.0,,364.0,340.0
8688,8/24/2018,162624.0,,351.0,389.0
8697,8/25/2018,,,0.0,0.0
8706,8/26/2018,,,0.0,0.0
8715,8/27/2018,254515.0,,575.0,604.0
8724,8/28/2018,174174.0,,379.0,427.0
8733,8/29/2018,114954.0,,295.0,359.0
8742,8/30/2018,122558.0,,263.0,313.0
8751,8/31/2018,126293.0,,292.0,355.0
8760,9/1/2018,,,0.0,0.0
8769,9/2/2018,,,0.0,0.0
8778,9/3/2018,,,0.0,0.0
8787,9/4/2018,185760.0,,441.0,518.0
8796,9/5/2018,151140.0,,331.0,396.0
8805,9/6/2018,121050.0,,274.0,294.0
8814,9/7/2018,121856.0,,258.0,283.0
8823,9/8/2018,,,0.0,0.0
8832,9/9/2018,,,0.0,0.0
8841,9/10/2018,151650.0,,339.0,443.0
8850,9/11/2018,116112.0,,247.0,327.0
8859,9/12/2018,112797.0,,252.0,266.0
8868,9/13/2018,100880.0,,211.0,265.0
8877,9/14/2018,130000.0,,264.0,263.0
8886,9/15/2018,,,0.0,0.0
8895,9/16/2018,,,0.0,0.0
8904,9/17/2018,150430.0,,308.0,365.0
8913,9/18/2018,106116.0,,241.0,285.0
8922,9/19/2018,106917.0,,234.0,222.0
8931,9/20/2018,91600.0,,200.0,208.0
8940,9/21/2018,100782.0,,201.0,246.0
8949,9/22/2018,,,0.0,0.0
8958,9/23/2018,,,0.0,0.0
8967,9/24/2018,120400.0,,301.0,309.0
8976,9/25/2018,104043.0,,238.0,252.0
8985,9/26/2018,85498.0,,201.0,230.0
8994,9/27/2018,57888.0,,144.0,203.0
9003,9/28/2018,85285.0,,185.0,281.0
9012,9/29/2018,,,0.0,0.0
9021,9/30/2018,,,0.0,0.0
9030,10/1/2018,130516.0,,269.0,316.0
9039,10/2/2018,98770.0,,239.0,290.0
9048,10/3/2018,106413.0,,243.0,271.0
9057,10/4/2018,99897.0,,213.0,219.0
9066,10/5/2018,106820.0,,221.0,245.0
9075,10/6/2018,,,0.0,0.0
9084,10/7/2018,,,0.0,0.0
9093,10/8/2018,124650.0,,278.0,452.0
9102,10/9/2018,115434.0,,243.0,304.0
9111,10/10/2018,112700.0,,245.0,265.0
9120,10/11/2018,133278.0,,315.0,217.0
9129,10/12/2018,153306.0,,342.0,235.0
9138,10/13/2018,,,0.0,0.0
9147,10/14/2018,,,0.0,0.0
9156,10/15/2018,162450.0,,366.0,363.0
9165,10/16/2018,135575.0,,275.0,295.0
9174,10/17/2018,121000.0,,220.0,285.0
9183,10/18/2018,84180.0,,184.0,247.0
9192,10/19/2018,97216.0,,222.0,253.0
9201,10/20/2018,,,0.0,0.0
9210,10/21/2018,,,0.0,0.0
9219,10/22/2018,251392.0,,525.0,318.0
9228,10/23/2018,253967.0,,512.0,257.0
9237,10/24/2018,215992.0,,421.0,478.0
9246,10/25/2018,164703.0,,342.0,246.0
9255,10/26/2018,196170.0,,397.0,301.0
9264,10/27/2018,,,0.0,0.0
9273,10/28/2018,,,0.0,0.0
9282,10/29/2018,245364.0,,507.0,439.0
9291,10/30/2018,177331.0,,348.0,330.0
9300,10/31/2018,178875.0,,380.0,263.0
9309,11/1/2018,108088.0,,236.0,211.0
9318,11/2/2018,92820.0,,223.0,254.0
9327,11/3/2018,,,0.0,0.0
9336,11/4/2018,,,0.0,0.0
9345,11/5/2018,139285.0,,317.0,377.0
9354,11/6/2018,77979.0,,187.0,331.0
9363,11/7/2018,85104.0,,198.0,239.0
9372,11/8/2018,66714.0,,185.0,217.0
9381,11/9/2018,87565.0,,217.0,249.0
9390,11/10/2018,,,0.0,0.0
9399,11/11/2018,,,0.0,0.0
9408,11/12/2018,109888.0,,273.0,312.0
9417,11/13/2018,105216.0,,256.0,286.0
9426,11/14/2018,87560.0,,223.0,260.0
9435,11/15/2018,87250.0,,250.0,221.0
9444,11/16/2018,80937.0,,215.0,234.0
9453,11/17/2018,,,0.0,0.0
9462,11/18/2018,,,0.0,0.0
9471,11/19/2018,134028.0,,295.0,400.0
9480,11/20/2018,111635.0,,275.0,313.0
9489,11/21/2018,106480.0,,242.0,240.0
9498,11/22/2018,,,0.0,0.0
9507,11/23/2018,55500.0,,151.0,193.0
9516,11/24/2018,,,0.0,0.0
9525,11/25/2018,,,0.0,0.0
9534,11/26/2018,180621.0,,457.0,478.0
9543,11/27/2018,183092.0,,367.0,439.0
9552,11/28/2018,195104.0,,371.0,373.0
9561,11/29/2018,142817.0,,272.0,414.0
9570,11/30/2018,208146.0,,307.0,360.0
9579,12/1/2018,,,0.0,0.0
9588,12/2/2018,,,0.0,0.0
9597,12/3/2018,278825.0,,477.0,756.0
9606,12/4/2018,258269.0,,446.0,616.0
9615,12/5/2018,107565.0,,214.0,363.0
9624,12/6/2018,250996.0,,488.0,549.0
9633,12/7/2018,254620.0,,442.0,476.0
9642,12/8/2018,,,0.0,0.0
9651,12/9/2018,,,0.0,0.0
9660,12/10/2018,306475.0,,579.0,860.0
9669,12/11/2018,233704.0,,446.0,764.0
9678,12/12/2018,231616.0,,448.0,739.0
9687,12/13/2018,222855.0,,425.0,537.0
9696,12/14/2018,299343.0,,580.0,609.0
9705,12/15/2018,,,0.0,0.0
9714,12/16/2018,,,0.0,0.0
9723,12/17/2018,400374.0,,768.0,815.0
9732,12/18/2018,380534.0,,719.0,724.0
9741,12/19/2018,318060.0,,596.0,586.0
9750,12/20/2018,331584.0,,638.0,697.0
9759,12/21/2018,390159.0,,707.0,694.0
9768,12/22/2018,,,0.0,0.0
9777,12/23/2018,0.0,,0.0,0.0
9786,12/24/2018,273170.0,,477.0,544.0
9795,12/25/2018,,,0.0,0.0
9804,12/26/2018,491226.0,,845.0,829.0
9813,12/27/2018,494728.0,,884.0,1033.0
9822,12/28/2018,612304.0,,1009.0,1071.0
9831,12/29/2018,,,0.0,0.0
9840,12/30/2018,0.0,,0.0,0.0
9849,12/31/2018,790920.0,,1408.0,784.0
9852,12/31/2018,,,,
9863,1/1/2019,0.0,,0.0,0.0
9872,1/2/2019,485572.0,,943.0,733.0
9875,1/2/2019,,,,
9886,1/3/2019,370110.0,,753.0,711.0
9889,1/3/2019,,,,
9900,1/4/2019,370220.0,,705.0,648.0
9903,1/4/2019,,,,
9914,1/5/2019,,,0.0,0.0
9923,1/6/2019,0.0,,0.0,0.0
9932,1/7/2019,407360.0,,762.0,732.0
9935,1/7/2019,,,,
9946,1/8/2019,316727.0,,610.0,507.0
9949,1/8/2019,,,,
9960,1/9/2019,225544.0,,468.0,489.0
9963,1/9/2019,,,,
9974,1/10/2019,266562.0,,527.0,507.0
9977,1/10/2019,,,,
9988,1/11/2019,265558.0,,531.0,541.0
9991,1/11/2019,,,,
10002,1/12/2019,,,0.0,0.0
10011,1/13/2019,0.0,,0.0,0.0
10020,1/14/2019,364700.0,,703.0,791.0
10023,1/14/2019,,,,
10034,1/15/2019,214671.0,,441.0,669.0
10037,1/15/2019,,,,
10048,1/16/2019,233273.0,,480.0,638.0
10051,1/16/2019,,,,
10062,1/17/2019,184552.0,,392.0,494.0
10065,1/17/2019,,,,
10076,1/18/2019,203634.0,,422.0,487.0
10079,1/18/2019,,,,
10090,1/19/2019,,,0.0,0.0
10099,1/20/2019,,,0.0,0.0
10108,1/21/2019,131003.0,,273.0,223.0
10111,1/21/2019,,,,
10122,1/22/2019,242250.0,,495.0,582.0
10125,1/22/2019,,,,
10136,1/23/2019,193290.0,,379.0,461.0
10139,1/23/2019,,,,
10150,1/24/2019,173530.0,,335.0,426.0
10153,1/24/2019,,,,
10164,1/25/2019,169920.0,,322.0,362.0
10167,1/25/2019,,,,
10178,1/26/2019,,,0.0,0.0
10188,1/27/2019,0.0,,0.0,0.0
10197,1/28/2019,198009.0,,446.0,487.0
10200,1/28/2019,,,,
10211,1/29/2019,168840.0,,337.0,327.0
10214,1/29/2019,,,,
10225,1/30/2019,154616.0,,319.0,328.0
10228,1/30/2019,,,,
10239,1/31/2019,116532.0,,234.0,299.0
10242,1/31/2019,,,,
10253,2/1/2019,135850.0,,276.0,333.0
10256,2/1/2019,,,,
10267,2/2/2019,,,0.0,0.0
10277,2/3/2019,,,0.0,0.0
10286,2/4/2019,150024.0,,331.0,459.0
10289,2/4/2019,,,,
10300,2/5/2019,131262.0,,264.0,307.0
10303,2/5/2019,,,,
10314,2/6/2019,121693.0,,255.0,285.0
10317,2/6/2019,,,,
10328,2/7/2019,103630.0,,221.0,237.0
10331,2/7/2019,,,,
10342,2/8/2019,104400.0,,232.0,250.0
10345,2/8/2019,,,,
10356,2/9/2019,,,0.0,0.0
10365,2/10/2019,,,0.0,0.0
10374,2/11/2019,191208.0,,382.0,362.0
10377,2/11/2019,,,,
10388,2/12/2019,121002.0,,258.0,275.0
10391,2/12/2019,,,,
10402,2/13/2019,86526.0,,201.0,250.0
10405,2/13/2019,,,,
10416,2/14/2019,96884.0,,216.0,193.0
10419,2/14/2019,,,,
10430,2/15/2019,117612.0,,243.0,225.0
10433,2/15/2019,,,,
10444,2/16/2019,,,0.0,0.0
10453,2/17/2019,,,0.0,0.0
10462,2/18/2019,0.0,,0.0,0.0
10471,2/19/2019,167865.0,,369.0,318.0
10474,2/19/2019,,,,
10485,2/20/2019,150670.0,,316.0,314.0
10488,2/20/2019,,,,
10499,2/21/2019,97712.0,,249.0,255.0
10502,2/21/2019,,,,
10513,2/22/2019,119301.0,,247.0,288.0
10516,2/22/2019,,,,
10527,2/23/2019,,,0.0,0.0
10536,2/24/2019,,,0.0,0.0
10545,2/25/2019,144189.0,,338.0,416.0
10548,2/25/2019,,,,
10559,2/26/2019,114258.0,,278.0,276.0
10562,2/26/2019,,,,
10573,2/27/2019,50410.0,,142.0,132.0
10576,2/27/2019,,,,
10587,2/28/2019,99450.0,,226.0,234.0
10590,2/28/2019,,,,
10601,3/1/2019,119408.0,,273.0,259.0
10604,3/1/2019,,,,
10615,3/2/2019,,,0.0,0.0
10624,3/3/2019,,,0.0,0.0
10633,3/4/2019,164864.0,,391.0,382.0
10636,3/4/2019,,,,
10647,3/5/2019,98982.0,,236.0,285.0
10650,3/5/2019,,,,
10661,3/6/2019,93096.0,,216.0,230.0
10664,3/6/2019,,,,
10675,3/7/2019,90695.0,,190.0,224.0
10678,3/7/2019,,,,
10689,3/8/2019,100573.0,,223.0,244.0
10692,3/8/2019,,,,
10703,3/9/2019,,,0.0,0.0
10712,3/10/2019,,,0.0,0.0
10721,3/11/2019,144606.0,,315.0,293.0
10724,3/11/2019,,,,
10735,3/12/2019,107380.0,,238.0,239.0
10738,3/12/2019,,,,
10749,3/13/2019,113000.0,,251.0,191.0
10752,3/13/2019,,,,
10763,3/14/2019,96820.0,,247.0,201.0
10766,3/14/2019,,,,
10777,3/15/2019,96579.0,,222.0,231.0
10780,3/15/2019,,,,
10791,3/16/2019,,,0.0,0.0
10800,3/17/2019,0.0,,0.0,0.0
10809,3/18/2019,145440.0,,307.0,377.0
10812,3/18/2019,,,,
10823,3/19/2019,143570.0,,294.0,220.0
10826,3/19/2019,,,,
10837,3/20/2019,103870.0,,235.0,210.0
10840,3/20/2019,,,,
10851,3/21/2019,85905.0,,208.0,181.0
10854,3/21/2019,,,,
10865,3/22/2019,110187.0,,235.0,211.0
10868,3/22/2019,,,,
10879,3/23/2019,,,0.0,0.0
10888,3/24/2019,,,0.0,0.0
10897,3/25/2019,151980.0,,363.0,315.0
10900,3/25/2019,,,,
10911,3/26/2019,116572.0,,308.0,232.0
10914,3/26/2019,,,,
10925,3/27/2019,102350.0,,230.0,248.0
10928,3/27/2019,,,,
10939,3/28/2019,98012.0,,218.0,237.0
10942,3/28/2019,,,,
10953,3/29/2019,98780.0,,223.0,218.0
10956,3/29/2019,,,,
10967,3/30/2019,,,0.0,0.0
10976,3/31/2019,0.0,,0.0,0.0
10985,4/1/2019,171120.0,,385.0,353.0
10988,4/1/2019,,,,
10999,4/2/2019,131412.0,,282.0,291.0
11002,4/2/2019,,,,
11013,4/3/2019,113664.0,,260.0,277.0
11016,4/3/2019,,,,
11027,4/4/2019,99456.0,,225.0,264.0
11030,4/4/2019,,,,
11041,4/5/2019,123026.0,,274.0,255.0
11044,4/5/2019,,,,
11055,4/6/2019,,,0.0,0.0
11064,4/7/2019,0.0,,0.0,0.0
11073,4/8/2019,189776.0,,425.0,409.0
11076,4/8/2019,,,,
11087,4/9/2019,155116.0,,329.0,343.0
11090,4/9/2019,,,,
11101,4/10/2019,130180.0,,285.0,252.0
11104,4/10/2019,,,,
11115,4/11/2019,128744.0,,278.0,253.0
11118,4/11/2019,,,,
11129,4/12/2019,134416.0,,279.0,251.0
11132,4/12/2019,,,,
11143,4/13/2019,0.0,,0.0,0.0
11153,4/14/2019,0.0,,0.0,0.0
11162,4/15/2019,170400.0,,358.0,321.0
11165,4/15/2019,,,,
11176,4/16/2019,120456.0,,255.0,237.0
11179,4/16/2019,,,,
11190,4/17/2019,113886.0,,225.0,253.0
11193,4/17/2019,,,,
11204,4/18/2019,83838.0,,179.0,209.0
11207,4/18/2019,,,,
11218,4/19/2019,0.0,,0.0,0.0
11227,4/20/2019,0.0,,0.0,0.0
11236,4/21/2019,0.0,,0.0,0.0
11245,4/22/2019,160392.0,,333.0,258.0
11248,4/22/2019,,,,
11259,4/23/2019,133661.0,,323.0,197.0
11262,4/23/2019,,,,
11273,4/24/2019,102410.0,,248.0,184.0
11276,4/24/2019,,,,
11287,4/25/2019,88440.0,,201.0,154.0
11290,4/25/2019,,,,
11301,4/26/2019,111965.0,,246.0,187.0
11304,4/26/2019,,,,
11315,4/27/2019,0.0,,0.0,0.0
11325,4/28/2019,0.0,,0.0,0.0
11335,4/29/2019,158097.0,,362.0,265.0
11338,4/29/2019,,,,
11349,4/30/2019,122808.0,,260.0,222.0
11352,4/30/2019,,,,
11363,5/1/2019,114080.0,,255.0,166.0
11366,5/1/2019,,,,
11377,5/2/2019,107448.0,,243.0,158.0
11380,5/2/2019,,,,
11391,5/3/2019,112336.0,,236.0,158.0
11394,5/3/2019,,,,
11405,5/4/2019,0.0,,0.0,0.0
11414,5/5/2019,0.0,,0.0,0.0
11423,5/6/2019,127323.0,,308.0,289.0
11426,5/6/2019,,,,
11437,5/7/2019,117906.0,,261.0,233.0
11440,5/7/2019,,,,
11451,5/8/2019,116127.0,,259.0,192.0
11454,5/8/2019,,,,
11465,5/9/2019,97682.0,,224.0,198.0
11468,5/9/2019,,,,
11479,5/10/2019,96473.0,,182.0,188.0
11482,5/10/2019,,,,
11493,5/11/2019,0.0,,0.0,0.0
11502,5/12/2019,0.0,,0.0,0.0
11511,5/13/2019,160300.0,,352.0,300.0
11514,5/13/2019,,,,
11525,5/14/2019,106628.0,,250.0,220.0
11528,5/14/2019,,,,
11539,5/15/2019,104340.0,,223.0,218.0
11542,5/15/2019,,,,
11553,5/16/2019,99671.0,,221.0,207.0
11556,5/16/2019,,,,
11567,5/17/2019,100760.0,,231.0,200.0
11570,5/17/2019,,,,
11581,5/18/2019,,,0.0,0.0
11590,5/19/2019,,,0.0,0.0
11599,5/20/2019,147026.0,,333.0,310.0
11602,5/20/2019,,,,
11613,5/21/2019,180000.0,,426.0,263.0
11616,5/21/2019,,,,
11627,5/22/2019,126775.0,,279.0,259.0
11630,5/22/2019,,,,
11641,5/23/2019,112572.0,,245.0,224.0
11644,5/23/2019,,,,
11655,5/24/2019,116421.0,,267.0,184.0
11658,5/24/2019,,,,
11669,5/25/2019,,,0.0,0.0
11678,5/26/2019,0.0,,0.0,0.0
11687,5/27/2019,0.0,,0.0,0.0
11696,5/28/2019,201539.0,,437.0,338.0
11699,5/28/2019,,,,
11710,5/29/2019,189070.0,,372.0,275.0
11713,5/29/2019,,,,
11724,5/30/2019,160608.0,,339.0,216.0
11727,5/30/2019,,,,
11738,5/31/2019,246048.0,,474.0,223.0
11741,5/31/2019,,,,
11752,6/1/2019,,,0.0,0.0
11762,6/2/2019,,,0.0,0.0
11772,6/3/2019,140044.0,,314.0,338.0
11775,6/3/2019,,,,
11786,6/4/2019,99722.0,,239.0,286.0
11789,6/4/2019,,,,
11800,6/5/2019,88847.0,,197.0,284.0
11803,6/5/2019,,,,
11814,6/6/2019,82175.0,,176.0,242.0
11817,6/6/2019,,,,
11828,6/7/2019,87168.0,,195.0,200.0
11831,6/7/2019,,,,
11842,6/8/2019,0.0,,0.0,0.0
11851,6/9/2019,0.0,,0.0,0.0
11860,6/10/2019,131400.0,,304.0,346.0
11863,6/10/2019,,,,
11874,6/11/2019,103712.0,,227.0,246.0
11877,6/11/2019,,,,
11888,6/12/2019,100302.0,,233.0,222.0
11891,6/12/2019,,,,
11902,6/13/2019,97650.0,,222.0,218.0
11905,6/13/2019,,,,
11916,6/14/2019,92781.0,,183.0,230.0
11919,6/14/2019,,,,
11930,6/15/2019,,,0.0,0.0
11939,6/16/2019,0.0,,0.0,0.0
11948,6/17/2019,141360.0,,306.0,327.0
11951,6/17/2019,,,,
11962,6/18/2019,119888.0,,257.0,249.0
11965,6/18/2019,,,,
11976,6/19/2019,133110.0,,258.0,208.0
11979,6/19/2019,,,,
11990,6/20/2019,111616.0,,221.0,185.0
11993,6/20/2019,,,,
12004,6/21/2019,120054.0,,217.0,201.0
12007,6/21/2019,,,,
12018,6/22/2019,,,0.0,0.0
12027,6/23/2019,,,0.0,0.0
12036,6/24/2019,196560.0,,340.0,339.0
12039,6/24/2019,,,,
12050,6/25/2019,134285.0,,251.0,261.0
12053,6/25/2019,,,,
12064,6/26/2019,109509.0,,211.0,213.0
12067,6/26/2019,,,,
12078,6/27/2019,122751.0,,207.0,190.0
12081,6/27/2019,,,,
12092,6/28/2019,122492.0,,227.0,212.0
12095,6/28/2019,,,,
12106,6/29/2019,,,0.0,0.0
12115,6/30/2019,,,0.0,0.0
12123,7/1/2019,217404.0,,373.0,419.0
12133,7/2/2019,160728.0,,296.0,300.0
12143,7/3/2019,157052.0,,284.0,254.0
12153,7/4/2019,,,0.0,0.0
12162,7/5/2019,181980.0,,350.0,293.0
12172,7/6/2019,,,0.0,0.0
12181,7/7/2019,0.0,,0.0,0.0
12190,7/8/2019,336537.0,,616.0,532.0
12200,7/9/2019,210060.0,,396.0,401.0
12210,7/10/2019,227880.0,,423.0,382.0
12220,7/11/2019,200540.0,,371.0,330.0
12230,7/12/2019,253638.0,,467.0,320.0
12240,7/13/2019,,,0.0,0.0
12250,7/14/2019,,,0.0,0.0
12259,7/15/2019,339528.0,,618.0,729.0
12269,7/16/2019,290700.0,,513.0,500.0
12279,7/17/2019,240300.0,,445.0,430.0
12289,7/18/2019,202401.0,,387.0,421.0
12299,7/19/2019,275303.0,,474.0,435.0
12309,7/20/2019,,,0.0,0.0
12318,7/21/2019,,,0.0,0.0
12327,7/22/2019,339248.0,,667.0,748.0
12337,7/23/2019,315019.0,,570.0,479.0
12347,7/24/2019,229515.0,,431.0,515.0
12357,7/25/2019,214652.0,,412.0,446.0
12367,7/26/2019,272650.0,,477.0,557.0
12377,7/27/2019,,,0.0,0.0
12386,7/28/2019,,,0.0,0.0
12395,7/29/2019,390165.0,,706.0,698.0
12405,7/30/2019,316344.0,,594.0,581.0
12415,7/31/2019,257514.0,,524.0,503.0
12425,8/1/2019,228960.0,,437.0,438.0
12435,8/2/2019,260977.0,,524.0,535.0
12445,8/3/2019,0.0,,0.0,0.0
12454,8/4/2019,0.0,,0.0,0.0
12463,8/5/2019,363398.0,,732.0,612.0
12473,8/6/2019,267699.0,,494.0,511.0
12483,8/7/2019,214412.0,,445.0,443.0
12493,8/8/2019,225504.0,,437.0,385.0
12503,8/9/2019,219061.0,,441.0,472.0
12513,8/10/2019,,,0.0,0.0
12522,8/11/2019,,,0.0,0.0
12531,8/12/2019,322299.0,,630.0,586.0
12541,8/13/2019,252252.0,,470.0,499.0
12551,8/14/2019,233480.0,,451.0,439.0
12561,8/15/2019,228285.0,,450.0,364.0
12571,8/16/2019,238165.0,,441.0,437.0
12581,8/17/2019,0.0,,0.0,0.0
12590,8/18/2019,0.0,,0.0,0.0
12599,8/19/2019,338363.0,,648.0,622.0
12609,8/20/2019,268536.0,,545.0,422.0
12619,8/21/2019,194205.0,,370.0,378.0
12629,8/22/2019,178155.0,,335.0,371.0
12639,8/23/2019,185110.0,,348.0,376.0
12649,8/24/2019,0.0,,0.0,0.0
12658,8/25/2019,0.0,,0.0,0.0
12667,8/26/2019,242928.0,,505.0,462.0
12677,8/27/2019,184604.0,,349.0,345.0
12687,8/28/2019,154524.0,,322.0,333.0
12697,8/29/2019,139556.0,,279.0,332.0
12707,8/30/2019,125140.0,,271.0,325.0
12717,8/31/2019,0.0,,0.0,0.0
12726,9/1/2019,0.0,,0.0,0.0
12735,9/2/2019,0.0,,0.0,0.0
12744,9/3/2019,208242.0,,428.0,447.0
12754,9/4/2019,167872.0,,347.0,305.0
12764,9/5/2019,135300.0,,280.0,275.0
12774,9/6/2019,164115.0,,318.0,283.0
12784,9/7/2019,0.0,,0.0,0.0
12793,9/8/2019,0.0,,0.0,0.0
12802,9/9/2019,203274.0,,429.0,392.0
12812,9/10/2019,122821.0,,263.0,271.0
12822,9/11/2019,104328.0,,207.0,250.0
12832,9/12/2019,101592.0,,205.0,217.0
12842,9/13/2019,99267.0,,203.0,211.0
12852,9/14/2019,,,0.0,0.0
12861,9/15/2019,,,0.0,0.0
12870,9/16/2019,156349.0,,289.0,346.0
12880,9/17/2019,141365.0,,248.0,242.0
12890,9/18/2019,127309.0,,213.0,222.0
12900,9/19/2019,97614.0,,189.0,194.0
12910,9/20/2019,107420.0,,208.0,192.0
12920,9/21/2019,0.0,,0.0,0.0
12930,9/22/2019,0.0,,0.0,0.0
12939,9/23/2019,142349.0,,284.0,339.0
12949,9/24/2019,105324.0,,202.0,212.0
12959,9/25/2019,117012.0,,199.0,166.0
12969,9/26/2019,109632.0,,193.0,165.0
12979,9/27/2019,102114.0,,185.0,165.0
12989,9/28/2019,0.0,,0.0,0.0
12998,9/29/2019,0.0,,0.0,0.0
13007,9/30/2019,157035.0,,287.0,298.0
13017,10/1/2019,125883.0,,215.0,256.0
13027,10/2/2019,107328.0,,217.0,219.0
13037,10/3/2019,101244.0,,180.0,195.0
13047,10/4/2019,128667.0,,234.0,215.0
13057,10/5/2019,,,0.0,0.0
13066,10/6/2019,,,0.0,0.0
13075,10/7/2019,215429.0,,374.0,370.0
13085,10/8/2019,139539.0,,257.0,269.0
13095,10/9/2019,114490.0,,218.0,260.0
13105,10/10/2019,135408.0,,225.0,254.0
13115,10/11/2019,161280.0,,293.0,239.0
13125,10/12/2019,,,0.0,0.0
13134,10/13/2019,,,0.0,0.0
13143,10/14/2019,138040.0,,280.0,304.0
13153,10/15/2019,147048.0,,276.0,274.0
13163,10/16/2019,164088.0,,274.0,200.0
13173,10/17/2019,118220.0,,230.0,170.0
13183,10/18/2019,99858.0,,182.0,249.0
13193,10/19/2019,,,0.0,0.0
13202,10/20/2019,,,0.0,0.0
13211,10/21/2019,133837.0,,257.0,528.0
13221,10/22/2019,129472.0,,238.0,395.0
13231,10/23/2019,124068.0,,213.0,334.0
13241,10/24/2019,126808.0,,242.0,358.0
13251,10/25/2019,110290.0,,208.0,493.0
13261,10/26/2019,,,0.0,0.0
13270,10/27/2019,,,0.0,0.0
13279,10/28/2019,207206.0,,343.0,366.0
13289,10/29/2019,146802.0,,259.0,349.0
13299,10/30/2019,121484.0,,243.0,358.0
13309,10/31/2019,138645.0,,237.0,293.0
13319,11/1/2019,151389.0,,247.0,231.0
13329,11/2/2019,,,0.0,0.0
13338,11/3/2019,,,0.0,0.0
13347,11/4/2019,156510.0,,285.0,354.0
13357,11/5/2019,114130.0,,229.0,222.0
13367,11/6/2019,100130.0,,190.0,175.0
13377,11/7/2019,109417.0,,215.0,174.0
13387,11/8/2019,112038.0,,216.0,170.0
13397,11/9/2019,,,0.0,0.0
13406,11/10/2019,,,0.0,0.0
13415,11/11/2019,103828.0,,205.0,303.0
13425,11/12/2019,120768.0,,224.0,225.0
13435,11/13/2019,96350.0,,207.0,213.0
13445,11/14/2019,119808.0,,234.0,209.0
13455,11/15/2019,113256.0,,234.0,221.0
13465,11/16/2019,,,0.0,0.0
13474,11/17/2019,,,0.0,0.0
13483,11/18/2019,153076.0,,309.0,385.0
13493,11/19/2019,147726.0,,286.0,280.0
13503,11/20/2019,136465.0,,246.0,267.0
13513,11/21/2019,137752.0,,269.0,264.0
13523,11/22/2019,117502.0,,219.0,284.0
13533,11/23/2019,,,0.0,0.0
13542,11/24/2019,,,0.0,0.0
13551,11/25/2019,235683.0,,388.0,342.0
13561,11/26/2019,222968.0,,382.0,216.0
13571,11/27/2019,164080.0,,294.0,168.0
13581,11/28/2019,,,0.0,0.0
13590,11/29/2019,124405.0,,181.0,170.0
13600,11/30/2019,,,0.0,0.0
13609,12/1/2019,,,0.0,0.0
13618,12/2/2019,325008.0,,595.0,423.0
13628,12/3/2019,257085.0,,436.0,396.0
13638,12/4/2019,231085.0,,412.0,351.0
13648,12/5/2019,234025.0,,407.0,394.0
13658,12/6/2019,228660.0,,412.0,385.0
13668,12/7/2019,,,0.0,0.0
13677,12/8/2019,,,0.0,0.0
13686,12/9/2019,356500.0,,623.0,517.0
13696,12/10/2019,260033.0,,457.0,480.0
13706,12/11/2019,258980.0,,460.0,411.0
13716,12/12/2019,209076.0,,400.0,450.0
13726,12/13/2019,272976.0,,492.0,372.0
13736,12/14/2019,,,0.0,0.0
13745,12/15/2019,,,0.0,0.0
13754,12/16/2019,402363.0,,748.0,888.0
13764,12/17/2019,327376.0,,635.0,656.0
13774,12/18/2019,347420.0,,603.0,621.0
13784,12/19/2019,306870.0,,579.0,611.0
13794,12/20/2019,336474.0,,605.0,619.0
13804,12/21/2019,0.0,,0.0,0.0
13814,12/22/2019,0.0,,0.0,0.0
13823,12/23/2019,477822.0,,836.0,971.0
13833,12/24/2019,298350.0,,518.0,241.0
13843,12/25/2019,,,0.0,0.0
13852,12/26/2019,435848.0,,730.0,949.0
13862,12/27/2019,510120.0,,804.0,977.0
13872,12/28/2019,0.0,,0.0,0.0
13882,12/29/2019,0.0,,0.0,0.0
13891,12/30/2019,780279.0,,1345.0,927.0
13901,12/31/2019,602739.0,,1054.0,939.0
13911,1/1/2020,0.0,,0.0,0.0
13920,1/2/2020,567117.0,,1048.0,727.0
13930,1/3/2020,441429.0,,808.0,616.0
13940,1/4/2020,,,0.0,0.0
13950,1/5/2020,,,0.0,0.0
13959,1/6/2020,492840.0,,902.0,722.0
13969,1/7/2020,309536.0,,572.0,583.0
13979,1/8/2020,300268.0,,559.0,437.0
13989,1/9/2020,255320.0,,496.0,497.0
13999,1/10/2020,339350.0,,623.0,500.0
14009,1/11/2020,0.0,,0.0,0.0
14019,1/12/2020,0.0,,0.0,0.0
14028,1/13/2020,411567.0,,807.0,671.0
14038,1/14/2020,304128.0,,577.0,413.0
14048,1/15/2020,227322.0,,443.0,455.0
14058,1/16/2020,233696.0,,439.0,371.0
14068,1/17/2020,220980.0,,437.0,398.0
14078,1/18/2020,0.0,,0.0,0.0
14088,1/19/2020,0.0,,0.0,0.0
14097,1/20/2020,142881.0,,298.0,254.0
14107,1/21/2020,241280.0,,489.0,491.0
14117,1/22/2020,201880.0,,394.0,398.0
14127,1/23/2020,181442.0,,355.0,334.0
14137,1/24/2020,229916.0,,458.0,330.0
14147,1/25/2020,0.0,,0.0,0.0
14157,1/26/2020,0.0,,0.0,0.0
14166,1/27/2020,258240.0,,484.0,514.0
14176,1/28/2020,173568.0,,340.0,365.0
14186,1/29/2020,134442.0,,292.0,288.0
14196,1/30/2020,117450.0,,270.0,290.0
14206,1/31/2020,149265.0,,323.0,284.0
14216,2/1/2020,0.0,,0.0,0.0
14225,2/2/2020,0.0,,0.0,0.0
14234,2/3/2020,178868.0,,400.0,409.0
14244,2/4/2020,173240.0,,363.0,291.0
14254,2/5/2020,127842.0,,287.0,230.0
14264,2/6/2020,112338.0,,237.0,232.0
14274,2/7/2020,144650.0,,275.0,230.0
14284,2/8/2020,0.0,,0.0,0.0
14294,2/9/2020,0.0,,0.0,0.0
14303,2/10/2020,193155.0,,404.0,399.0
14313,2/11/2020,139160.0,,284.0,279.0
14323,2/12/2020,130560.0,,256.0,237.0
14333,2/13/2020,113022.0,,234.0,224.0
14343,2/14/2020,124890.0,,230.0,270.0
14353,2/15/2020,0.0,,0.0,0.0
14362,2/16/2020,0.0,,0.0,0.0
14371,2/17/2020,0.0,,0.0,0.0
14380,2/18/2020,191360.0,,371.0,407.0
14390,2/19/2020,161048.0,,344.0,327.0
14400,2/20/2020,102690.0,,211.0,274.0
14410,2/21/2020,125345.0,,266.0,328.0
14420,2/22/2020,0.0,,0.0,0.0
14429,2/23/2020,0.0,,0.0,0.0
14438,2/24/2020,199656.0,,380.0,429.0
14448,2/25/2020,144926.0,,314.0,300.0
14458,2/26/2020,145632.0,,297.0,268.0
14468,2/27/2020,148923.0,,293.0,249.0
14477,2/28/2020,164150.0,,341.0,245.0
14486,2/29/2020,0.0,,0.0,0.0
14495,3/1/2020,0.0,,0.0,0.0
14505,3/2/2020,197604.0,,410.0,386.0
14515,3/3/2020,133670.0,,265.0,270.0
14525,3/4/2020,111054.0,,228.0,247.0
14535,3/5/2020,110758.0,,218.0,224.0
14545,3/6/2020,135696.0,,257.0,224.0
14555,3/7/2020,0.0,,0.0,0.0
14565,3/8/2020,0.0,,0.0,0.0
14575,3/9/2020,191135.0,,360.0,332.0
14585,3/10/2020,123591.0,,244.0,275.0
14595,3/11/2020,137341.0,,266.0,260.0
14605,3/12/2020,139034.0,,256.0,257.0
14615,3/13/2020,117504.0,,219.0,300.0
14625,3/14/2020,0.0,,0.0,0.0
14635,3/15/2020,0.0,,0.0,0.0
14645,3/16/2020,179608.0,,316.0,320.0
14655,3/17/2020,111946.0,,228.0,307.0
14665,3/18/2020,151767.0,,239.0,245.0
14675,3/19/2020,133287.0,,206.0,215.0
14685,3/20/2020,142538.0,,243.0,243.0
14695,3/21/2020,0.0,,0.0,0.0
14705,3/22/2020,0.0,,0.0,0.0
14715,3/23/2020,147900.0,,255.0,390.0
14725,3/24/2020,143808.0,,215.0,264.0
14735,3/25/2020,100029.0,,173.0,286.0
14745,3/26/2020,86197.0,,163.0,273.0
14755,3/27/2020,73167.0,,134.0,237.0
14765,3/28/2020,,,0.0,0.0
14775,3/29/2020,,,0.0,0.0
14785,3/30/2020,144788.0,,219.0,385.0
14795,3/31/2020,94687.0,,152.0,273.0
14805,4/1/2020,90913.0,,147.0,291.0
14815,4/2/2020,110342.0,,188.0,251.0
14825,4/3/2020,124024.0,,190.0,296.0
14835,4/4/2020,,,0.0,0.0
14845,4/5/2020,,,0.0,0.0
14855,4/6/2020,122270.0,,219.0,356.0
14865,4/7/2020,102584.0,,196.0,292.0
14875,4/8/2020,90049.0,,172.0,209.0
14885,4/9/2020,114805.0,,195.0,184.0
14895,4/10/2020,,,0.0,0.0
14905,4/11/2020,,,0.0,0.0
14915,4/12/2020,,,0.0,0.0
14925,4/13/2020,218281.0,,376.0,225.0
14935,4/14/2020,163712.0,,289.0,159.0
14945,4/15/2020,131790.0,,244.0,152.0
14955,4/16/2020,122677.0,,228.0,194.0
14965,4/17/2020,128873.0,,241.0,195.0
14975,4/18/2020,,,0.0,0.0
14985,4/19/2020,,,0.0,0.0
14995,4/20/2020,169055.0,,336.0,231.0
15005,4/21/2020,116907.0,,224.0,197.0
15015,4/22/2020,144223.0,,266.0,156.0
15025,4/23/2020,109318.0,,208.0,176.0
15035,4/24/2020,114353.0,,204.0,181.0
15045,4/25/2020,,,0.0,0.0
15055,4/26/2020,,,0.0,0.0
15065,4/27/2020,167825.0,,304.0,374.0
15075,4/28/2020,131392.0,,253.0,277.0
15085,4/29/2020,110651.0,,206.0,263.0
15095,4/30/2020,134953.0,,217.0,237.0
15105,5/1/2020,134562.0,,239.0,263.0
15115,5/2/2020,,,0.0,0.0
15125,5/3/2020,,,0.0,0.0
15135,5/4/2020,175207.0,,319.0,282.0
15145,5/5/2020,129032.0,,229.0,249.0
15155,5/6/2020,122769.0,,229.0,195.0
15165,5/7/2020,92040.0,,192.0,194.0
15175,5/8/2020,95005.0,,194.0,179.0
15185,5/9/2020,,,0.0,0.0
15195,5/10/2020,,,0.0,0.0
15205,5/11/2020,155974.0,,301.0,288.0
15215,5/12/2020,102904.0,,214.0,237.0
15225,5/13/2020,107246.0,,193.0,194.0
15235,5/14/2020,106142.0,,190.0,204.0
15245,5/15/2020,89145.0,,151.0,227.0
15255,5/16/2020,,,0.0,0.0
15265,5/17/2020,,,0.0,0.0
15275,5/18/2020,153752.0,,294.0,368.0
15285,5/19/2020,127429.0,,231.0,309.0
15295,5/20/2020,104708.0,,191.0,247.0
15305,5/21/2020,98048.0,,176.0,266.0
15315,5/22/2020,136197.0,,268.0,284.0
15325,5/23/2020,,,,
15335,5/24/2020,,,0.0,0.0
15345,5/25/2020,,,0.0,0.0
15355,5/26/2020,301122.0,,599.0,457.0
15365,5/27/2020,240310.0,,447.0,440.0
15375,5/28/2020,199625.0,,376.0,259.0
15385,5/29/2020,191039.0,,343.0,333.0
15395,5/30/2020,,,0.0,0.0
15405,5/31/2020,,,0.0,0.0
15415,6/1/2020,173192.0,124193.0,314.0,240.0
15425,6/2/2020,108952.0,103518.0,205.0,193.0
15435,6/3/2020,115144.0,90227.0,215.0,167.0
15445,6/4/2020,90801.0,87612.0,163.0,165.0
15455,6/5/2020,127014.0,95196.0,240.0,194.0
15465,6/6/2020,,,0.0,0.0
15475,6/7/2020,,,0.0,0.0
15485,6/8/2020,157256.0,147275.0,295.0,293.0
15495,6/9/2020,132803.0,95740.0,251.0,208.0
15505,6/10/2020,111482.0,96709.0,203.0,187.0
15515,6/11/2020,99136.0,98583.0,194.0,184.0
15525,6/12/2020,90271.0,80341.0,164.0,147.0
15535,6/13/2020,,,0.0,0.0
15545,6/14/2020,,,0.0,0.0
15555,6/15/2020,163495.0,176243.0,321.0,325.0
15565,6/16/2020,114510.0,107810.0,204.0,213.0
15575,6/17/2020,83974.0,116438.0,172.0,225.0
15585,6/18/2020,89241.0,89820.0,176.0,171.0
15595,6/19/2020,97474.0,129996.0,173.0,251.0
15605,6/20/2020,,,0.0,0.0
15615,6/21/2020,,,0.0,0.0
15625,6/22/2020,133191.0,160710.0,250.0,310.0
15635,6/23/2020,150415.0,134813.0,285.0,261.0
15645,6/24/2020,108060.0,114617.0,203.0,211.0
15655,6/25/2020,107490.0,94887.0,193.0,196.0
15665,6/26/2020,97795.0,89748.0,178.0,173.0
15675,6/27/2020,,,0.0,0.0
15685,6/28/2020,,,0.0,0.0
15695,6/29/2020,148703.0,174864.0,268.0,332.0
15705,6/30/2020,138778.0,155460.0,258.0,307.0
15715,7/1/2020,112809.0,127569.0,214.0,265.0
15725,7/2/2020,96650.0,157489.0,199.0,290.0
15735,7/3/2020,,,0.0,0.0
15745,7/4/2020,,,0.0,0.0
15755,7/5/2020,,,0.0,0.0
15765,7/6/2020,216768.0,271248.0,426.0,532.0
15775,7/7/2020,212074.0,223764.0,360.0,440.0
15785,7/8/2020,220459.0,184022.0,389.0,356.0
15795,7/9/2020,178743.0,179128.0,314.0,339.0
15805,7/10/2020,235961.0,184920.0,391.0,332.0
15815,7/11/2020,,,0.0,0.0
15825,7/12/2020,,,0.0,0.0
15835,7/13/2020,353875.0,278973.0,594.0,553.0
15845,7/14/2020,226182.0,226813.0,422.0,454.0
15855,7/15/2020,249956.0,182802.0,468.0,360.0
15865,7/16/2020,174191.0,178612.0,305.0,344.0
15875,7/17/2020,242548.0,201151.0,417.0,354.0
15885,7/18/2020,,,0.0,0.0
15895,7/19/2020,,,0.0,0.0
15905,7/20/2020,292404.0,257859.0,565.0,505.0
15915,7/21/2020,260408.0,255171.0,464.0,430.0
15925,7/22/2020,204162.0,262232.0,384.0,457.0
15935,7/23/2020,176532.0,204485.0,372.0,368.0
15945,7/24/2020,220391.0,289397.0,432.0,468.0
15955,7/25/2020,,,0.0,0.0
15965,7/26/2020,,,0.0,0.0
15975,7/27/2020,303733.0,335521.0,599.0,565.0
15985,7/28/2020,270836.0,231946.0,529.0,439.0
15995,7/29/2020,223601.0,263214.0,420.0,488.0
16005,7/30/2020,202829.0,213198.0,408.0,382.0
16015,7/31/2020,230880.0,261176.0,413.0,447.0
16025,8/1/2020,,,0.0,0.0
16035,8/2/2020,,,0.0,0.0
16045,8/3/2020,359501.0,287541.0,672.0,552.0
16055,8/4/2020,265909.0,254072.0,536.0,454.0
16065,8/5/2020,236418.0,196730.0,436.0,376.0
16075,8/6/2020,232692.0,172428.0,433.0,362.0
16085,8/7/2020,216960.0,212222.0,438.0,423.0
16095,8/8/2020,,,0.0,0.0
16105,8/9/2020,,,0.0,0.0
16115,8/10/2020,354472.0,271586.0,701.0,538.0
16125,8/11/2020,275309.0,241152.0,567.0,470.0
16135,8/12/2020,232970.0,199134.0,455.0,374.0
16145,8/13/2020,252796.0,177492.0,468.0,366.0
16155,8/14/2020,222745.0,210504.0,454.0,377.0
16165,8/15/2020,,,0.0,0.0
16175,8/16/2020,,,0.0,0.0
16185,8/17/2020,373629.0,290229.0,677.0,547.0
16195,8/18/2020,241583.0,216240.0,493.0,442.0
16205,8/19/2020,239760.0,189844.0,459.0,358.0
16215,8/20/2020,201040.0,183709.0,395.0,351.0
16225,8/21/2020,220253.0,174914.0,420.0,358.0
16235,8/22/2020,,,0.0,0.0
16245,8/23/2020,,,0.0,0.0
16255,8/24/2020,290254.0,237229.0,575.0,476.0
16265,8/25/2020,191381.0,182293.0,394.0,386.0
16275,8/26/2020,188122.0,160479.0,389.0,310.0
16285,8/27/2020,153506.0,172731.0,329.0,319.0
16295,8/28/2020,156454.0,150389.0,333.0,312.0
16305,8/29/2020,,,0.0,0.0
16315,8/30/2020,,,0.0,0.0
16325,8/31/2020,273438.0,250634.0,560.0,451.0
16335,9/1/2020,153225.0,160045.0,341.0,327.0
16345,9/2/2020,139563.0,160466.0,317.0,310.0
16355,9/3/2020,145955.0,131425.0,317.0,265.0
16365,9/4/2020,122880.0,147177.0,275.0,282.0
16375,9/5/2020,,,0.0,0.0
16385,9/6/2020,,,0.0,0.0
16395,9/7/2020,,,0.0,0.0
16405,9/8/2020,200908.0,181163.0,411.0,375.0
16415,9/9/2020,147795.0,177141.0,297.0,370.0
16425,9/10/2020,104851.0,143615.0,221.0,310.0
16435,9/11/2020,120826.0,145420.0,254.0,315.0
16445,9/12/2020,,,0.0,0.0
16455,9/13/2020,,,0.0,0.0
16465,9/14/2020,132102.0,192577.0,322.0,399.0
16475,9/15/2020,135564.0,106677.0,275.0,239.0
16485,9/16/2020,101242.0,97483.0,215.0,226.0
16495,9/17/2020,112285.0,104299.0,223.0,231.0
16505,9/18/2020,100932.0,87512.0,201.0,203.0
16515,9/19/2020,,,0.0,0.0
16525,9/20/2020,,,0.0,0.0
16535,9/21/2020,138612.0,176095.0,305.0,364.0
16545,9/22/2020,87667.0,99286.0,195.0,221.0
16555,9/23/2020,91111.0,89206.0,183.0,206.0
16565,9/24/2020,92355.0,96185.0,217.0,211.0
16575,9/25/2020,109887.0,79762.0,251.0,184.0
16585,9/26/2020,,,0.0,0.0
16595,9/27/2020,,,0.0,0.0
16605,9/28/2020,129401.0,135758.0,311.0,331.0
16615,9/29/2020,126704.0,135299.0,286.0,285.0
16625,9/30/2020,76798.0,104781.0,183.0,222.0
16635,10/1/2020,95283.0,117808.0,224.0,240.0
16645,10/2/2020,100331.0,108293.0,246.0,212.0
16655,10/3/2020,,,0.0,0.0
16665,10/4/2020,,,0.0,0.0
16675,10/5/2020,137335.0,170458.0,303.0,381.0
16685,10/6/2020,121359.0,98664.0,253.0,231.0
16695,10/7/2020,129454.0,115904.0,284.0,246.0
16705,10/8/2020,138257.0,121834.0,283.0,284.0
16715,10/9/2020,152502.0,140547.0,309.0,317.0
16725,10/10/2020,,,0.0,0.0
16735,10/11/2020,,,0.0,0.0
16745,10/12/2020,222418.0,137426.0,471.0,331.0
16755,10/13/2020,176593.0,139366.0,386.0,308.0
16765,10/14/2020,116068.0,79978.0,249.0,201.0
16775,10/15/2020,127560.0,98002.0,283.0,244.0
16785,10/16/2020,137097.0,108305.0,277.0,267.0
16795,10/17/2020,,,0.0,0.0
16805,10/18/2020,,,0.0,0.0
16815,10/19/2020,173771.0,141975.0,325.0,261.0
16825,10/20/2020,141424.0,120135.0,280.0,216.0
16835,10/21/2020,148362.0,129410.0,268.0,241.0
16845,10/22/2020,138560.0,133508.0,238.0,238.0
16855,10/23/2020,102470.0,151565.0,212.0,263.0
16865,10/24/2020,,,0.0,0.0
16875,10/25/2020,,,0.0,0.0
16885,10/26/2020,186546.0,193108.0,353.0,405.0
16895,10/27/2020,145149.0,149459.0,292.0,331.0
16905,10/28/2020,123140.0,99552.0,265.0,215.0
16915,10/29/2020,176990.0,104393.0,334.0,242.0
16925,10/30/2020,175477.0,117086.0,333.0,240.0
16935,10/31/2020,,,0.0,0.0
16945,11/1/2020,,,0.0,0.0
16955,11/2/2020,161999.0,169935.0,306.0,316.0
16965,11/3/2020,105854.0,134834.0,224.0,271.0
16975,11/4/2020,74693.0,137958.0,160.0,261.0
16985,11/5/2020,102087.0,128759.0,226.0,230.0
16995,11/6/2020,85824.0,99801.0,191.0,207.0
17005,11/7/2020,,,0.0,0.0
17015,11/8/2020,,,0.0,0.0
17025,11/9/2020,143287.0,170710.0,285.0,358.0
17035,11/10/2020,92336.0,132524.0,202.0,293.0
17045,11/11/2020,107358.0,87747.0,241.0,191.0
17055,11/12/2020,93760.0,92223.0,192.0,215.0
17065,11/13/2020,105214.0,104144.0,227.0,213.0
17075,11/14/2020,,,0.0,0.0
17085,11/15/2020,,,0.0,0.0
17095,11/16/2020,151566.0,205714.0,314.0,392.0
17105,11/17/2020,134296.0,134379.0,265.0,292.0
17115,11/18/2020,104494.0,95046.0,224.0,215.0
17125,11/19/2020,107111.0,134096.0,233.0,302.0
17135,11/20/2020,127725.0,108856.0,239.0,253.0
17145,11/21/2020,,,0.0,0.0
17155,11/22/2020,,,0.0,0.0
17165,11/23/2020,173573.0,199063.0,350.0,406.0
17175,11/24/2020,114287.0,135776.0,264.0,319.0
17185,11/25/2020,67896.0,151103.0,166.0,356.0
17195,11/26/2020,,0.0,,
17205,11/27/2020,123102.0,115075.0,212.0,254.0
17215,11/28/2020,,,0.0,0.0
17225,11/29/2020,,,0.0,0.0
17235,11/30/2020,221340.0,280698.0,462.0,583.0
17245,12/1/2020,166161.0,227323.0,341.0,470.0
17255,12/2/2020,221101.0,192205.0,396.0,425.0
17265,12/3/2020,209805.0,196507.0,395.0,433.0
17275,12/4/2020,206629.0,228451.0,408.0,440.0
17285,12/5/2020,,,0.0,0.0
17295,12/6/2020,,,0.0,0.0
17305,12/7/2020,290766.0,275140.0,562.0,574.0
