date,volume,volume_forecast,volume_handled,,,
1/1/2016,1416,,,,,
1/2/2016,561,,,,,
1/3/2016,1098,,,,,
1/4/2016,2180,,,,,
1/5/2016,2386,,,,,
1/6/2016,1960,,,,,
1/7/2016,1684,,,,,
1/8/2016,1860,,,,,
1/9/2016,323,,,,,
1/10/2016,1242,,,,,
1/11/2016,1909,,,,,
1/12/2016,2267,,,,,
1/13/2016,1596,,,,,
1/14/2016,1520,,,,,
1/15/2016,1755,,,,,
1/16/2016,321,,,,,
1/17/2016,923,,,,,
1/18/2016,1079,,,,,
1/19/2016,1980,,,,,
1/20/2016,1775,,,,,
1/21/2016,1421,,,,,
1/22/2016,1374,,,,,
1/23/2016,213,,,,,
1/24/2016,415,,,,,
1/25/2016,1155,,,,,
1/26/2016,1511,,,,,
1/27/2016,1412,,,,,
1/28/2016,1305,,,,,
1/29/2016,1672,,,,,
1/30/2016,218,,,,,
1/31/2016,958,,,,,
2/1/2016,1836,,,,,
2/2/2016,2406,,,,,
2/3/2016,1975,,,,,
2/4/2016,1589,,,,,
2/5/2016,1590,,,,,
2/6/2016,202,,,,,
2/7/2016,847,,,,,
2/8/2016,2026,,,,,
2/9/2016,1665,,,,,
2/10/2016,1323,,,,,
2/11/2016,1522,,,,,
2/12/2016,1508,,,,,
2/13/2016,184,,,,,
2/14/2016,495,,,,,
2/15/2016,1144,,,,,
2/16/2016,1709,,,,,
2/17/2016,1488,,,,,
2/18/2016,1279,,,,,
2/19/2016,1511,,,,,
2/20/2016,242,,,,,
2/21/2016,597,,,,,
2/22/2016,2165,,,,,
2/23/2016,1379,,,,,
2/24/2016,1202,,,,,
2/25/2016,1403,,,,,
2/26/2016,1570,,,,,
2/27/2016,198,,,,,
2/28/2016,498,,,,,
2/29/2016,1902,,,,,
3/1/2016,1758,,,,,
3/2/2016,1525,,,,,
3/3/2016,1463,,,,,
3/4/2016,1598,,,,,
3/5/2016,266,,,,,
3/6/2016,603,,,,,
3/7/2016,2135,,,,,
3/8/2016,1523,,,,,
3/9/2016,1188,,,,,
3/10/2016,1462,,,,,
3/11/2016,1397,,,,,
3/12/2016,187,,,,,
3/13/2016,470,,,,,
3/14/2016,2203,,,,,
3/15/2016,1585,,,,,
3/16/2016,1403,,,,,
3/17/2016,1566,,,,,
3/18/2016,1652,,,,,
3/19/2016,216,,,,,
3/20/2016,511,,,,,
3/21/2016,2102,,,,,
3/22/2016,1396,,,,,
3/23/2016,1256,,,,,
3/24/2016,1476,,,,,
3/25/2016,823,,,,,
3/26/2016,297,,,,,
3/27/2016,398,,,,,
3/28/2016,2387,,,,,
3/29/2016,1532,,,,,
3/30/2016,1472,,,,,
3/31/2016,1697,,,,,
4/1/2016,1813,,,,,
4/2/2016,223,,,,,
4/3/2016,568,,,,,
4/4/2016,2213,,,,,
4/5/2016,1670,,,,,
4/6/2016,1536,,,,,
4/7/2016,1681,,,,,
4/8/2016,2085,,,,,
4/9/2016,224,,,,,
4/10/2016,735,,,,,
4/11/2016,2363,,,,,
4/12/2016,1930,,,,,
4/13/2016,1696,,,,,
4/14/2016,1867,,,,,
4/15/2016,2038,,,,,
4/16/2016,182,,,,,
4/17/2016,655,,,,,
4/18/2016,2376,,,,,
4/19/2016,1557,,,,,
4/20/2016,1378,,,,,
4/21/2016,1367,,,,,
4/22/2016,1398,,,,,
4/23/2016,139,,,,,
4/24/2016,258,,,,,
4/25/2016,1914,,,,,
4/26/2016,1341,,,,,
4/27/2016,1309,,,,,
4/28/2016,1351,,,,,
4/29/2016,1280,,,,,
4/30/2016,170,,,,,
5/1/2016,613,,,,,
5/2/2016,1780,,,,,
5/3/2016,1402,,,,,
5/4/2016,1103,,,,,
5/5/2016,1254,,,,,
5/6/2016,1187,,,,,
5/7/2016,120,,,,,
5/8/2016,375,,,,,
5/9/2016,1473,,,,,
5/10/2016,1228,,,,,
5/11/2016,986,,,,,
5/12/2016,1346,,,,,
5/13/2016,1460,,,,,
5/14/2016,149,,,,,
5/15/2016,567,,,,,
5/16/2016,1748,,,,,
5/17/2016,1157,,,,,
5/18/2016,1141,,,,,
5/19/2016,1418,,,,,
5/20/2016,1321,,,,,
5/21/2016,149,,,,,
5/22/2016,428,,,,,
5/23/2016,1595,,,,,
5/24/2016,1319,,,,,
5/25/2016,1295,,,,,
5/26/2016,1303,,,,,
5/27/2016,1232,,,,,
5/28/2016,103,,,,,
5/29/2016,367,,,,,
5/30/2016,88,,,,,
5/31/2016,1807,,,,,
6/1/2016,1436,,,,,
6/2/2016,1325,,,,,
6/3/2016,1352,,,,,
6/4/2016,119,,,,,
6/5/2016,319,,,,,
6/6/2016,1811,,,,,
6/7/2016,1591,,,,,
6/8/2016,1280,,,,,
6/9/2016,1396,,,,,
6/10/2016,1370,,,,,
6/11/2016,116,,,,,
6/12/2016,370,,,,,
6/13/2016,1671,,,,,
6/14/2016,1202,,,,,
6/15/2016,1267,,,,,
6/16/2016,1271,,,,,
6/17/2016,1376,,,,,
6/18/2016,135,,,,,
6/19/2016,335,,,,,
6/20/2016,1607,,,,,
6/21/2016,1237,,,,,
6/22/2016,1152,,,,,
6/23/2016,1295,,,,,
6/24/2016,1426,,,,,
6/25/2016,144,,,,,
6/26/2016,428,,,,,
6/27/2016,1715,,,,,
6/28/2016,1329,,,,,
6/29/2016,1256,,,,,
6/30/2016,1373,,,,,
7/1/2016,1519,,,,,
7/2/2016,145,,,,,
7/3/2016,314,,,,,
7/4/2016,68,,,,,
7/5/2016,2080,,,,,
7/6/2016,1214,,,,,
7/7/2016,1096,,,,,
7/8/2016,1243,,,,,
7/9/2016,132,,,,,
7/10/2016,673,,,,,
7/11/2016,1505,,,,,
7/12/2016,1690,,,,,
7/13/2016,1515,,,,,
7/14/2016,1672,,,,,
7/15/2016,1651,,,,,
7/16/2016,145,,,,,
7/17/2016,458,,,,,
7/18/2016,2120,,,,,
7/19/2016,1241,,,,,
7/20/2016,1230,,,,,
7/21/2016,1501,,,,,
7/22/2016,1279,,,,,
7/23/2016,166,,,,,
7/24/2016,504,,,,,
7/25/2016,1756,,,,,
7/26/2016,1354,,,,,
7/27/2016,1268,,,,,
7/28/2016,1314,,,,,
7/29/2016,1388,,,,,
7/30/2016,154,,,,,
7/31/2016,411,,,,,
8/1/2016,1925,1566,1114,,,
8/2/2016,1265,1447,1295,,,
8/3/2016,1157,1139,1456,,,
8/4/2016,1355,1253,1408,,,
8/5/2016,1502,1279,1240,,,
8/6/2016,126,,,,,
8/7/2016,419,,,,,
8/8/2016,1870,1564,1108,,,
8/9/2016,1221,1188,1222,,,
8/10/2016,1250,1123,1210,,,
8/11/2016,1366,1271,1453,,,
8/12/2016,1440,1195,1243,,,
8/13/2016,209,,,,,
8/14/2016,461,,,,,
8/15/2016,2075,1640,1184,,,
8/16/2016,1353,1153,1411,,,
8/17/2016,1188,1015,1480,,,
8/18/2016,1540,1170,1547,,,
8/19/2016,1469,1082,1262,,,
8/20/2016,182,,,,,
8/21/2016,627,,,,,
8/22/2016,1705,1763,1482,,,
8/23/2016,1186,1247,1614,,,
8/24/2016,1163,1239,1264,,,
8/25/2016,1363,1435,1521,,,
8/26/2016,1369,1418,1403,,,
8/27/2016,107,,,,,
8/28/2016,472,,,,,
8/29/2016,1806,1866,1477,,,
8/30/2016,1303,1268,1450,,,
8/31/2016,1220,1114,1485,,,
9/1/2016,1539,1410,1484,,,
9/2/2016,1444,1411,1532,,,
9/3/2016,114,171,,,,
9/4/2016,636,347,,,,
9/5/2016,165,86,,,,
9/6/2016,1852,2155,1730,,,
9/7/2016,1235,1289,1409,,,
9/8/2016,1265,1293,1670,,,
9/9/2016,1458,1109,1490,,,
9/10/2016,188,120,,,,
9/11/2016,384,367,,,,
9/12/2016,2341,1762,1836,,,
9/13/2016,1370,1183,1402,,,
9/14/2016,1195,1170,1438,,,
9/15/2016,1451,1395,1408,,,
9/16/2016,1475,1318,1625,,,
9/17/2016,119,125,,,,
9/18/2016,480,377,,,,
9/19/2016,1742,1778,,,,
9/20/2016,1308,1230,,,,
9/21/2016,1204,1151,,,,
9/22/2016,1243,1348,,,,
9/23/2016,1222,1354,,,,
9/24/2016,114,134,,,,
9/25/2016,495,370,,,,
9/26/2016,1673,1889,,,,
9/27/2016,1143,1319,,,,
9/28/2016,1084,1163,,,,
9/29/2016,1304,1389,,,,
9/30/2016,1317,1418,,,,
10/1/2016,361,118,6,,,
10/2/2016,345,395,41,,,
10/3/2016,1735,1755,1689,,,
10/4/2016,1150,1244,1333,,,
10/5/2016,1205,1130,1371,,,
10/6/2016,1317,1262,1313,,,
10/7/2016,1281,1286,1576,,,
10/8/2016,113,112,6,,,
10/9/2016,287,446,78,,,
10/10/2016,1542,1704,1631,,,
10/11/2016,1244,1219,1118,,,
10/12/2016,1020,1099,1261,,,
10/13/2016,1093,1290,1387,,,
10/14/2016,1268,1320,1223,,,
10/15/2016,281,314,2,,,
10/16/2016,347,360,78,,,
10/17/2016,1752,1767,1423,,,
10/18/2016,1105,1174,1660,,,
10/19/2016,1187,1165,1607,,,
10/20/2016,1242,1294,1308,,,
10/21/2016,1229,1290,1317,,,
10/22/2016,129,143,13,,,
10/23/2016,518,328,380,,,
10/24/2016,1461,1737,1317,,,
10/25/2016,1224,1232,1232,,,
10/26/2016,1061,1065,1132,,,
10/27/2016,1189,1172,1343,,,
10/28/2016,1239,1281,1378,,,
10/29/2016,73,233,8,,,
10/30/2016,593,0,474,,,
10/31/2016,1444,1747,1441,,,
11/1/2016,1333,1161,1198,,,
11/2/2016,1116,1143,1089,,,
11/3/2016,1243,1239,1264,,,
11/4/2016,1208,1260,1487,,,
11/5/2016,147,165,9,,,
11/6/2016,408,450,403,,,
11/7/2016,1624,1547,1561,,,
11/8/2016,1011,1202,1156,,,
11/9/2016,1099,1086,1184,,,
11/10/2016,1499,1204,1498,,,
11/11/2016,1109,1246,1154,,,
11/12/2016,133,137,4,,,
11/13/2016,471,494,236,,,
11/14/2016,1493,1525,1665,,,
11/15/2016,1393,1249,1371,,,
11/16/2016,1260,1107,1390,,,
11/17/2016,1483,1226,1497,,,
11/18/2016,1623,1231,1607,,,
11/19/2016,114,169,8,,,
11/20/2016,349,416,330,,,
11/21/2016,1850,1576,1677,,,
11/22/2016,1269,1112,1490,,,
11/23/2016,1254,1081,1303,,,
11/24/2016,63,150,1,,,
11/25/2016,1334,943,1325,,,
11/26/2016,74,142,1,,,
11/27/2016,332,578,291,,,
11/28/2016,1633,1715,1638,,,
11/29/2016,1321,1504,1425,,,
11/30/2016,1224,1371,1304,,,
12/1/2016,1751,1635,1779,,,
12/2/2016,1718,1688,1724,,,
12/3/2016,89,136,5,,,
12/4/2016,488,537,353,,,
12/5/2016,1959,1728,1777,,,
12/6/2016,1703,1402,1792,,,
12/7/2016,1701,1315,1836,,,
12/8/2016,1584,1592,1652,,,
12/9/2016,1710,1475,1687,,,
12/10/2016,177,144,12,,,
12/11/2016,457,474,472,,,
12/12/2016,2213,2035,1890,,,
12/13/2016,1524,1542,1647,,,
12/14/2016,1563,1492,1745,,,
12/15/2016,1719,1477,1721,,,
12/16/2016,1785,1770,2015,,,
12/17/2016,122,127,7,,,
12/18/2016,615,0,495,,,
12/19/2016,2392,2012,2168,,,
12/20/2016,1715,1746,2117,,,
12/21/2016,1630,1704,1659,,,
12/22/2016,1514,1729,1571,,,
12/23/2016,1864,1834,1876,,,
12/24/2016,39,170,0,,,
12/25/2016,35,451,0,,,
12/26/2016,217,99,3,,,
12/27/2016,2519,2118,2285,,,
12/28/2016,1894,1542,2303,,,
12/29/2016,1731,1566,1944,,,
12/30/2016,1570,1726,1710,,,
12/31/2016,91,128,4,,,
1/1/2017,1187,0,85,,,
1/2/2017,1576,592,1897,,,
1/3/2017,2643,2656,3044,,,
1/4/2017,2012,1720,2078,,,
1/5/2017,2328,1812,2445,,,
1/6/2017,2122,1874,2000,,,
1/7/2017,448,142,39,,,
1/8/2017,838,0,1311,,,
1/9/2017,2707,2165,2418,,,
1/10/2017,2096,1538,1909,,,
1/11/2017,1750,1524,2015,,,
1/12/2017,1929,1510,1948,,,
1/13/2017,1721,1727,1910,,,
1/14/2017,219,74,25,,,
1/15/2017,657,676,321,,,
1/16/2017,1663,1452,1658,,,
1/17/2017,2011,2288,1875,,,
1/18/2017,1518,1853,2310,,,
1/19/2017,1471,1838,1538,,,
1/20/2017,1673,1870,1669,,,
1/21/2017,194,226,21,,,
1/22/2017,648,0,511,,,
1/23/2017,2343,2220,1977,,,
1/24/2017,1483,1719,1752,,,
1/25/2017,1564,1436,1724,,,
1/26/2017,1490,1582,1623,,,
1/27/2017,1730,1411,1531,,,
1/28/2017,164,179,20,,,
1/29/2017,651,854,718,,,
1/30/2017,2109,2763,1803,,,
1/31/2017,1526,2136,1731,,,
2/1/2017,1742,1801,1812,,,
2/2/2017,1644,1984,1794,,,
2/3/2017,1644,1771,1709,,,
2/4/2017,193,225,25,,,
2/5/2017,592,735,605,,,
2/6/2017,2366,2358,1891,,,
2/7/2017,1697,1902,1694,,,
2/8/2017,1478,1663,1664,,,
2/9/2017,1738,1668,2157,,,
2/10/2017,1675,1767,1747,,,
2/11/2017,198,187,22,,,
2/12/2017,601,650,703,,,
2/13/2017,1967,2246,1601,,,
2/14/2017,1680,1516,1740,,,
2/15/2017,1597,1663,1624,,,
2/16/2017,1665,1571,1898,,,
2/17/2017,1440,1695,1429,,,
2/18/2017,142,180,14,,,
2/19/2017,453,180,390,,,
2/20/2017,1383,1678,1650,,,
2/21/2017,1835,1928,1775,,,
2/22/2017,1342,1455,1494,,,
2/23/2017,1325,1411,1388,,,
2/24/2017,1593,1603,127,,,
2/25/2017,203,186,16,,,
2/26/2017,627,616,614,,,
2/27/2017,2176,2155,1899,,,
2/28/2017,1570,1638,1665,,,
3/1/2017,1611,1601,123,,,
3/2/2017,1856,1675,1866,,,
3/3/2017,1674,1608,1881,,,
3/4/2017,178,174,25,,,
3/5/2017,707,546,602,,,
3/6/2017,1974,1900,2035,,,
3/7/2017,1394,1733,1608,,,
3/8/2017,1405,1466,1495,,,
3/9/2017,1589,1571,1780,,,
3/10/2017,1636,1632,1493,,,
3/11/2017,134,169,15,,,
3/12/2017,554,608,559,,,
3/13/2017,2012,2063,1774,,,
3/14/2017,1240,1621,1334,,,
3/15/2017,1477,1655,1505,,,
3/16/2017,1557,1760,1655,,,
3/17/2017,1710,1592,1529,,,
3/18/2017,131,160,16,,,
3/19/2017,449,689,646,,,
3/20/2017,2340,2127,1928,,,
3/21/2017,1538,1516,1871,,,
3/22/2017,1337,1613,1595,,,
3/23/2017,1487,1765,1807,,,
3/24/2017,1375,1704,1359,,,
3/25/2017,141,166,14,,,
3/26/2017,561,628,472,,,
3/27/2017,1733,2052,1760,,,
3/28/2017,1591,1399,4667,,,
3/29/2017,1423,1559,1387,,,
3/30/2017,1564,1668,1619,,,
3/31/2017,1522,1784,1441,,,
4/1/2017,310,146,29,,,
4/2/2017,672,571,667,,,
4/3/2017,2087,2227,1997,,,
4/4/2017,1472,1683,1597,,,
4/5/2017,1602,1569,1952,,,
4/6/2017,1582,1726,1627,,,
4/7/2017,1675,1669,1713,,,
4/8/2017,223,137,22,,,
4/9/2017,605,569,631,,,
4/10/2017,2078,2222,1993,,,
4/11/2017,1774,1592,1821,,,
4/12/2017,1534,1571,1809,,,
4/13/2017,1861,1683,1819,,,
4/14/2017,1055,1007,1041,,,
4/15/2017,328,212,25,,,
4/16/2017,289,558,20,,,
4/17/2017,2701,2044,2612,,,
4/18/2017,1605,1535,1880,,,
4/19/2017,1290,1447,1732,,,
4/20/2017,1356,1538,1450,,,
4/21/2017,1424,1518,1415,,,
4/22/2017,96,224,14,,,
4/23/2017,457,549,33,,,
4/24/2017,1533,1698,1624,,,
4/25/2017,1353,1397,1222,,,
4/26/2017,1195,1313,1375,,,
4/27/2017,1597,1448,1689,,,
4/28/2017,1293,1233,1402,,,
4/29/2017,114,251,15,,,
4/30/2017,253,533,25,,,
5/1/2017,2040,1859,1935,,,
5/2/2017,1200,1274,1632,,,
5/3/2017,1142,1403,1383,,,
5/4/2017,1164,1497,1260,,,
5/5/2017,1279,1608,1310,,,
5/6/2017,89,135,16,,,
5/7/2017,412,352,51,,,
5/8/2017,1700,1717,1708,,,
5/9/2017,1174,1411,1418,,,
5/10/2017,1225,1185,1320,,,
5/11/2017,1275,1426,1386,,,
5/12/2017,1221,1307,1176,,,
5/13/2017,96,103,19,,,
5/14/2017,340,318,42,,,
5/15/2017,1704,1859,1621,,,
5/16/2017,1341,1338,1577,,,
5/17/2017,1178,1221,1192,,,
5/18/2017,1265,1300,1407,,,
5/19/2017,1291,1387,1395,,,
5/20/2017,136,111,30,,,
5/21/2017,299,337,38,,,
5/22/2017,1889,1782,1612,,,
5/23/2017,1148,1312,1414,,,
5/24/2017,998,1274,1126,,,
5/25/2017,1402,1266,1547,,,
5/26/2017,1132,1324,1274,,,
5/27/2017,51,99,7,,,
5/28/2017,327,372,40,,,
5/29/2017,52,340,8,,,
5/30/2017,1898,1702,1777,,,
5/31/2017,1040,1254,1373,,,
6/1/2017,1250,1374,1385,,,
6/2/2017,1309,1224,1332,,,
6/3/2017,87,111,10,,,
6/4/2017,338,359,30,,,
6/5/2017,1507,1674,1518,,,
6/6/2017,1292,1259,1327,,,
6/7/2017,1149,1121,1504,,,
6/8/2017,1239,1414,1269,,,
6/9/2017,1326,1221,1240,,,
6/10/2017,124,112,17,,,
6/11/2017,400,301,36,,,
6/12/2017,1515,1637,1479,,,
6/13/2017,1085,1144,1445,,,
6/14/2017,918,1013,1169,,,
6/15/2017,1190,1312,1217,,,
6/16/2017,1168,1101,1145,,,
6/17/2017,130,122,16,,,
6/18/2017,345,334,31,,,
6/19/2017,1455,1699,1366,,,
6/20/2017,1203,1267,1196,,,
6/21/2017,1095,1124,1223,,,
6/22/2017,1268,1325,1345,,,
6/23/2017,1309,1250,1402,,,
6/24/2017,116,130,13,,,
6/25/2017,344,401,31,,,
6/26/2017,1677,1662,1634,,,
6/27/2017,1127,1326,1309,,,
6/28/2017,1092,1154,1122,,,
6/29/2017,1221,1335,1337,,,
6/30/2017,1333,1373,1490,,,
7/1/2017,183,138,16,,,
7/2/2017,371,355,30,,,
7/3/2017,1526,1574,1755,,,
7/4/2017,67,0,6,,,
7/5/2017,1367,1332,1482,,,
7/6/2017,1246,1287,1503,,,
7/7/2017,1269,1325,1221,,,
7/8/2017,111,123,12,,,
7/9/2017,446,358,36,,,
7/10/2017,1755,1710,1802,,,
7/11/2017,1590,1268,1510,,,
7/12/2017,1123,1136,1469,,,
7/13/2017,1337,1339,1434,,,
7/14/2017,1408,1383,1474,,,
7/15/2017,158,145,18,,,
7/16/2017,395,394,32,,,
7/17/2017,1701,1639,1884,,,
7/18/2017,1335,1222,1377,,,
7/19/2017,1297,1139,1428,,,
7/20/2017,1339,1294,1529,,,
7/21/2017,1303,1376,1329,,,
7/22/2017,124,157,14,,,
7/23/2017,392,393,33,,,
7/24/2017,1798,1713,1768,,,
7/25/2017,1210,1254,1374,,,
7/26/2017,1153,1127,1426,,,
7/27/2017,1223,1291,1286,,,
7/28/2017,1281,1365,1294,,,
7/29/2017,95,157,14,,,
7/30/2017,450,396,36,,,
7/31/2017,1707,1741,1844,,,
8/1/2017,1290,1368,1325,,,
8/2/2017,1189,1249,1415,,,
8/3/2017,1345,1325,1393,,,
8/4/2017,1349,1345,1338,,,
8/5/2017,118,128,11,,,
8/6/2017,389,381,28,,,
8/7/2017,1640,1787,1588,,,
8/8/2017,1267,1278,1421,,,
8/9/2017,1183,1235,1341,,,
8/10/2017,1325,1352,1494,,,
8/11/2017,1353,1357,1378,,,
8/12/2017,120,138,9,,,
8/13/2017,366,407,27,,,
8/14/2017,1766,1805,1756,,,
8/15/2017,1271,1318,1362,,,
8/16/2017,1147,1216,1418,,,
8/17/2017,1279,1364,1350,,,
8/18/2017,1333,1344,1348,,,
8/19/2017,76,131,8,,,
8/20/2017,354,414,26,,,
8/21/2017,1495,1710,1719,,,
8/22/2017,1273,1270,1397,,,
8/23/2017,1192,1195,1241,,,
8/24/2017,1171,1343,1246,,,
8/25/2017,1237,1352,1242,,,
8/26/2017,54,113,5,,,
8/27/2017,378,373,28,,,
8/28/2017,1758,1701,1703,,,
8/29/2017,1148,1269,1484,,,
8/30/2017,1050,1166,1138,,,
8/31/2017,1310,1302,1353,,,
9/1/2017,1375,1347,1309,,,
9/2/2017,66,98,8,,,
9/3/2017,278,334,21,,,
9/4/2017,68,124,10,,,
9/5/2017,1922,1728,1734,,,
9/6/2017,1106,1040,1613,,,
9/7/2017,1126,1243,1238,,,
9/8/2017,1261,1314,1289,,,
9/9/2017,69,89,5,,,
9/10/2017,462,367,35,,,
9/11/2017,1544,1675,1708,,,
9/12/2017,1134,1231,1216,,,
9/13/2017,1088,1134,1213,,,
9/14/2017,1100,1255,1120,,,
9/15/2017,1372,1319,1222,,,
9/16/2017,92,64,8,,,
9/17/2017,326,367,24,,,
9/18/2017,1786,1675,1726,,,
9/19/2017,1213,1231,1504,,,
9/20/2017,1249,1134,1473,,,
9/21/2017,1216,1255,1256,,,
9/22/2017,1313,1319,1299,,,
9/23/2017,99,64,9,,,
9/24/2017,376,428,28,,,
9/25/2017,1889,1653,1792,,,
9/26/2017,1188,1139,1690,,,
9/27/2017,1048,1071,1094,,,
9/28/2017,1316,1206,1322,,,
9/29/2017,1272,1373,1311,,,
9/30/2017,79,78,6,,,
10/1/2017,469,422,52,,,
10/2/2017,1809,1668,1627,,,
10/3/2017,1341,1177,1555,,,
10/4/2017,1210,1172,1512,,,
10/5/2017,1245,1161,1306,,,
10/6/2017,1382,1347,1354,,,
10/7/2017,93,96,7,,,
10/8/2017,406,415,31,,,
10/9/2017,1703,1781,1627,,,
10/10/2017,1398,1182,1521,,,
10/11/2017,1162,1113,1576,,,
10/12/2017,1152,1241,1202,,,
10/13/2017,1438,1311,1423,,,
10/14/2017,104,85,13,,,
10/15/2017,355,422,27,,,
10/16/2017,1823,1823,1693,,,
10/17/2017,1519,1288,1666,,,
10/18/2017,1444,1181,1536,,,
10/19/2017,1242,1259,1537,,,
10/20/2017,1615,1346,1491,,,
10/21/2017,113,92,9,,,
10/22/2017,349,388,30,,,
10/23/2017,1809,1796,1780,,,
10/24/2017,1254,1461,1696,,,
10/25/2017,1340,1340,1479,,,
10/26/2017,1283,1386,1301,,,
10/27/2017,1345,1556,1379,,,
10/28/2017,155,96,15,,,
10/29/2017,414,404,265,,,
10/30/2017,1618,1848,1702,,,
10/31/2017,1288,1528,1359,,,
11/1/2017,1494,1330,1488,,,
11/2/2017,1358,1215,1414,,,
11/3/2017,1541,1521,1504,,,
11/4/2017,99,109,12,,,
11/5/2017,522,361,245,,,
11/6/2017,1886,1778,1974,,,
11/7/2017,1530,1433,1727,,,
11/8/2017,1307,1425,1458,,,
11/9/2017,1415,1347,1453,,,
11/10/2017,1551,1516,1562,,,
11/11/2017,75,136,5,,,
11/12/2017,524,501,223,,,
11/13/2017,1677,1880,1878,,,
11/14/2017,1448,1520,1536,,,
11/15/2017,1398,1464,1457,,,
11/16/2017,1315,1436,1317,,,
11/17/2017,1596,1630,1569,,,
11/18/2017,121,163,10,,,
11/19/2017,511,482,229,,,
11/20/2017,2180,1940,2407,,,
11/21/2017,1741,1454,1837,,,
11/22/2017,1605,1333,1608,,,
11/23/2017,72,81,6,,,
11/24/2017,1504,1597,1567,,,
11/25/2017,115,90,9,,,
11/26/2017,350,511,158,,,
11/27/2017,1633,2123,1841,,,
11/28/2017,1605,1661,1458,,,
11/29/2017,1491,1491,1480,,,
11/30/2017,1481,1757,1363,,,
12/1/2017,1688,1908,1495,,,
12/2/2017,167,106,16,,,
12/3/2017,429,521,201,,,
12/4/2017,2309,2170,2939,,,
12/5/2017,1849,1816,1738,,,
12/6/2017,1518,1822,1729,,,
12/7/2017,1955,1687,1865,,,
12/8/2017,1778,1889,1771,,,
12/9/2017,117,176,11,,,
12/10/2017,512,476,273,,,
12/11/2017,2264,2285,2419,,,
12/12/2017,1948,1829,1969,,,
12/13/2017,1698,1596,1914,,,
12/14/2017,1783,1925,1780,,,
12/15/2017,2056,2008,1953,,,
12/16/2017,130,164,15,,,
12/17/2017,482,523,435,,,
12/18/2017,2884,2355,2748,,,
12/19/2017,1967,1922,2160,,,
12/20/2017,2124,1720,2155,,,
12/21/2017,1941,1862,2082,,,
12/22/2017,2265,1967,2429,,,
12/23/2017,108,87,18,,,
12/24/2017,372,220,34,,,
12/25/2017,44,240,6,,,
12/26/2017,3054,2873,3100,,,
12/27/2017,2365,2049,2603,,,
12/28/2017,2023,2011,2127,,,
12/29/2017,1938,1889,2123,,,
12/30/2017,82,223,11,,,
12/31/2017,328,723,20,,,
1/1/2018,1803,2218,1921,,,
1/2/2018,2501,2583,2502,,,
1/3/2018,1901,1982,1989,,,
1/4/2018,2308,2100,2306,,,
1/5/2018,2189,2124,2169,,,
1/6/2018,408,330,28,,,
1/7/2018,823,708,915,,,
1/8/2018,2856,2627,2783,,,
1/9/2018,2469,2075,2820,,,
1/10/2018,2477,1863,2208,,,
1/11/2018,1961,1915,2209,,,
1/12/2018,2077,1910,2226,,,
1/13/2018,269,287,21,,,
1/14/2018,821,669,647,,,
1/15/2018,1466,1779,1505,,,
1/16/2018,2382,2209,2025,,,
1/17/2018,1796,1593,2296,,,
1/18/2018,1584,1658,1775,,,
1/19/2018,1725,1886,1752,,,
1/20/2018,147,350,146,,,
1/21/2018,715,822,301,,,
1/22/2018,2223,2382,2029,,,
1/23/2018,2320,1922,1927,,,
1/24/2018,1684,1742,1619,,,
1/25/2018,1708,1785,2707,,,
1/26/2018,1956,1928,2074,,,
1/27/2018,168,346,10,,,
1/28/2018,827,587,601,,,
1/29/2018,2404,2385,1973,,,
1/30/2018,1746,2087,2109,,,
1/31/2018,1489,1988,1880,,,
2/1/2018,2011,1898,1725,,,
2/2/2018,1837,1497,1545,,,
2/3/2018,166,149,17,,,
2/4/2018,598,828,564,,,
2/5/2018,2080,2420,1628,,,
2/6/2018,2014,1885,1681,,,
2/7/2018,1958,1729,1777,,,
2/8/2018,1813,1781,2047,,,
2/9/2018,1838,1622,1565,,,
2/10/2018,241,166,29,,,
2/11/2018,647,766,607,,,
2/12/2018,2292,2305,1830,,,
2/13/2018,1681,1933,1730,,,
2/14/2018,1360,1567,1530,,,
2/15/2018,1546,1869,1502,,,
2/16/2018,1788,1745,1650,,,
2/17/2018,157,152,2,,,
2/18/2018,489,608,427,,,
2/19/2018,1191,1901,1228,,,
2/20/2018,1978,1861,1770,,,
2/21/2018,1728,1418,1643,,,
2/22/2018,1535,1511,1389,,,
2/23/2018,1760,1715,1522,,,
2/24/2018,94,182,3,,,
2/25/2018,529,498,369,,,
2/26/2018,2178,1960,1914,,,
2/27/2018,1635,1654,1568,,,
2/28/2018,1569,1459,1509,,,
3/1/2018,1956,1576,1574,,,
3/2/2018,1740,1716,1600,,,
3/3/2018,111,166,3,,,
3/4/2018,593,597,591,,,
3/5/2018,2129,1996,1804,,,
3/6/2018,1673,1644,1919,,,
3/7/2018,1393,1622,1713,,,
3/8/2018,1548,1787,1521,,,
3/9/2018,1494,1745,1542,,,
3/10/2018,155,127,1,,,
3/11/2018,815,543,611,,,
3/12/2018,2056,2027,2016,,,
3/13/2018,1713,1723,1762,,,
3/14/2018,1434,1506,1786,,,
3/15/2018,1700,1603,1681,,,
3/16/2018,1542,1593,1571,,,
3/17/2018,115,106,2,,,
3/18/2018,764,565,539,,,
3/19/2018,1979,1949,2013,,,
3/20/2018,1764,1728,1812,,,
3/21/2018,1116,1495,1316,,,
3/22/2018,1444,1627,1488,,,
3/23/2018,1572,1597,1579,,,
3/24/2018,81,133,1,,,
3/25/2018,787,698,551,,,
3/26/2018,2200,2099,1979,,,
3/27/2018,1999,1687,2042,,,
3/28/2018,1414,1442,1815,,,
3/29/2018,1657,1694,1648,,,
3/30/2018,1294,1057,1276,,,
3/31/2018,93,188,8,,,
4/1/2018,585,425,0,,,
4/2/2018,2438,2194,2336,,,
4/3/2018,1802,1848,2184,,,
4/4/2018,1533,1440,1976,,,
4/5/2018,1484,1615,1465,,,
4/6/2018,1710,1683,1774,,,
4/7/2018,156,181,4,,,
4/8/2018,642,788,,,,
4/9/2018,2579,2389,2262,,,
4/10/2018,2344,1888,2557,,,
4/11/2018,1664,1678,2034,,,
4/12/2018,1737,1761,1694,,,
4/13/2018,1722,1791,1749,,,
4/14/2018,135,112,0,,,
4/15/2018,710,837,685,,,
4/16/2018,2541,2738,2569,,,
4/17/2018,1798,2028,1933,,,
4/18/2018,1333,1655,1382,,,
4/19/2018,1291,1633,1277,,,
4/20/2018,1591,1633,1604,,,
4/21/2018,132,135,4,,,
4/22/2018,540,573,257,,,
4/23/2018,1664,1827,1808,,,
4/24/2018,1390,1646,1629,,,
4/25/2018,1269,1484,1289,,,
4/26/2018,1373,1528,1404,,,
4/27/2018,1388,1526,1395,,,
4/28/2018,114,128,13,,,
4/29/2018,399,440,0,,,
4/30/2018,1739,1613,1703,,,
5/1/2018,1409,1494,1595,,,
5/2/2018,1207,1340,1498,,,
5/3/2018,1332,1423,1337,,,
5/4/2018,1273,1495,1346,,,
5/5/2018,105,130,0,,,
5/6/2018,329,515,0,,,
5/7/2018,1681,1675,1769,,,
5/8/2018,1277,1434,1574,,,
5/9/2018,1053,1302,1115,,,
5/10/2018,1487,1383,1456,,,
5/11/2018,1237,1535,1219,,,
5/12/2018,84,132,2,,,
5/13/2018,384,465,0,,,
5/14/2018,1427,1700,1704,,,
5/15/2018,1579,1402,1695,,,
5/16/2018,1293,1131,1369,,,
5/17/2018,1246,1257,1254,,,
5/18/2018,1354,1231,1317,,,
5/19/2018,76,75,1,,,
5/20/2018,230,340,0,,,
5/21/2018,1779,1573,1609,,,
5/22/2018,1246,1277,1616,,,
5/23/2018,1193,1078,1379,,,
5/24/2018,1281,1464,1279,,,
5/25/2018,1276,1239,1244,,,
5/26/2018,72,75,2,,,
5/27/2018,446,310,0,,,
5/28/2018,83,55,5,,,
5/29/2018,1801,1789,1834,,,
5/30/2018,1052,1073,1589,,,
5/31/2018,1096,1209,1115,,,
6/1/2018,1505,1337,1492,,,
6/2/2018,100,84,1,,,
6/3/2018,398,307,0,,,
6/4/2018,1618,1603,1750,,,
6/5/2018,1398,1412,1538,,,
6/6/2018,1241,1243,1418,,,
6/7/2018,1293,1264,1293,,,
6/8/2018,1271,1315,1324,,,
6/9/2018,76,74,1,,,
6/10/2018,398,304,0,,,
6/11/2018,1608,1602,1586,,,
6/12/2018,1325,1408,1712,,,
6/13/2018,1211,1247,1298,,,
6/14/2018,1263,1262,1264,,,
6/15/2018,1566,1316,1256,,,
6/16/2018,107,74,0,,,
6/17/2018,331,398,1,,,
6/18/2018,1541,1618,1543,,,
6/19/2018,1165,1398,1306,,,
6/20/2018,1143,1241,1349,,,
6/21/2018,1252,1293,1270,,,
6/22/2018,1343,1271,1724,,,
6/23/2018,102,76,0,,,
6/24/2018,402,395,0,,,
6/25/2018,1661,1613,1634,,,
6/26/2018,1232,1358,1364,,,
6/27/2018,1135,1223,1461,,,
6/28/2018,1061,1281,1191,,,
6/29/2018,1192,1418,1220,,,
6/30/2018,96,92,0,,,
7/1/2018,395,361,0,,,
7/2/2018,1959,1574,1929,,,
7/3/2018,1184,1245,1653,,,
7/4/2018,36,104,5,,,
7/5/2018,1658,1358,1647,,,
7/6/2018,1213,1402,1240,,,
7/7/2018,94,105,0,,,
7/8/2018,298,383,0,,,
7/9/2018,1605,1647,1545,,,
7/10/2018,1496,1278,1423,,,
7/11/2018,1235,1169,1702,,,
7/12/2018,1121,1259,1177,,,
7/13/2018,1349,1294,1241,,,
7/14/2018,101,99,0,,,
7/15/2018,309,395,0,,,
7/16/2018,1584,1710,1522,,,
7/17/2018,1396,1303,1745,,,
7/18/2018,1176,1150,1427,,,
7/19/2018,1408,1358,1345,,,
7/20/2018,1192,1201,1271,,,
7/21/2018,299,205,0,,,
7/22/2018,393,343,0,,,
7/23/2018,1724,1780,1886,,,
7/24/2018,1360,1339,1679,,,
7/25/2018,1173,1235,1407,,,
7/26/2018,1472,1392,1404,,,
7/27/2018,1284,1280,1312,,,
7/28/2018,86,97,0,,,
7/29/2018,379,353,0,,,
7/30/2018,1685,1657,1747,,,
7/31/2018,1371,1429,1604,,,
8/1/2018,1350,1202,1527,,,
8/2/2018,1539,1298,1505,,,
8/3/2018,1315,1370,1346,,,
8/4/2018,85,201,0,,,
8/5/2018,301,380,0,,,
8/6/2018,1663,1702,1625,,,
8/7/2018,1297,1364,1573,,,
8/8/2018,1257,1325,1342,,,
8/9/2018,1269,1495,1335,,,
8/10/2018,1284,1370,1232,,,
8/11/2018,49,121,0,,,
8/12/2018,320,382,0,,,
8/13/2018,2026,1762,1623,,,
8/14/2018,1381,1370,1575,,,
8/15/2018,1362,1322,1672,,,
8/16/2018,1411,1527,1437,,,
8/17/2018,1163,1312,1196,,,
8/18/2018,91,85,0,,,
8/19/2018,546,313,0,,,
8/20/2018,1699,1695,1679,,,
8/21/2018,1394,1315,1453,,,
8/22/2018,1223,1273,1562,,,
8/23/2018,1342,1313,1442,,,
8/24/2018,1212,1290,1340,,,
8/25/2018,146,55,0,,,
8/26/2018,370,316,0,,,
8/27/2018,1799,1969,1546,,,
8/28/2018,1212,1365,1648,,,
8/29/2018,1287,1342,1343,,,
8/30/2018,1421,1391,1294,,,
8/31/2018,1358,1184,1585,,,
9/1/2018,98,80,13,,,
9/2/2018,518,328,0,,,
9/3/2018,77,83,0,,,
9/4/2018,1883,1989,2036,,,
9/5/2018,1217,1230,1403,,,
9/6/2018,1210,1295,1512,,,
9/7/2018,1321,1225,1463,,,
9/8/2018,99,137,1,,,
9/9/2018,465,411,0,,,
9/10/2018,1908,1842,1675,,,
9/11/2018,1194,1330,1513,,,
9/12/2018,1235,1292,1367,,,
9/13/2018,1252,1361,1321,,,
9/14/2018,1340,1188,1497,,,
9/15/2018,135,116,0,,,
9/16/2018,402,440,0,,,
9/17/2018,1930,1868,1835,,,
9/18/2018,1148,1238,1295,,,
9/19/2018,1249,1251,1435,,,
9/20/2018,1280,1214,1286,,,
9/21/2018,1317,1339,1387,,,
9/22/2018,60,99,4,,,
9/23/2018,371,465,0,,,
9/24/2018,2003,1908,1979,,,
9/25/2018,1223,1194,1235,,,
9/26/2018,1287,1235,1532,,,
9/27/2018,1204,1252,1480,,,
9/28/2018,1423,1340,1630,,,
9/29/2018,50,135,2,,,
9/30/2018,359,390,0,,,
10/1/2018,1784,1966,1908,,,
10/2/2018,1310,1287,1181,,,
10/3/2018,1219,1241,1280,,,
10/4/2018,1160,1261,1421,,,
10/5/2018,1262,1327,1199,,,
10/6/2018,96,97,3,,,
10/7/2018,462,377,0,,,
10/8/2018,1536,1839,1582,,,
10/9/2018,1321,1188,1476,,,
10/10/2018,1237,1299,1500,,,
10/11/2018,1234,1257,1362,,,
10/12/2018,1502,1438,1353,,,
10/13/2018,70,52,5,,,
10/14/2018,484,391,0,,,
10/15/2018,1715,1841,1543,,,
10/16/2018,1336,1381,1537,,,
10/17/2018,1085,1310,1548,,,
10/18/2018,1363,1246,1327,,,
10/19/2018,1286,1372,1725,,,
10/20/2018,106,95,1,,,
10/21/2018,532,477,16,,,
10/22/2018,1660,1842,1640,,,
10/23/2018,1299,1347,1298,,,
10/24/2018,1319,1245,1504,,,
10/25/2018,1176,1296,1480,,,
10/26/2018,1442,1439,1483,,,
10/27/2018,59,72,12,,,
10/28/2018,527,412,57,,,
10/29/2018,1605,1669,1668,,,
10/30/2018,1164,1276,1385,,,
10/31/2018,1219,1260,1564,,,
11/1/2018,1513,1243,1402,,,
11/2/2018,1194,1405,1137,,,
11/3/2018,63,79,7,,,
11/4/2018,73,224,9,,,
11/5/2018,2056,2034,1886,,,
11/6/2018,1204,1385,1318,,,
11/7/2018,1239,1319,1404,,,
11/8/2018,1320,1381,1377,,,
11/9/2018,1363,1463,1463,,,
11/10/2018,90,66,0,,,
11/11/2018,46,90,0,,,
11/12/2018,1727,2026,1671,,,
11/13/2018,1358,1384,1392,,,
11/14/2018,1263,1283,1295,,,
11/15/2018,1539,1447,1601,,,
11/16/2018,1551,1487,1590,,,
11/17/2018,108,66,0,,,
11/18/2018,49,75,0,,,
11/19/2018,2124,2274,2120,,,
11/20/2018,1471,1685,1570,,,
11/21/2018,1439,1535,1519,,,
11/22/2018,46,75,4,,,
11/23/2018,1421,1488,1476,,,
11/24/2018,80,103,0,,,
11/25/2018,89,48,0,,,
11/26/2018,1876,2057,1916,,,
11/27/2018,1296,1544,1411,,,
11/28/2018,1245,1360,1248,,,
11/29/2018,1473,1423,1413,,,
11/30/2018,1333,1503,1363,,,
12/1/2018,152,104,0,,,
12/2/2018,56,49,0,,,
12/3/2018,2400,2386,2256,,,
12/4/2018,1790,1761,1890,,,
12/5/2018,1416,1503,1477,,,
12/6/2018,1396,1684,1495,,,
12/7/2018,1608,1729,1689,,,
12/8/2018,74,84,0,,,
12/9/2018,58,85,3,,,
12/10/2018,2421,2296,2450,,,
12/11/2018,1954,1877,1926,,,
12/12/2018,1471,1688,1473,,,
12/13/2018,1557,1749,1534,,,
12/14/2018,1770,1922,1525,,,
12/15/2018,174,146,262,,,
12/16/2018,630,389,497,,,
12/17/2018,2381,2390,2666,,,
12/18/2018,1943,1844,2006,,,
12/19/2018,1677,1801,1728,,,
12/20/2018,1632,1865,1629,,,
12/21/2018,1975,2012,1963,,,
12/22/2018,77,81,19,,,
12/23/2018,452,557,506,,,
12/24/2018,2082,2187,2033,,,
12/25/2018,143,40,3,,,
12/26/2018,1998,2755,2202,,,
12/27/2018,1657,1847,1838,,,
12/28/2018,1491,1884,1550,,,
12/29/2018,69,74,1,,,
12/30/2018,482,361,505,,,
12/31/2018,2093,2213,2171,,,
1/1/2019,1014,1688,966,,,
1/2/2019,2012,2007,1988,,,
1/3/2019,1667,1826,1620,,,
1/4/2019,2290,1991,2220,,,
1/5/2019,511,279,2,,,
1/6/2019,833,527,437,,,
1/7/2019,2876,2297,2870,,,
1/8/2019,2123,2190,2098,,,
1/9/2019,2207,2092,2356,,,
1/10/2019,2091,2046,2182,,,
1/11/2019,2487,2105,2288,,,
1/12/2019,463,344,0,,,
1/13/2019,804,623,377,,,
1/14/2019,2134,2052,2193,,,
1/15/2019,1827,1977,2113,,,
1/16/2019,1793,1782,2239,,,
1/17/2019,1651,1743,1989,,,
1/18/2019,1840,1781,1732,,,
1/19/2019,145,126,1,,,
1/20/2019,123,148,0,,,
1/21/2019,1551,1917,1677,,,
1/22/2019,1690,2221,1526,,,
1/23/2019,1389,1635,1732,,,
1/24/2019,1514,1706,1475,,,
1/25/2019,1480,1795,1667,,,
1/26/2019,250,155,0,,,
1/27/2019,719,605,396,,,
1/28/2019,2013,2144,2189,,,
1/29/2019,1228,1602,1488,,,
1/30/2019,1806,1514,1864,,,
1/31/2019,1221,1637,1317,,,
2/1/2019,1584,1694,1559,,,
2/2/2019,256,120,0,,,
2/3/2019,135,95,0,,,
2/4/2019,2120,2233,2048,,,
2/5/2019,1450,1646,1669,,,
2/6/2019,1462,1520,1700,,,
2/7/2019,1419,1536,1408,,,
2/8/2019,1422,1589,1455,,,
2/9/2019,111,78,0,,,
2/10/2019,211,122,0,,,
2/11/2019,2162,2208,2151,,,
2/12/2019,1666,1571,1775,,,
2/13/2019,1285,1509,1455,,,
2/14/2019,1271,1524,1354,,,
2/15/2019,1529,1602,1493,,,
2/16/2019,164,110,0,,,
2/17/2019,121,121,0,,,
2/18/2019,1308,1171,1447,,,
2/19/2019,1648,1904,1588,,,
2/20/2019,1111,1518,1299,,,
2/21/2019,1475,1567,1507,,,
2/22/2019,1384,1508,1405,,,
2/23/2019,94,67,1,,,
2/24/2019,79,113,0,,,
2/25/2019,2285,2089,2034,,,
2/26/2019,1640,1545,1758,,,
2/27/2019,1331,1424,1475,,,
2/28/2019,1393,1437,1445,,,
3/1/2019,1705,1541,1654,,,
3/2/2019,129,133,0,,,
3/3/2019,99,136,0,,,
3/4/2019,3320,2950,3187,,,
3/5/2019,2331,2225,2394,,,
3/6/2019,1784,1868,1916,,,
3/7/2019,2224,1984,2198,,,
3/8/2019,1962,2136,1989,,,
3/9/2019,96,140,5,,,
3/10/2019,97,136,2,,,
3/11/2019,3389,2695,3236,,,
3/12/2019,1758,2241,2020,,,
3/13/2019,1595,1694,1639,,,
3/14/2019,1744,1808,1744,,,
3/15/2019,2419,2089,2407,,,
3/16/2019,107,127,0,,,
3/17/2019,68,99,2,,,
3/18/2019,3374,3349,3283,,,
3/19/2019,1911,2055,1960,,,
3/20/2019,2143,1784,2098,,,
3/21/2019,1925,2087,2129,,,
3/22/2019,2135,2201,2138,,,
3/23/2019,84,96,17,,,
3/24/2019,111,99,13,,,
3/25/2019,3733,3439,3278,,,
3/26/2019,1774,2005,1875,,,
3/27/2019,1854,1954,1928,,,
3/28/2019,2054,1987,2138,,,
3/29/2019,2012,2191,2076,,,
3/30/2019,93,100,3,,,
3/31/2019,822,797,541,,,
4/1/2019,3068,3129,3091,,,
4/2/2019,2314,2274,2420,,,
4/3/2019,2017,1978,2081,,,
4/4/2019,2200,2139,2297,,,
4/5/2019,2447,2287,2449,,,
4/6/2019,99,174,0,,,
4/7/2019,690,825,712,,,
4/8/2019,3380,3173,3077,,,
4/9/2019,2060,2374,2180,,,
4/10/2019,2042,2164,2229,,,
4/11/2019,2394,2314,2458,,,
4/12/2019,2754,2487,2323,,,
4/13/2019,185,95,13,,,
4/14/2019,746,886,777,,,
4/15/2019,3646,3398,3411,,,
4/16/2019,2081,2246,2257,,,
4/17/2019,1599,2087,1733,,,
4/18/2019,2138,2179,2163,,,
4/19/2019,957,1553,705,,,
4/20/2019,73,99,0,,,
4/21/2019,105,109,0,,,
4/22/2019,2958,3009,2843,,,
4/23/2019,1584,1801,1959,,,
4/24/2019,1399,1684,1451,,,
4/25/2019,1671,1707,1696,,,
4/26/2019,1721,1825,1718,,,
4/27/2019,110,121,1,,,
4/28/2019,78,121,0,,,
4/29/2019,3374,2840,2440,,,
4/30/2019,2315,1799,2082,,,
5/1/2019,1778,1719,1903,,,
5/2/2019,1901,1882,2047,,,
5/3/2019,1818,1912,1923,,,
5/4/2019,67,122,1,,,
5/5/2019,87,83,2,,,
5/6/2019,2992,2955,2572,,,
5/7/2019,1899,1987,2240,,,
5/8/2019,1560,1675,1645,,,
5/9/2019,1766,1827,1783,,,
5/10/2019,1736,1816,1803,,,
5/11/2019,72,105,0,,,
5/12/2019,86,89,0,,,
5/13/2019,2900,2995,2598,,,
5/14/2019,1630,1904,1978,,,
5/15/2019,1289,1607,1427,,,
5/16/2019,1553,1806,1527,,,
5/17/2019,1741,1772,1727,,,
5/18/2019,55,87,0,,,
5/19/2019,0,0,0,,,
5/20/2019,2806,2955,2496,,,
5/21/2019,1626,1724,1822,,,
5/22/2019,1305,1321,1484,,,
5/23/2019,1781,1624,1834,,,
5/24/2019,1736,1746,1745,,,
5/25/2019,88,67,0,,,
5/26/2019,128,86,0,,,
5/27/2019,89,100,5,,,
5/28/2019,3055,2700,2770,,,
5/29/2019,1324,1489,1862,,,
5/30/2019,1457,1553,1553,,,
5/31/2019,1568,1741,1575,,,
6/1/2019,138,55,1,,,
6/2/2019,62,74,0,,,
6/3/2019,2691,2847,2348,,,
6/4/2019,1792,1630,1932,,,
6/5/2019,1631,1314,1852,,,
6/6/2019,1563,1665,1653,,,
6/7/2019,1695,1757,1634,,,
6/8/2019,97,71,0,,,
6/9/2019,71,71,0,,,
6/10/2019,2830,2865,2706,,,
6/11/2019,1711,1626,1573,,,
6/12/2019,1605,1315,1891,,,
6/13/2019,1715,1667,1747,,,
6/14/2019,1670,1754,1725,,,
6/15/2019,141,71,0,,,
6/16/2019,64,71,0,,,
6/17/2019,2434,2802,2303,,,
6/18/2019,1638,1681,1922,,,
6/19/2019,1632,1422,1703,,,
6/20/2019,1736,1633,1736,,,
6/21/2019,1623,1754,1668,,,
6/22/2019,81,81,0,,,
6/23/2019,98,67,4,,,
6/24/2019,2688,2779,2409,,,
6/25/2019,1534,1703,1868,,,
6/26/2019,1416,1522,1447,,,
6/27/2019,1603,1685,1616,,,
6/28/2019,1659,1719,1634,,,
6/29/2019,68,113,3,,,
6/30/2019,94,64,1,,,
7/1/2019,2816,2625,2560,,,
7/2/2019,1697,1674,2066,,,
7/3/2019,1388,1618,1485,,,
7/4/2019,56,104,3,,,
7/5/2019,2071,1941,2075,,,
7/6/2019,181,111,13,,,
7/7/2019,74,76,0,,,
7/8/2019,2463,2660,2176,,,
7/9/2019,1606,1625,1816,,,
7/10/2019,1456,1553,1715,,,
7/11/2019,1842,1687,1902,,,
7/12/2019,2457,1651,2441,,,
7/13/2019,111,97,0,,,
7/14/2019,95,79,9,,,
7/15/2019,2820,2699,2469,,,
7/16/2019,1944,1646,1998,,,
7/17/2019,1580,1511,1778,,,
7/18/2019,1834,1279,1869,,,
7/19/2019,2051,1755,2329,,,
7/20/2019,117,118,99,,,
7/21/2019,262,79,24,,,
7/22/2019,2835,2536,2489,,,
7/23/2019,1816,1592,2001,,,
7/24/2019,1512,1503,1909,,,
7/25/2019,1708,1728,1797,,,
7/26/2019,2008,1909,1965,,,
7/27/2019,88,89,1,,,
7/28/2019,651,89,0,,,
7/29/2019,2499,2670,2718,,,
7/30/2019,1743,1694,2276,,,
7/31/2019,1478,1484,1535,,,
8/1/2019,1720,1755,1720,,,
8/2/2019,1764,2054,1804,,,
8/3/2019,97,100,4,,,
8/4/2019,83,1038,0,,,
8/5/2019,2780,2643,2365,,,
8/6/2019,1552,1815,1659,,,
8/7/2019,1554,1516,1847,,,
8/8/2019,1791,1794,1767,,,
8/9/2019,1669,2173,1620,,,
8/10/2019,104,105,3,,,
8/11/2019,559,268,1,,,
8/12/2019,2168,2651,2277,,,
8/13/2019,1744,1775,2002,,,
8/14/2019,1492,1509,1769,,,
8/15/2019,1706,1600,1698,,,
8/16/2019,1895,1600,2009,,,
8/17/2019,193,80,4,,,
8/18/2019,709,269,314,,,
8/19/2019,2023,2731,2232,,,
8/20/2019,1806,1767,1939,,,
8/21/2019,1508,1526,1843,,,
8/22/2019,1631,1765,1715,,,
8/23/2019,1562,1875,1597,,,
8/24/2019,162,102,4,,,
8/25/2019,456,93,0,,,
8/26/2019,2541,2564,2288,,,
8/27/2019,1579,1534,2073,,,
8/28/2019,1418,1375,1669,,,
8/29/2019,1635,1590,1588,,,
8/30/2019,1746,1614,1821,,,
8/31/2019,80,120,1,,,
9/1/2019,96,550,0,,,
9/2/2019,833,75,243,,,
9/3/2019,2443,1636,2489,,,
9/4/2019,1550,2060,1845,,,
9/5/2019,1567,1845,1824,,,
9/6/2019,1777,1765,1856,,,
9/7/2019,104,126,4,,,
9/8/2019,568,88,201,,,
9/9/2019,2432,2623,2480,,,
9/10/2019,1667,1639,1875,,,
9/11/2019,1622,1419,1902,,,
9/12/2019,1700,1594,1630,,,
9/13/2019,1998,1668,1980,,,
9/14/2019,128,140,7,,,
9/15/2019,686,577,262,,,
9/16/2019,2311,2261,2241,,,
9/17/2019,2019,1716,2005,,,
9/18/2019,1592,1486,2053,,,
9/19/2019,1889,1668,1916,,,
9/20/2019,1914,1747,2138,,,
9/21/2019,77,146,0,,,
9/22/2019,427,589,136,,,
9/23/2019,2311,2374,2074,,,
9/24/2019,1877,1715,1948,,,
9/25/2019,1729,1544,1863,,,
9/26/2019,1634,1686,1917,,,
9/27/2019,1832,1801,1915,,,
9/28/2019,79,124,10,,,
9/29/2019,471,480,133,,,
9/30/2019,2132,1996,2103,,,
10/1/2019,1769,2188,1818,,,
10/2/2019,1634,1699,1762,,,
10/3/2019,1810,1843,1736,,,
10/4/2019,1851,2035,2154,,,
10/5/2019,105,109,7,,,
10/6/2019,636,569,18,,,
10/7/2019,2358,2372,2338,,,
10/8/2019,1825,1873,1977,,,
10/9/2019,1698,1660,2003,,,
10/10/2019,1787,1765,2085,,,
10/11/2019,1691,1935,1681,,,
10/12/2019,107,94,2,,,
10/13/2019,498,578,110,,,
10/14/2019,2299,2410,2373,,,
10/15/2019,1960,1903,2193,,,
10/16/2019,1575,1687,1729,,,
10/17/2019,1501,1793,1509,,,
10/18/2019,2061,1966,2127,,,
10/19/2019,70,95,3,,,
10/20/2019,787,519,222,,,
10/21/2019,2560,2215,2657,,,
10/22/2019,2167,1859,2628,,,
10/23/2019,1573,1625,1731,,,
10/24/2019,1874,1748,1865,,,
10/25/2019,1973,1839,1896,,,
10/26/2019,78,86,9,,,
10/27/2019,388,529,209,,,
10/28/2019,2927,2232,2583,,,
10/29/2019,1864,1832,2267,,,
10/30/2019,1487,1618,1746,,,
10/31/2019,1743,1677,1760,,,
11/1/2019,1916,1847,1853,,,
11/2/2019,184,95,10,,,
11/3/2019,604,638,109,,,
11/4/2019,2865,2425,2886,,,
11/5/2019,1925,1983,2255,,,
11/6/2019,1834,1617,2118,,,
11/7/2019,1867,1720,1942,,,
11/8/2019,2018,1910,1892,,,
11/9/2019,111,85,1,,,
11/10/2019,515,578,67,,,
11/11/2019,2678,2410,2733,,,
11/12/2019,1886,1903,2068,,,
11/13/2019,1882,1687,2243,,,
11/14/2019,1748,1793,1804,,,
11/15/2019,2629,1966,2580,,,
11/16/2019,132,95,7,,,
11/17/2019,741,518,4,,,
11/18/2019,3217,2447,3120,,,
11/19/2019,1944,1735,2428,,,
11/20/2019,2151,1421,2593,,,
11/21/2019,2055,1594,2170,,,
11/22/2019,2146,1714,2071,,,
11/23/2019,120,105,3,,,
11/24/2019,726,597,237,,,
11/25/2019,3053,2818,2797,,,
11/26/2019,2394,1999,2926,,,
11/27/2019,1939,1637,2272,,,
11/28/2019,79,1837,5,,,
11/29/2019,1880,1974,1978,,,
11/30/2019,95,121,3,,,
12/1/2019,778,752,340,,,
12/2/2019,2861,3518,2705,,,
12/3/2019,2312,2307,2490,,,
12/4/2019,2261,2356,2629,,,
12/5/2019,2162,2274,2183,,,
12/6/2019,2611,2727,2545,,,
12/7/2019,117,144,6,,,
12/8/2019,599,799,0,,,
12/9/2019,3822,3735,3365,,,
12/10/2019,2682,2450,2779,,,
12/11/2019,2532,2502,3081,,,
12/12/2019,2776,2414,2836,,,
12/13/2019,2773,2896,2968,,,
12/14/2019,129,153,9,,,
12/15/2019,1091,798,934,,,
12/16/2019,3194,3563,2864,,,
12/17/2019,2688,2476,2936,,,
12/18/2019,2625,2381,2987,,,
12/19/2019,2573,1540,2740,,,
12/20/2019,2805,2651,2782,,,
12/21/2019,268,137,20,,,
12/22/2019,412,671,465,,,
12/23/2019,3580,2274,3236,,,
12/24/2019,2421,1723,2895,,,
12/25/2019,75,217,5,,,
12/26/2019,2341,1716,2513,,,
12/27/2019,2873,2229,3023,,,
12/28/2019,208,118,28,,,
12/29/2019,854,671,848,,,
12/30/2019,3427,3368,3571,,,
12/31/2019,2605,2153,2739,,,
1/1/2020,755,2574,7,,,
1/2/2020,2525,2464,2608,,,
1/3/2020,2818,2842,3402,,,
1/4/2020,513,281,6,,,
1/5/2020,1436,1032,742,,,
1/6/2020,3493,3830,3418,,,
1/7/2020,3143,2734,3315,,,
1/8/2020,3098,2782,3767,,,
1/9/2020,3147,2640,3508,,,
1/10/2020,3068,3089,3169,,,
1/11/2020,350,945,11,,,
1/12/2020,1541,1139,947,,,
1/13/2020,3726,3453,3839,,,
1/14/2020,2891,2266,3294,,,
1/15/2020,2534,2313,2801,,,
1/16/2020,3238,2233,3150,,,
1/17/2020,2760,2678,3040,,,
1/18/2020,322,141,18,,,
1/19/2020,495,718,0,,,
1/20/2020,2480,2870,2087,,,
1/21/2020,2890,2236,2768,,,
1/22/2020,2380,2157,3161,,,
1/23/2020,2453,2185,2816,,,
1/24/2020,2749,2382,2980,,,
1/25/2020,262,149,12,,,
1/26/2020,1444,930,832,,,
1/27/2020,2838,3130,3248,,,
1/28/2020,2701,2538,2721,,,
1/29/2020,2367,2460,2661,,,
1/30/2020,2245,2532,2279,,,
1/31/2020,2403,2579,2470,,,
2/1/2020,206,221,3,,,
2/2/2020,1191,1141,709,,,
2/3/2020,2447,2923,2570,,,
2/4/2020,2967,2446,2593,,,
2/5/2020,2117,2321,2635,,,
2/6/2020,2374,2512,2504,,,
2/7/2020,2441,2425,2383,,,
2/8/2020,198,262,8,,,
2/9/2020,1335,938,699,,,
2/10/2020,2924,2625,2931,,,
2/11/2020,2555,2416,2469,,,
2/12/2020,2084,2169,2341,,,
2/13/2020,2203,2416,2431,,,
2/14/2020,1985,2319,2309,,,
2/15/2020,143,255,3,,,
2/16/2020,1007,1065,558,,,
2/17/2020,1112,2552,1815,,,
2/18/2020,3125,2165,2448,,,
2/19/2020,2558,1970,2437,,,
2/20/2020,1925,2105,2339,,,
2/21/2020,2318,2082,2198,,,
2/22/2020,96,207,1,,,
2/23/2020,1085,1303,787,,,
2/24/2020,2865,2813,2753,,,
2/25/2020,2204,2672,2680,,,
2/26/2020,1956,2187,2533,,,
2/27/2020,2219,2455,2352,,,
2/28/2020,2274,2376,2325,,,
2/29/2020,102,228,23,,,
3/1/2020,1028,1362,527,,,
3/2/2020,2267,2816,2321,,,
3/3/2020,2652,2821,2578,,,
3/4/2020,2225,2249,2690,,,
3/5/2020,2053,2342,2117,,,
3/6/2020,2266,2345,2289,,,
3/7/2020,131,187,82,,,
3/8/2020,909,1270,655,,,
3/9/2020,2496,2713,2630,,,
3/10/2020,2249,2789,2262,,,
3/11/2020,2062,2126,2194,,,
3/12/2020,2808,2313,2739,,,
3/13/2020,2142,2243,2069,,,
3/14/2020,104,172,5,,,
3/15/2020,807,943,2,,,
3/16/2020,2574,2164,2748,,,
3/17/2020,2725,2087,2568,,,
3/18/2020,1893,1905,2341,,,
3/19/2020,2102,1870,2334,,,
3/20/2020,2156,2021,2013,,,
3/21/2020,225,116,182,,,
3/22/2020,844,1030,694,,,
3/23/2020,2034,2405,2291,,,
3/24/2020,2514,2219,2519,,,
3/25/2020,1998,1870,2204,,,
3/26/2020,2098,1933,2371,,,
3/27/2020,2160,1953,2202,,,
3/28/2020,78,110,1,,,
3/29/2020,709,1066,1,,,
3/30/2020,2705,2846,2640,,,
3/31/2020,2064,2962,2255,,,
4/1/2020,2022,2397,2265,,,
4/2/2020,2106,2709,2511,,,
4/3/2020,2023,2546,2007,,,
4/4/2020,102,175,1,,,
4/5/2020,635,1318,1,,,
4/6/2020,2464,2725,2623,,,
4/7/2020,2288,2730,2575,,,
4/8/2020,2260,2177,2513,,,
4/9/2020,1905,2267,2082,,,
4/10/2020,396,912,16,,,
4/11/2020,48,181,2,,,
4/12/2020,555,673,0,,,
4/13/2020,2889,1869,2959,,,
4/14/2020,2283,1969,2299,,,
4/15/2020,1926,1564,2361,,,
4/16/2020,2039,1840,2286,,,
4/17/2020,1928,1699,2037,,,
4/18/2020,139,110,3,,,
4/19/2020,731,860,3,,,
4/20/2020,2735,2536,2712,,,
4/21/2020,1987,2372,2057,,,
4/22/2020,1764,2060,2130,,,
4/23/2020,1698,2203,2149,,,
4/24/2020,1824,2170,1867,,,
4/25/2020,113,124,1,,,
4/26/2020,677,720,0,,,
4/27/2020,2207,2378,2399,,,
4/28/2020,1707,2264,2071,,,
4/29/2020,1552,2072,1788,,,
4/30/2020,1718,2014,1711,,,
5/1/2020,1767,1509,1802,,,
5/2/2020,146,77,0,,,
5/3/2020,433,661,0,,,
5/4/2020,2395,2313,2345,,,
5/5/2020,1975,2040,2214,,,
5/6/2020,1552,1795,1702,,,
5/7/2020,1744,1760,1937,,,
5/8/2020,1603,1738,1622,,,
5/9/2020,112,116,0,,,
5/10/2020,596,609,0,,,
5/11/2020,1930,2417,2398,,,
5/12/2020,1908,2050,2037,,,
5/13/2020,1489,1695,1606,,,
5/14/2020,1567,1728,1607,,,
5/15/2020,1792,1795,1777,,,
5/16/2020,83,132,1,,,
5/17/2020,673,540,0,,,
5/18/2020,2049,1889,2569,,,
5/19/2020,2023,1868,2015,,,
5/20/2020,1591,1625,1698,,,
5/21/2020,1525,1722,1619,,,
5/22/2020,1679,1735,1635,,,
5/23/2020,63,132,0,,,
5/24/2020,497,636,0,,,
5/25/2020,94,58,8,,,
5/26/2020,2399,2289,2281,,,
5/27/2020,1526,1796,1778,,,
5/28/2020,1572,1826,1934,,,
5/29/2020,1390,1725,1528,,,
5/30/2020,0,107,0,,,
5/31/2020,577,551,3,,,
6/1/2020,1015,1996,860,,,
6/2/2020,1880,1975,1449,,,
6/3/2020,2192,1549,2020,,,
6/4/2020,1745,1574,1835,,,
6/5/2020,1991,1695,1916,,,
6/6/2020,176,75,2,,,
6/7/2020,571,564,0,,,
6/8/2020,2530,2134,2768,,,
6/9/2020,1893,1975,2261,,,
6/10/2020,1765,1541,1985,,,
6/11/2020,1381,1557,1573,,,
6/12/2020,1643,1619,1662,,,
6/13/2020,43,87,1,,,
6/14/2020,659,573,0,,,
6/15/2020,2664,2140,2601,,,
6/16/2020,1756,1924,1749,,,
6/17/2020,1648,1779,1831,,,
6/18/2020,1796,1656,1854,,,
6/19/2020,1692,1725,1928,,,
6/20/2020,103,117,0,,,
6/21/2020,700,670,0,,,
6/22/2020,2058,2602,2480,,,
6/23/2020,1957,1875,1899,,,
6/24/2020,1812,1673,2043,,,
6/25/2020,1898,1611,2249,,,
6/26/2020,1702,1649,1878,,,
6/27/2020,59,106,1,,,
6/28/2020,613,592,0,,,
6/29/2020,2338,2270,2494,,,
6/30/2020,1955,1979,1959,,,
7/1/2020,1659,1688,1919,,,
7/2/2020,1518,1624,1841,,,
7/3/2020,129,63,3,,,
7/4/2020,49,97,1,,,
7/5/2020,404,617,0,,,
7/6/2020,3427,2680,2897,,,
7/7/2020,1965,1976,1939,,,
7/8/2020,1793,1798,2247,,,
7/9/2020,2041,1858,2261,,,
7/10/2020,2064,1712,2494,,,
7/11/2020,0,75,0,,,
7/12/2020,722,609,1,,,
7/13/2020,2620,2417,2580,,,
7/14/2020,2766,2050,2162,,,
7/15/2020,3551,1695,2746,,,
7/16/2020,2067,1728,2038,,,
7/17/2020,1769,1795,2219,,,
7/18/2020,129,132,0,,,
7/19/2020,611,634,11,,,
7/20/2020,2953,2427,2864,,,
7/21/2020,2067,1976,2175,,,
7/22/2020,1887,1779,2183,,,
7/23/2020,1778,1714,1906,,,
7/24/2020,1937,1492,2084,,,
7/25/2020,121,94,4,,,
7/26/2020,626,661,14,,,
7/27/2020,2695,2532,2773,,,
7/28/2020,1959,2028,2061,,,
7/29/2020,1723,2025,1867,,,
7/30/2020,1697,1789,1976,,,
7/31/2020,1743,1944,2056,,,
8/1/2020,134,142,0,,,
8/2/2020,539,696,0,,,
8/3/2020,2211,2764,2133,,,
8/4/2020,1798,2059,1946,,,
8/5/2020,1925,2025,1872,,,
8/6/2020,1544,1789,1863,,,
8/7/2020,1640,1944,1572,,,
8/8/2020,102,142,4,,,
8/9/2020,672,782,1,,,
8/10/2020,2051,2788,2460,,,
8/11/2020,2027,2168,2218,,,
8/12/2020,1887,1770,2008,,,
8/13/2020,1745,1850,1895,,,
8/14/2020,1839,1722,1923,,,
8/15/2020,121,101,2,,,
8/16/2020,730,652,0,,,
8/17/2020,2337,2258,2320,,,
8/18/2020,2167,1825,2291,,,
8/19/2020,2010,1880,2054,,,
8/20/2020,1568,1679,2070,,,
8/21/2020,1910,1720,1915,,,
8/22/2020,139,101,183,,,
8/23/2020,721,792,424,,,
8/24/2020,2292,2150,2051,,,
8/25/2020,2384,2083,2137,,,
8/26/2020,1984,1954,2419,,,
8/27/2020,1882,1777,2200,,,
8/28/2020,1890,1796,1947,,,
8/29/2020,132,112,77,,,
8/30/2020,601,774,312,,,
8/31/2020,2079,2322,2129,,,
9/1/2020,2572,2113,2538,,,
9/2/2020,1994,2097,2300,,,
9/3/2020,2073,1619,2559,,,
9/4/2020,1493,1910,1715,,,
9/5/2020,84,127,1,,,
9/6/2020,782,774,0,,,
9/7/2020,78,85,1,,,
9/8/2020,3633,2460,2745,,,
9/9/2020,2572,2169,2194,,,
9/10/2020,1800,1972,2196,,,
9/11/2020,1402,1819,995,,,
9/12/2020,744,125,709,,,
9/13/2020,598,658,726,,,
9/14/2020,2439,2202,2543,,,
9/15/2020,2505,2450,2198,,,
9/16/2020,2818,1911,2306,,,
9/17/2020,2239,1937,1965,,,
9/18/2020,1400,1833,1717,,,
9/19/2020,175,126,0,,,
9/20/2020,883,666,391,,,
9/21/2020,1816,2202,1927,,,
9/22/2020,2385,2550,2054,,,
9/23/2020,1879,2022,2128,,,
9/24/2020,2033,1798,2139,,,
9/25/2020,1763,1707,1899,,,
9/26/2020,134,126,3,,,
9/27/2020,551,672,0,,,
9/28/2020,2155,2240,2268,,,
9/29/2020,2439,2448,2178,,,
9/30/2020,2016,2296,2292,,,
10/1/2020,2029,1888,2111,,,
10/2/2020,1891,1700,2135,,,
10/3/2020,87,116,1,,,
10/4/2020,577,700,3,,,
10/5/2020,2234,1946,2318,,,
10/6/2020,2384,2409,2563,,,
10/7/2020,1785,1977,2122,,,
10/8/2020,1711,2043,2105,,,
10/9/2020,1534,1775,1624,,,
10/10/2020,135,220,0,,,
10/11/2020,496,677,3,,,
10/12/2020,2097,2146,2549,,,
10/13/2020,2479,2445,2447,,,
10/14/2020,1827,2065,1906,,,
10/15/2020,2097,2043,2093,,,
10/16/2020,1892,1791,2045,,,
10/17/2020,92,157,0,,,
10/18/2020,321,722,14,,,
10/19/2020,2241,2177,2229,,,
10/20/2020,2604,2433,2237,,,
10/21/2020,1917,2065,2463,,,
10/22/2020,1870,1968,1904,,,
10/23/2020,1918,1629,2038,,,
10/24/2020,98,148,15,,,
10/25/2020,419,1285,19,,,
10/26/2020,2216,2773,2546,,,
10/27/2020,2468,2443,2464,,,
10/28/2020,1852,1837,1954,,,
10/29/2020,2032,2003,1954,,,
10/30/2020,2215,1799,1969,,,
10/31/2020,129,228,2,,,
11/1/2020,734,455,25,,,
11/2/2020,2334,2203,2704,,,
11/3/2020,2582,2470,2646,,,
11/4/2020,1662,1848,1816,,,
11/5/2020,1562,1974,1639,,,
11/6/2020,1960,1908,1971,,,
11/7/2020,93,145,10,,,
11/8/2020,791,657,3,,,
11/9/2020,2614,2178,2727,,,
11/10/2020,2420,2471,2361,,,
11/11/2020,1662,1851,2021,,,
11/12/2020,1971,2007,2029,,,
11/13/2020,1791,1994,2055,,,
11/14/2020,93,139,26,,,
11/15/2020,400,764,7,,,
11/16/2020,2527,2363,2261,,,
11/17/2020,2303,2483,2470,,,
11/18/2020,2102,1816,2292,,,
11/19/2020,1907,1859,2087,,,
11/20/2020,1770,2005,2004,,,
11/21/2020,139,132,39,,,
11/22/2020,726,1285,19,,,
11/23/2020,2651,2678,3050,,,
11/24/2020,2275,2488,2456,,,
11/25/2020,1910,2016,2166,,,
11/26/2020,,,,,,
11/27/2020,1859,1899,1944,,,
11/28/2020,125,107,1,,,
11/29/2020,560,736,11,,,
11/30/2020,2737,2630,2998,,,
12/1/2020,2275,2469,2454,,,
12/2/2020,2241,1836,2295,,,
12/3/2020,2117,1885,2141,,,
12/4/2020,2163,1899,2241,,,
12/5/2020,141,110,42,,,
12/6/2020,489,658,32,,,
12/7/2020,3026,2690,3286,,,
12/8/2020,2102,2452,2353,,,
12/9/2020,2005,1854,2029,,,
12/10/2020,1986,1952,2019,,,
12/11/2020,2080,1927,2057,,,
12/12/2020,184,112,65,,,
12/13/2020,380,589,44,,,
12/14/2020,2241,2890,2545,,,
12/15/2020,2247,2424,2291,,,
12/16/2020,2045,2212,2119,,,
12/17/2020,1785,2152,1841,,,
12/18/2020,1979,1932,1984,,,
12/19/2020,411,115,70,,,
12/20/2020,511,541,139,,,
12/21/2020,2713,2808,2994,,,
12/22/2020,2650,2352,2815,,,
12/23/2020,2525,2066,2678,,,
12/24/2020,1978,2055,2118,,,
12/25/2020,108,72,1,,,
12/26/2020,83,131,5,,,
12/27/2020,995,498,849,,,
12/28/2020,2952,2932,3124,,,
12/29/2020,2674,2450,2902,,,
12/30/2020,2266,2087,2306,,,
12/31/2020,2203,2105,2245,,,
1/1/2021,394,81,3,,,
1/2/2021,150,131,3,,,
1/3/2021,801,955,789,,,
1/4/2021,2706,2750,2940,,,
1/5/2021,2948,2420,3019,,,
1/6/2021,2832,2274,2820,,,
1/7/2021,3145,1975,3002,,,
1/8/2021,2753,1986,2890,,,
1/9/2021,766,169,129,,,
1/10/2021,1217,657,811,,,
1/11/2021,3009,2178,3254,,,
1/12/2021,3462,2942,3355,,,
1/13/2021,2887,2775,3336,,,
1/14/2021,2885,2707,2827,,,
1/15/2021,2871,2665,3364,,,
1/16/2021,653,239,15,,,
1/17/2021,1061,555,1060,,,
1/18/2021,2322,2660,2530,,,
1/19/2021,3013,2433,3074,,,
1/20/2021,2748,2291,2827,,,
1/21/2021,2518,2309,2922,,,
1/22/2021,2054,2268,2050,,,
1/23/2021,179,453,15,,,
1/24/2021,1221,1113,772,,,
1/25/2021,2948,2782,2837,,,
1/26/2021,2855,2930,2954,,,
1/27/2021,2620,2806,2757,,,
1/28/2021,2317,2807,2536,,,
1/29/2021,2653,2826,2716,,,
1/30/2021,263,668,31,,,
1/31/2021,819,1113,26,,,
2/1/2021,2838,2982,3158,,,
2/2/2021,2466,3032,2735,,,
2/3/2021,2468,2841,2658,,,
2/4/2021,2383,2684,2567,,,
2/5/2021,2484,2551,2570,,,
2/6/2021,201,268,34,,,
2/7/2021,811,1079,30,,,
2/8/2021,3388,2923,3436,,,
2/9/2021,3049,2967,3033,,,
2/10/2021,2686,2758,3145,,,
2/11/2021,2300,2498,2637,,,
2/12/2021,2463,2344,2667,,,
2/13/2021,50,376,25,,,
2/14/2021,856,1174,35,,,
2/15/2021,1900,2695,2172,,,
2/16/2021,2730,2600,2774,,,
2/17/2021,2665,2373,2818,,,
2/18/2021,2479,2329,2572,,,
2/19/2021,2060,2517,2382,,,
2/20/2021,204,144,28,,,
2/21/2021,972,888,680,,,
2/22/2021,3335,3070,3166,,,
2/23/2021,2778,2974,2955,,,
2/24/2021,2377,2715,2520,,,
2/25/2021,2248,2545,2271,,,
2/26/2021,2249,2249,2446,,,
2/27/2021,137,256,37,,,
2/28/2021,1107,973,661,,,
3/1/2021,2843,3075,2868,,,
3/2/2021,3157,2974,3204,,,
3/3/2021,2759,2709,2877,,,
3/4/2021,2289,2601,2517,,,
3/5/2021,2334,2180,2306,,,
3/6/2021,215,224,63,,,
3/7/2021,859,997,626,,,
3/8/2021,2710,3231,2884,,,
3/9/2021,2789,2915,2835,,,
3/10/2021,2232,2543,2535,,,
3/11/2021,2575,2389,2539,,,
3/12/2021,2139,2239,2275,,,
3/13/2021,119,260,27,,,
3/14/2021,1040,657,544,,,
3/15/2021,3104,2178,3019,,,
3/16/2021,3162,3115,2819,,,
3/17/2021,2527,2743,2900,,,
3/18/2021,2185,2346,2348,,,
3/19/2021,2372,2324,2454,,,
3/20/2021,182,234,66,,,
3/21/2021,1097,963,846,,,
3/22/2021,2892,2862,2680,,,
3/23/2021,2650,2842,2871,,,
3/24/2021,2306,2553,2304,,,
3/25/2021,2082,2377,2354,,,
3/26/2021,2168,2347,2358,,,
3/27/2021,108,172,27,,,
3/28/2021,906,1063,644,,,
3/29/2021,2665,3162,2687,,,
3/30/2021,2246,3182,2396,,,
3/31/2021,2261,2557,2357,,,
4/1/2021,2654,2285,2209,,,
4/2/2021,867,1274,41,,,
4/3/2021,139,192,0,,,
4/4/2021,555,958,1,,,
4/5/2021,2870,2986,3484,,,
4/6/2021,2543,2935,2852,,,
4/7/2021,2276,2665,2497,,,
4/8/2021,2232,2314,2281,,,
4/9/2021,2114,2262,2361,,,
4/10/2021,167,147,56,,,
4/11/2021,518,979,4,,,
4/12/2021,2953,2787,3002,,,
4/13/2021,2153,2620,2313,,,
4/14/2021,2022,2604,2252,,,
4/15/2021,2440,2316,2306,,,
4/16/2021,2216,2227,2252,,,
4/17/2021,140,163,29,,,
4/18/2021,507,936,9,,,
4/19/2021,2646,2927,2747,,,
4/20/2021,2368,2692,2491,,,
4/21/2021,2248,2350,2178,,,
4/22/2021,1851,2346,2342,,,
4/23/2021,2131,2229,1961,,,
4/24/2021,153,152,16,,,
4/25/2021,697,1285,8,,,
4/26/2021,2356,2773,2644,,,
4/27/2021,2029,2635,2194,,,
4/28/2021,1907,2156,1991,,,
4/29/2021,2021,2421,2064,,,
4/30/2021,2083,2342,2192,,,
5/1/2021,265,225,193,,,
5/2/2021,725,775,209,,,
5/3/2021,2133,2841,2160,,,
5/4/2021,2358,2337,2362,,,
5/5/2021,1971,2272,2348,,,
5/6/2021,2082,2296,2396,,,
5/7/2021,2030,2208,2100,,,
5/8/2021,160,147,42,,,
5/9/2021,511,762,5,,,
5/10/2021,2551,2533,2635,,,