date,Sum of TOTAL TIME - AHT (sec),Sum of TOTAL TIME - AHT - FORECAST (sec),Sum of VOLUME - RECEIVED,Sum of VOLUME - FORECAST
1/1/2016,1317,,6,0
1/2/2016,0,,0,0
1/3/2016,0,,0,0
1/4/2016,2177265,,3251,3051
1/5/2016,1613619,,2118,2466
1/6/2016,1400768,,1830,2352
1/7/2016,1368778,,1859,2169
1/8/2016,1433502,,1935,2133
1/9/2016,0,,0,0
1/10/2016,0,,0,0
1/11/2016,1722527,,2279,3011
1/12/2016,1273667,,1709,2634
1/13/2016,1168068,,1638,2363
1/14/2016,1068155,,1459,2083
1/15/2016,1329666,,1919,2154
1/16/2016,0,,0,0
1/17/2016,0,,0,0
1/18/2016,373897,,538,719
1/19/2016,1301418,,1797,2011
1/20/2016,1358085,,1863,1781
1/21/2016,964773,,1392,1568
1/22/2016,949987,,1239,1651
1/23/2016,0,,0,0
1/24/2016,0,,0,0
1/25/2016,1089732,,1441,2012
1/26/2016,1003078,,1377,1657
1/27/2016,877653,,1239,1425
1/28/2016,823135,,1218,1239
1/29/2016,953310,,1339,1345
1/30/2016,0,,0,0
1/31/2016,0,,0,0
2/1/2016,1264530,,2158,1835
2/2/2016,1084651,,1874,1665
2/3/2016,1079485,,1481,1502
2/4/2016,1002227,,1289,1454
2/5/2016,1015964,,1465,1498
2/6/2016,0,,0,0
2/7/2016,0,,0,0
2/8/2016,1314816,,1940,1866
2/9/2016,1164569,,1556,1639
2/10/2016,948354,,1291,1507
2/11/2016,1068593,,1524,1446
2/12/2016,1056724,,1472,1501
2/13/2016,0,,0,0
2/14/2016,0,,0,0
2/15/2016,377611,,541,552
2/16/2016,1150286,,1713,1818
2/17/2016,1102828,,1483,1643
2/18/2016,881755,,1277,1406
2/19/2016,914316,,1258,1479
2/20/2016,0,,0,0
2/21/2016,0,,0,0
2/22/2016,1266072,,1759,1696
2/23/2016,978296,,1334,1621
2/24/2016,940906,,1252,1442
2/25/2016,833030,,1131,1346
2/26/2016,840356,,1182,1403
2/27/2016,0,,0,0
2/28/2016,0,,0,0
2/29/2016,1131272,,1591,2043
3/1/2016,1015695,,1487,1728
3/2/2016,1067967,,1448,1506
3/3/2016,933116,,1285,1415
3/4/2016,1050916,,1416,1461
3/5/2016,0,,0,0
3/6/2016,0,,0,0
3/7/2016,1321010,,1946,1940
3/8/2016,1062924,,1461,1655
3/9/2016,859413,,1268,1528
3/10/2016,850474,,1262,1373
3/11/2016,923286,,1350,1455
3/12/2016,0,,0,0
3/13/2016,0,,0,0
3/14/2016,1261189,,1880,2081
3/15/2016,985309,,1354,1735
3/16/2016,983784,,1303,1613
3/17/2016,1021551,,1380,1475
3/18/2016,1076990,,1511,1567
3/19/2016,0,,0,0
3/20/2016,0,,0,0
3/21/2016,1293446,,1833,2158
3/22/2016,926748,,1286,1719
3/23/2016,778716,,1165,1622
3/24/2016,752135,,1058,1562
3/25/2016,343339,,504,607
3/26/2016,0,,0,0
3/27/2016,0,,0,0
3/28/2016,1262650,,1804,2110
3/29/2016,1056432,,1464,1729
3/30/2016,1033082,,1497,1630
3/31/2016,973059,,1336,1575
4/1/2016,1149074,,1659,1656
4/2/2016,0,,0,0
4/3/2016,0,,0,0
4/4/2016,1447947,,2214,2022
4/5/2016,1067561,,1545,1676
4/6/2016,1109730,,1600,1556
4/7/2016,1152750,,1720,1493
4/8/2016,1200686,,1664,1559
4/9/2016,0,,0,0
4/10/2016,0,,0,0
4/11/2016,1546689,,2313,2113
4/12/2016,1247363,,1787,1796
4/13/2016,1168235,,1616,1770
4/14/2016,1079111,,1568,1833
4/15/2016,1009161,,1505,1927
4/16/2016,0,,0,0
4/17/2016,0,,0,0
4/18/2016,1165057,,1864,2096
4/19/2016,911405,,1395,1330
4/20/2016,821065,,1282,1247
4/21/2016,688669,,1097,1198
4/22/2016,722349,,1127,1265
4/23/2016,0,,0,0
4/24/2016,0,,0,0
4/25/2016,859158,,1303,1610
4/26/2016,727131,,1087,1336
4/27/2016,643404,,958,1288
4/28/2016,712672,,1033,1188
4/29/2016,639757,,972,1359
4/30/2016,0,,0,0
5/1/2016,0,,0,0
5/2/2016,934709,,1464,1299
5/3/2016,747851,,1095,1058
5/4/2016,650961,,1010,969
5/5/2016,569324,,867,942
5/6/2016,609103,,960,980
5/7/2016,0,,0,0
5/8/2016,0,,0,0
5/9/2016,794209,,1196,1299
5/10/2016,761331,,1192,1058
5/11/2016,658071,,1039,969
5/12/2016,667055,,988,942
5/13/2016,736366,,1111,980
5/14/2016,0,,0,0
5/15/2016,0,,0,0
5/16/2016,941065,,1412,1325
5/17/2016,683780,,1064,1092
5/18/2016,650259,,971,979
5/19/2016,606229,,838,962
5/20/2016,544393,,816,968
5/21/2016,0,,0,0
5/22/2016,0,,0,0
5/23/2016,734585,,1148,1286
5/24/2016,696268,,1019,1078
5/25/2016,642985,,1016,966
5/26/2016,581155,,939,936
5/27/2016,562559,,927,922
5/28/2016,0,,0,0
5/29/2016,0,,0,0
5/30/2016,0,,0,0
5/31/2016,846556,,1322,1334
6/1/2016,720033,,1139,1249
6/2/2016,724831,,1068,1014
6/3/2016,694232,,1064,965
6/4/2016,0,,0,0
6/5/2016,0,,0,0
6/6/2016,1058037,,1699,1237
6/7/2016,943877,,1551,1190
6/8/2016,875068,,1393,1046
6/9/2016,840012,,1224,985
6/10/2016,746812,,1150,993
6/11/2016,0,,0,0
6/12/2016,0,,0,0
6/13/2016,836243,,1302,1536
6/14/2016,682740,,1053,1318
6/15/2016,622921,,893,1196
6/16/2016,613154,,937,1133
6/17/2016,636426,,931,1111
6/18/2016,0,,0,0
6/19/2016,0,,0,0
6/20/2016,808390,,1242,1620
6/21/2016,687114,,1032,1511
6/22/2016,654676,,929,1341
6/23/2016,634932,,1001,1271
6/24/2016,896019,,1398,1214
6/25/2016,0,,0,0
6/26/2016,0,,0,0
6/27/2016,983654,,1618,1407
6/28/2016,838948,,1341,1085
6/29/2016,731735,,1207,978
6/30/2016,806953,,1266,914
7/1/2016,867985,,1427,852
7/2/2016,0,,0,0
7/3/2016,0,,0,0
7/4/2016,0,,0,0
7/5/2016,999698,,1578,1676
7/6/2016,814611,,1259,1504
7/7/2016,783637,,1156,1232
7/8/2016,1085086,,1848,1165
7/9/2016,0,,0,0
7/10/2016,0,,0,0
7/11/2016,1447730,,2441,1649
7/12/2016,1094750,,1655,1552
7/13/2016,904244,,1406,1311
7/14/2016,870561,,1372,1162
7/15/2016,903572,,1355,1081
7/16/2016,0,,0,0
7/17/2016,0,,0,0
7/18/2016,1014467,,1518,1402
7/19/2016,809893,,1189,1178
7/20/2016,718787,,1150,1162
7/21/2016,751648,,1077,1112
7/22/2016,727950,,1065,1167
7/23/2016,0,,0,0
7/24/2016,0,,0,0
7/25/2016,906468,,1379,1501
7/26/2016,732088,,1122,1195
7/27/2016,635294,,1013,1099
7/28/2016,668514,,1015,1043
7/29/2016,727654,,1107,1073
7/30/2016,0,,0,0
7/31/2016,0,,0,0
8/1/2016,936603,,1547,1585
8/2/2016,783295,,1183,1158
8/3/2016,671871,,1083,1080
8/4/2016,639776,,1016,1048
8/5/2016,826086,,1349,1112
8/6/2016,0,,0,0
8/7/2016,0,,0,0
8/8/2016,1054826,,1704,1467
8/9/2016,852617,,1326,1131
8/10/2016,702889,,1127,1063
8/11/2016,798121,,1339,1005
8/12/2016,754074,,1210,1039
8/13/2016,53,,2,0
8/14/2016,0,,0,0
8/15/2016,1094371,,1754,1834
8/16/2016,822598,,1353,1455
8/17/2016,790963,,1235,1331
8/18/2016,732409,,1168,1312
8/19/2016,698519,,1132,1352
8/20/2016,0,,0,0
8/21/2016,0,,0,0
8/22/2016,866934,,1332,1733
8/23/2016,704167,,1124,1368
8/24/2016,658377,,1043,1240
8/25/2016,632726,,1028,1218
8/26/2016,648881,,987,1255
8/27/2016,0,,0,0
8/28/2016,0,,0,0
8/29/2016,902156,,1388,1713
8/30/2016,684921,,1077,1350
8/31/2016,697841,,1084,1223
9/1/2016,670707,,1139,1244
9/2/2016,801868,,1236,1238
9/3/2016,0,,0,0
9/4/2016,0,,0,0
9/5/2016,0,,0,0
9/6/2016,1083057,,1734,1367
9/7/2016,918189,,1511,1185
9/8/2016,836591,,1320,1118
9/9/2016,879180,,1392,1172
9/10/2016,0,,0,0
9/11/2016,0,,0,0
9/12/2016,952555,,1544,1377
9/13/2016,789388,,1208,1066
9/14/2016,665954,,1060,999
9/15/2016,626802,,991,969
9/16/2016,645598,,1003,1098
9/17/2016,0,,0,0
9/18/2016,0,,0,0
9/19/2016,902601,,1454,1561
9/20/2016,736805,,1140,1237
9/21/2016,663660,,1045,1139
9/22/2016,743751,,1150,1107
9/23/2016,701231,,1081,1162
9/24/2016,0,,0,0
9/25/2016,0,,0,0
9/26/2016,744762,,1189,1519
9/27/2016,600062,,967,1217
9/28/2016,583210,,948,1121
9/29/2016,640206,,1042,1072
9/30/2016,605393,,1080,1134
10/1/2016,0,,0,0
10/2/2016,0,,0,0
10/3/2016,888537,,1446,1490
10/4/2016,717113,,1089,1277
10/5/2016,729206,,1100,1129
10/6/2016,669043,,1075,1068
10/7/2016,685113,,1125,1145
10/8/2016,0,,0,0
10/9/2016,0,,0,0
10/10/2016,850338,,1349,1554
10/11/2016,857690,,1336,1379
10/12/2016,777985,,1188,1259
10/13/2016,682067,,1112,1205
10/14/2016,710584,,1138,1305
10/15/2016,0,,0,0
10/16/2016,0,,0,0
10/17/2016,873830,,1368,1516
10/18/2016,691593,,1135,1205
10/19/2016,653934,,976,1084
10/20/2016,582155,,970,1057
10/21/2016,651437,,1006,1130
10/22/2016,0,,0,0
10/23/2016,0,,0,0
10/24/2016,800791,,1266,1248
10/25/2016,752542,,1139,1097
10/26/2016,652682,,957,968
10/27/2016,618238,,964,940
10/28/2016,725076,,1031,1044
10/29/2016,0,,0,0
10/30/2016,0,,0,0
10/31/2016,844364,,1328,1250
11/1/2016,823902,,1263,1290
11/2/2016,703039,,1120,1119
11/3/2016,728900,,1123,1095
11/4/2016,756474,,1135,1135
11/5/2016,0,,0,0
11/6/2016,0,,0,0
11/7/2016,1053735,,1670,1511
11/8/2016,831601,,1213,1213
11/9/2016,871422,,1390,1205
11/10/2016,982752,,1631,1137
11/11/2016,881238,,1350,1220
11/12/2016,0,,0,0
11/13/2016,0,,0,0
11/14/2016,1188918,,1918,1485
11/15/2016,1021822,,1600,1203
11/16/2016,833928,,1327,1098
11/17/2016,841812,,1322,1089
11/18/2016,844201,,1304,1161
11/19/2016,0,,0,0
11/20/2016,0,,0,0
11/21/2016,1081248,,1687,1772
11/22/2016,974210,,1593,1495
11/23/2016,827702,,1321,969
11/24/2016,0,,0,0
11/25/2016,499988,,929,775
11/26/2016,0,,0,0
11/27/2016,0,,0,0
11/28/2016,1186450,,1820,1829
11/29/2016,1020548,,1538,1518
11/30/2016,958917,,1478,1354
12/1/2016,932429,,1560,1538
12/2/2016,1002113,,1622,1579
12/3/2016,0,,0,0
12/4/2016,0,,0,0
12/5/2016,1386955,,2209,2051
12/6/2016,1191982,,1920,1703
12/7/2016,1270614,,1982,1572
12/8/2016,1323729,,2196,1541
12/9/2016,1294595,,2377,1622
12/10/2016,0,,0,0
12/11/2016,0,,0,0
12/12/2016,1510890,,2470,2337
12/13/2016,1346829,,2139,2028
12/14/2016,1234363,,1947,1940
12/15/2016,1262431,,2003,1897
12/16/2016,1268154,,1890,1948
12/17/2016,0,,0,0
12/18/2016,0,,0,0
12/19/2016,1602731,,2419,2455
12/20/2016,1332491,,1983,2129
12/21/2016,1164687,,1786,2036
12/22/2016,1038573,,1532,1990
12/23/2016,959615,,1453,1962
12/24/2016,0,,0,0
12/25/2016,0,,0,0
12/26/2016,0,,0,0
12/27/2016,1505577,,2296,2849
12/28/2016,1188139,,1868,2498
12/29/2016,1218908,,1777,2382
12/30/2016,1167828,,1808,2411
12/31/2016,0,,0,0
1/1/2017,,,,0
1/2/2017,405581,,674,976
1/3/2017,1762314,,2695,2542
1/4/2017,1482563,,2293,1872
1/5/2017,1227268,,1865,1811
1/6/2017,1275277,,1979,1889
1/7/2017,0,,0,0
1/8/2017,0,,0,0
1/9/2017,1700725,,2649,2122
1/10/2017,1179366,,1743,1746
1/11/2017,1004605,,1522,1665
1/12/2017,982837,,1491,1524
1/13/2017,995531,,1447,1700
1/14/2017,0,,0,0
1/15/2017,0,,0,0
1/16/2017,296853,,498,554
1/17/2017,1215466,,1847,2278
1/18/2017,953190,,1466,1605
1/19/2017,865062,,1331,1437
1/20/2017,748251,,1167,1524
1/21/2017,0,,0,0
1/22/2017,0,,0,0
1/23/2017,1115505,,1723,1977
1/24/2017,1092830,,1644,1668
1/25/2017,1048903,,1657,1521
1/26/2017,913751,,1486,1418
1/27/2017,890842,,1376,1561
1/28/2017,0,,0,0
1/29/2017,0,,0,0
1/30/2017,1093518,,1689,1794
1/31/2017,899673,,1484,1662
2/1/2017,874917,,1410,1796
2/2/2017,795350,,1348,1587
2/3/2017,935752,,1522,1594
2/4/2017,0,,0,0
2/5/2017,0,,0,0
2/6/2017,1202619,,1933,1953
2/7/2017,1054821,,1729,1753
2/8/2017,850974,,1412,1512
2/9/2017,925759,,1530,1434
2/10/2017,984457,,1750,1563
2/11/2017,0,,0,0
2/12/2017,0,,0,0
2/13/2017,1278113,,2153,1839
2/14/2017,926054,,1457,1656
2/15/2017,1014830,,1571,1458
2/16/2017,1026906,,1683,1384
2/17/2017,1036806,,1583,1511
2/18/2017,0,,0,0
2/19/2017,0,,0,0
2/20/2017,369776,,618,587
2/21/2017,1287008,,2059,1984
2/22/2017,1002084,,1610,1700
2/23/2017,963144,,1492,1462
2/24/2017,913293,,1429,1495
2/25/2017,0,,0,0
2/26/2017,0,,0,0
2/27/2017,1287132,,2013,1801
2/28/2017,1057915,,1604,1602
3/1/2017,1095920,,1789,1644
3/2/2017,1140878,,1889,1547
3/3/2017,940159,,1561,1575
3/4/2017,0,,0,0
3/5/2017,0,,0,0
3/6/2017,1230670,,1928,1954
3/7/2017,1047341,,1652,1701
3/8/2017,979412,,1507,1557
3/9/2017,905491,,1399,1525
3/10/2017,1031538,,1659,1541
3/11/2017,0,,0,0
3/12/2017,0,,0,0
3/13/2017,1184767,,1836,2028
3/14/2017,1075819,,1577,1730
3/15/2017,971848,,1500,1564
3/16/2017,906241,,1469,1496
3/17/2017,851280,,1386,1454
3/18/2017,0,,0,0
3/19/2017,,,,
3/20/2017,1231424,,1857,2036
3/21/2017,976586,,1498,1762
3/22/2017,826473,,1268,1586
3/23/2017,790649,,1187,1514
3/24/2017,818082,,1317,1512
3/25/2017,266,,1,0
3/26/2017,0,,0,0
3/27/2017,1077207,,1700,1897
3/28/2017,990739,,1469,1640
3/29/2017,900424,,1268,1605
3/30/2017,887347,,1393,1533
3/31/2017,1091606,,1555,1576
4/1/2017,0,,0,0
4/2/2017,0,,0,0
4/3/2017,1250104,,1968,2052
4/4/2017,1029873,,1599,1729
4/5/2017,963140,,1515,1681
4/6/2017,1041195,,1635,1593
4/7/2017,1031270,,1544,1600
4/8/2017,0,,0,0
4/9/2017,0,,0,0
4/10/2017,1365792,,2111,2218
4/11/2017,1061596,,1674,1829
4/12/2017,983146,,1507,1734
4/13/2017,949914,,1459,1703
4/14/2017,558410,,926,930
4/15/2017,0,,0,0
4/16/2017,0,,0,0
4/17/2017,1184033,,1864,2250
4/18/2017,911048,,1368,1920
4/19/2017,686616,,1092,1525
4/20/2017,682722,,1176,1413
4/21/2017,748343,,1180,1444
4/22/2017,0,,0,0
4/23/2017,0,,0,0
4/24/2017,860156,,1432,1442
4/25/2017,809115,,1407,1236
4/26/2017,689940,,1268,1127
4/27/2017,662069,,1097,1099
4/28/2017,586878,,1006,1186
4/29/2017,0,,0,0
4/30/2017,,,,
5/1/2017,898414,,1492,1605
5/2/2017,842283,,1340,1347
5/3/2017,687028,,1059,1261
5/4/2017,668329,,1074,1245
5/5/2017,700710,,1233,1243
5/6/2017,0,,0,0
5/7/2017,,,,
5/8/2017,909784,,1494,1372
5/9/2017,761028,,1238,1307
5/10/2017,681306,,1035,1117
5/11/2017,671818,,1122,1052
5/12/2017,557020,,960,1114
5/13/2017,0,,0,0
5/14/2017,0,,0,0
5/15/2017,977999,,1557,1443
5/16/2017,806479,,1245,1265
5/17/2017,662245,,1113,1095
5/18/2017,652846,,1061,1002
5/19/2017,631528,,1032,1018
5/20/2017,,,0,0
5/21/2017,,,0,0
5/22/2017,790079,,1268,1357
5/23/2017,727180,,1133,1249
5/24/2017,679126,,1043,1112
5/25/2017,676132,,1144,1035
5/26/2017,634628,,1030,1052
5/27/2017,,,0,0
5/28/2017,,,0,0
5/29/2017,,,0,0
5/30/2017,782666,,1300,1352
5/31/2017,760352,,1155,1150
6/1/2017,761752,,1342,1078
6/2/2017,757716,,1247,1099
6/3/2017,,,0,0
6/4/2017,,,0,0
6/5/2017,986196,,1542,1628
6/6/2017,779719,,1169,1396
6/7/2017,744223,,1163,1196
6/8/2017,727736,,1204,1104
6/9/2017,801518,,1294,1085
6/10/2017,,,0,0
6/11/2017,,,0,0
6/12/2017,938154,,1562,1446
6/13/2017,730747,,1200,1350
6/14/2017,710682,,1121,1172
6/15/2017,586089,,1013,1115
6/16/2017,622640,,1043,1093
6/17/2017,,,0,0
6/18/2017,,,0,0
6/19/2017,915288,,1443,1515
6/20/2017,843282,,1401,1379
6/21/2017,675966,,1106,1085
6/22/2017,685190,,1078,1005
6/23/2017,651181,,1083,1068
6/24/2017,,,0,0
6/25/2017,,,0,0
6/26/2017,883160,,1388,1549
6/27/2017,779804,,1236,1301
6/28/2017,654286,,1127,1162
6/29/2017,623630,,1038,1154
6/30/2017,640013,,1061,1140
7/1/2017,,,0,0
7/2/2017,,,0,0
7/3/2017,671085,,1434,750
7/5/2017,939846,,1483,1763
7/6/2017,742520,,1205,1477
7/7/2017,828420,,1323,1279
7/8/2017,,,0,0
7/9/2017,,,0,0
7/10/2017,1094200,,1838,1571
7/11/2017,851431,,1356,1282
7/12/2017,775665,,1319,1142
7/13/2017,842621,,1350,1131
7/14/2017,774624,,1288,1121
7/15/2017,,,0,0
7/16/2017,,,0,0
7/17/2017,967371,,1578,1418
7/18/2017,801438,,1333,1184
7/19/2017,744648,,1314,1060
7/20/2017,698977,,1203,1052
7/21/2017,733128,,1189,1047
7/22/2017,,,0,0
7/23/2017,,,0,0
7/24/2017,888855,,1422,1357
7/25/2017,795027,,1344,1134
7/26/2017,660850,,1157,1016
7/27/2017,688138,,1186,1008
7/28/2017,711290,,1162,1003
7/29/2017,,,0,0
7/30/2017,,,0,0
7/31/2017,880192,,1437,1830
8/1/2017,888949,,1449,1746
8/2/2017,800106,,1331,1461
8/3/2017,707375,,1246,1369
8/4/2017,706960,,1201,1312
8/5/2017,51744,,96,212
8/6/2017,,,0,0
8/7/2017,1008578,,1785,1857
8/8/2017,908355,,1504,1381
8/9/2017,835272,,1338,1339
8/10/2017,765030,,1257,1369
8/11/2017,763711,,1294,1312
8/12/2017,37647,,103,212
8/13/2017,,,0,0
8/14/2017,978084,,1552,1857
8/15/2017,738920,,1232,1381
8/16/2017,712824,,1108,1339
8/17/2017,617492,,1037,1260
8/18/2017,641574,,1036,1189
8/19/2017,38250,,90,105
8/20/2017,,,0,0
8/21/2017,727727,,1195,1557
8/22/2017,731803,,1148,1362
8/23/2017,676247,,1069,1321
8/24/2017,630498,,1009,1237
8/25/2017,581040,,1058,1029
8/26/2017,42840,,71,93
8/27/2017,,,0,0
8/28/2017,787044,,1335,1467
8/29/2017,687543,,1085,1251
8/30/2017,666842,,1121,1157
8/31/2017,652716,,1149,1038
9/1/2017,740807,,1346,1216
9/2/2017,,,0,0
9/3/2017,,,0,0
9/4/2017,,,0,0
9/5/2017,948470,,1715,1727
9/6/2017,809243,,1357,1413
9/7/2017,751803,,1201,1279
9/8/2017,827970,,1316,1324
9/9/2017,57245,,116,108
9/10/2017,,,0,0
9/11/2017,950941,,1536,1708
9/12/2017,845795,,1450,1416
9/13/2017,873753,,1366,1242
9/14/2017,754321,,1190,1175
9/15/2017,756369,,1280,1192
9/16/2017,51870,,97,108
9/17/2017,,,0,0
9/18/2017,963343,,1634,1694
9/19/2017,770846,,1318,1389
9/20/2017,688588,,1238,1236
9/21/2017,587106,,1041,1233
9/22/2017,621324,,1079,1207
9/23/2017,31960,,68,108
9/24/2017,,,0,0
9/25/2017,859618,,1408,1501
9/26/2017,694423,,1186,1238
9/27/2017,634090,,1068,1173
9/28/2017,606603,,1027,1128
9/29/2017,642132,,1112,1175
9/30/2017,50336,,109,91
10/1/2017,,,0,0
10/2/2017,942101,,1613,1769
10/3/2017,844410,,1521,1566
10/4/2017,753192,,1334,1471
10/5/2017,764035,,1326,1410
10/6/2017,883168,,1595,1478
10/7/2017,50616,,114,103
10/8/2017,,,0,0
10/9/2017,979830,,1620,1375
10/10/2017,888739,,1506,1432
10/11/2017,784746,,1380,1301
10/12/2017,718238,,1299,1231
10/13/2017,751345,,1277,1271
10/14/2017,,,0,0
10/15/2017,,,0,0
10/16/2017,954114,,1676,1532
10/17/2017,736984,,1324,1423
10/18/2017,740072,,1302,1365
10/19/2017,658488,,1208,1171
10/20/2017,687237,,1288,1275
10/21/2017,64890,,105,104
10/22/2017,,,0,0
10/23/2017,901278,,1525,1491
10/24/2017,791914,,1347,1386
10/25/2017,651351,,1226,1318
10/26/2017,616812,,1074,1156
10/27/2017,681520,,1298,1185
10/28/2017,40743,,81,101
10/29/2017,,,0,0
10/30/2017,831615,,1470,1548
10/31/2017,641201,,1175,1345
11/1/2017,725565,,1338,1396
11/2/2017,677724,,1236,1295
11/3/2017,714303,,1311,1338
11/4/2017,33088,,69,101
11/5/2017,,,0,0
11/6/2017,1006922,,1718,1876
11/7/2017,921652,,1589,1509
11/8/2017,905972,,1604,1352
11/9/2017,735461,,1325,1340
11/10/2017,748296,,1343,1376
11/11/2017,46960,,85,91
11/12/2017,,,0,0
11/13/2017,872536,,1455,2005
11/14/2017,723642,,1357,1707
11/15/2017,717353,,1310,1457
11/16/2017,699536,,1262,1413
11/17/2017,727506,,1327,1399
11/18/2017,50072,,98,101
11/19/2017,,,0,0
11/20/2017,1009458,,1746,1774
11/21/2017,881190,,1547,1600
11/22/2017,683024,,1225,1292
11/23/2017,,,0,0
11/24/2017,487725,,949,984
11/25/2017,,,0,0
11/26/2017,,,0,0
11/27/2017,1123548,,1975,1934
11/28/2017,949322,,1671,1616
11/29/2017,928844,,1642,1369
11/30/2017,968338,,1812,1326
12/1/2017,1116720,,2172,1390
12/2/2017,101283,,194,101
12/3/2017,,,0,0
12/4/2017,1320735,,2361,2317
12/5/2017,1038672,,1869,2133
12/6/2017,1087952,,1825,2025
12/7/2017,1086886,,1817,1863
12/8/2017,1094674,,1889,1996
12/9/2017,112950,,220,117
12/10/2017,,,0,0
12/11/2017,1444893,,2560,2228
12/12/2017,1314831,,2216,2039
12/13/2017,1181439,,2161,1936
12/14/2017,1191710,,2202,1781
12/15/2017,1398140,,2667,1909
12/16/2017,141226,,241,216
12/17/2017,,,0,0
12/18/2017,1747257,,3016,2773
12/19/2017,1426761,,2515,2512
12/20/2017,1273866,,2225,2420
12/21/2017,1222008,,2205,2379
12/22/2017,1296812,,2258,2390
12/23/2017,94395,,157,187
12/24/2017,,,0,0
12/25/2017,,,0,0
12/26/2017,1467258,,2367,3159
12/27/2017,1493109,,2466,2973
12/28/2017,1384875,,2335,2903
12/29/2017,1278714,,2176,2955
12/30/2017,106560,,206,314
12/31/2017,,,0,0
1/1/2018,79460,,145,644
1/2/2018,2172873,,3894,3297
1/3/2018,1616497,,2956,2523
1/4/2018,1479868,,2618,2215
1/5/2018,1605753,,2883,2422
1/6/2018,1179195,,298,177
1/7/2018,,,0,0
1/8/2018,1917399,,3448,2794
1/9/2018,1537236,,2655,2126
1/10/2018,1248262,,2238,1757
1/11/2018,1111295,,2032,1705
1/12/2018,1335111,,2335,1772
1/13/2018,112290,,213,164
1/14/2018,,,0,0
1/15/2018,391222,,738,657
1/16/2018,1035044,,2543,2503
1/17/2018,1335116,,2416,2064
1/18/2018,1130620,,2107,1875
1/19/2018,1040139,,1869,1899
1/20/2018,102538,,169,212
1/21/2018,,,0,0
1/22/2018,1353105,,2541,2668
1/23/2018,1161309,,2166,2312
1/24/2018,1056887,,1997,2169
1/25/2018,1004806,,1852,2019
1/26/2018,1074221,,1932,2135
1/27/2018,123310,,213,178
1/28/2018,,,0,0
1/29/2018,1349964,,2500,2581
1/30/2018,1145227,,2057,2236
1/31/2018,902180,,1697,2089
2/1/2018,971822,,1788,2115
2/2/2018,1069556,,2055,2147
2/3/2018,124440,,207,204
2/4/2018,,,0,0
2/5/2018,1547143,,3335,2515
2/6/2018,1355978,,2527,2236
2/7/2018,1125897,,2139,1971
2/8/2018,1041458,,2051,1831
2/9/2018,1199848,,2248,2058
2/10/2018,92576,,182,211
2/11/2018,,,0,0
2/12/2018,1282575,,2523,2553
2/13/2018,932423,,1762,2221
2/14/2018,838122,,1638,2013
2/15/2018,886462,,1734,1862
2/16/2018,954939,,1779,2042
2/17/2018,88500,,150,205
2/18/2018,,,0,0
2/19/2018,319716,,675,831
2/20/2018,1136558,,2130,2442
2/21/2018,868865,,1669,2140
2/22/2018,827812,,1562,1976
2/23/2018,826026,,1557,2051
2/24/2018,105336,,207,201
2/25/2018,,,0,0
2/26/2018,1223550,,2451,2324
2/27/2018,892868,,1762,1915
2/28/2018,753048,,1495,1702
3/1/2018,832006,,1634,2024
3/2/2018,905236,,1699,1954
3/3/2018,86736,,144,198
3/4/2018,,,0,0
3/5/2018,1150564,,2243,2600
3/6/2018,894592,,1802,2165
3/7/2018,879448,,1698,2064
3/8/2018,794450,,1533,1863
3/9/2018,1030319,,1980,2049
3/10/2018,94163,,199,208
3/11/2018,,,0,0
3/12/2018,1184511,,2268,2130
3/13/2018,961176,,1806,1864
3/14/2018,795156,,1543,1773
3/15/2018,734072,,1428,1630
3/16/2018,828273,,1551,1750
3/17/2018,84937,,159,156
3/18/2018,,,0,0
3/19/2018,1078104,,2146,2034
3/20/2018,949557,,1769,1777
3/21/2018,846376,,1581,1616
3/22/2018,812232,,1570,1498
3/23/2018,799581,,1588,1611
3/24/2018,,,0,0
3/25/2018,,,0,0
3/26/2018,1157541,,2311,2069
3/27/2018,886790,,1762,1812
3/28/2018,745638,,1443,1723
3/29/2018,752576,,1503,1584
3/30/2018,271860,,596,747
3/31/2018,66906,,129,141
4/1/2018,,,0,0
4/2/2018,1271775,,2475,2522
4/3/2018,904728,,1782,2202
4/4/2018,816663,,1588,2093
4/5/2018,787346,,1587,1926
4/6/2018,1031860,,1913,2066
4/7/2018,117612,,199,181
4/8/2018,,,,
4/9/2018,1321060,,2426,2416
4/10/2018,1039599,,1965,2084
4/11/2018,896253,,1649,1980
4/12/2018,906822,,1740,1882
4/13/2018,883464,,1680,2040
4/14/2018,96096,,186,189
4/15/2018,,,0,0
4/16/2018,1231505,,2332,2350
4/17/2018,951840,,1786,1944
4/18/2018,628407,,1265,1776
4/19/2018,608088,,1144,1591
4/20/2018,647050,,1251,1822
4/21/2018,48380,,83,142
4/22/2018,,,0,0
4/23/2018,595677,,1411,1589
4/24/2018,678674,,1204,1385
4/25/2018,572769,,1120,1300
4/26/2018,499802,,988,1191
4/27/2018,567149,,1107,1282
4/28/2018,36348,,78,102
4/29/2018,,,0,0
4/30/2018,733932,,1395,1822
5/1/2018,576278,,1181,1800
5/2/2018,565474,,1124,1630
5/3/2018,482397,,961,1468
5/4/2018,531358,,1091,1539
5/5/2018,43658,,86,154
5/6/2018,,,0,0
5/7/2018,763393,,1498,1810
5/8/2018,662864,,1305,1533
5/9/2018,539938,,1063,1442
5/10/2018,556466,,1179,1338
5/11/2018,549727,,1109,1432
5/12/2018,44844,,101,121
5/13/2018,,,0,0
5/14/2018,825187,,1702,1406
5/15/2018,646915,,1301,1218
5/16/2018,596934,,1205,1119
5/17/2018,561700,,1111,991
5/18/2018,528281,,1055,1120
5/19/2018,37516,,84,74
5/20/2018,,,0,0
5/21/2018,706031,,1391,1334
5/22/2018,630464,,1246,1128
5/23/2018,554900,,1072,1016
5/24/2018,508974,,1013,895
5/25/2018,481894,,1004,1001
5/26/2018,,,0,0
5/27/2018,,,0,0
5/28/2018,,,0,0
5/29/2018,742496,,1491,1611
5/30/2018,628394,,1244,1266
5/31/2018,530895,,1054,1061
6/1/2018,603501,,1205,1193
6/2/2018,,,0,0
6/3/2018,,,0,0
6/4/2018,877395,,1839,1550
6/5/2018,634366,,1257,1330
6/6/2018,656408,,1337,1255
6/7/2018,630603,,1311,1150
6/8/2018,659923,,1290,1205
6/9/2018,,,0,0
6/10/2018,,,0,0
6/11/2018,838346,,1641,1441
6/12/2018,691925,,1453,1269
6/13/2018,576514,,1173,1177
6/14/2018,547907,,1134,1039
6/15/2018,548103,,1107,1172
6/16/2018,,,0,0
6/17/2018,,,0,0
6/18/2018,659886,,1405,1447
6/19/2018,597463,,1228,1282
6/20/2018,504930,,1056,1149
6/21/2018,498238,,1014,1075
6/22/2018,484936,,1066,1148
6/23/2018,,,0,0
6/24/2018,,,0,0
6/25/2018,673734,,1369,1428
6/26/2018,545990,,1116,1266
6/27/2018,473716,,995,1134
6/28/2018,491536,,999,1060
6/29/2018,514415,,1059,1132
6/30/2018,,,0,0
7/1/2018,,,0,0
7/2/2018,738880,,1496,1477
7/3/2018,596044,,1171,1175
7/4/2018,,,0,0
7/5/2018,607296,,1257,1245
7/6/2018,585638,,1186,1273
7/7/2018,,,0,0
7/8/2018,,,0,0
7/9/2018,876454,,1761,1412
7/10/2018,849850,,1658,1232
7/11/2018,669166,,1337,1087
7/12/2018,642130,,1302,1009
7/13/2018,672572,,1437,1055
7/14/2018,,,0,0
7/15/2018,,,0,0
7/16/2018,724136,,1497,1398
7/17/2018,673353,,1326,1219
7/18/2018,640548,,1249,1075
7/19/2018,570654,,1150,999
7/20/2018,557265,,1123,1045
7/21/2018,,,0,0
7/22/2018,,,0,0
7/23/2018,748512,,1534,1345
7/24/2018,600805,,1279,1175
7/25/2018,566904,,1204,1036
7/26/2018,605627,,1271,962
7/27/2018,571729,,1220,1005
7/28/2018,,,0,0
7/29/2018,,,0,0
7/30/2018,677522,,1413,1472
7/31/2018,589494,,1201,1302
8/1/2018,614531,,1310,1479
8/2/2018,531332,,1138,1406
8/3/2018,628832,,1245,1240
8/4/2018,,,0,0
8/5/2018,,,0,0
8/6/2018,858096,,1707,1771
8/7/2018,760884,,1578,1529
8/8/2018,649602,,1371,1380
8/9/2018,663195,,1329,1231
8/10/2018,633502,,1275,1336
8/11/2018,,,0,0
8/12/2018,,,0,0
8/13/2018,820093,,1633,1521
8/14/2018,718693,,1442,1331
8/15/2018,597636,,1197,1204
8/16/2018,584684,,1217,1156
8/17/2018,621177,,1241,1185
8/18/2018,,,0,0
8/19/2018,,,0,0
8/20/2018,773862,,1599,1439
8/21/2018,720336,,1456,1220
8/22/2018,550114,,1139,1100
8/23/2018,548363,,1126,1054
8/24/2018,591803,,1255,1083
8/25/2018,,,0,0
8/26/2018,,,0,0
8/27/2018,916025,,1993,1462
8/28/2018,776239,,1563,1239
8/29/2018,690967,,1424,1117
8/30/2018,669623,,1388,1069
8/31/2018,558330,,1128,1099
9/1/2018,,,0,0
9/2/2018,,,0,0
9/3/2018,,,0,0
9/4/2018,908280,,1820,1719
9/5/2018,725136,,1490,1349
9/6/2018,691971,,1329,1228
9/7/2018,705790,,1408,1299
9/8/2018,,,0,0
9/9/2018,,,0,0
9/10/2018,943068,,1935,1529
9/11/2018,737919,,1576,1319
9/12/2018,647109,,1356,1203
9/13/2018,651525,,1381,1140
9/14/2018,686914,,1365,1173
9/15/2018,,,0,0
9/16/2018,,,0,0
9/17/2018,826392,,1624,1656
9/18/2018,698158,,1412,1427
9/19/2018,636420,,1370,1282
9/20/2018,667580,,1318,1228
9/21/2018,701702,,1449,1252
9/22/2018,,,0,0
9/23/2018,,,0,0
9/24/2018,770802,,1552,1574
9/25/2018,669908,,1379,1408
9/26/2018,632091,,1287,1249
9/27/2018,468372,,955,1204
9/28/2018,572860,,1205,1244
9/29/2018,,,0,0
9/30/2018,,,0,0
10/1/2018,895449,,1802,1801
10/2/2018,755855,,1529,1526
10/3/2018,696289,,1356,1376
10/4/2018,699852,,1439,1318
10/5/2018,736124,,1537,1538
10/6/2018,,,0,0
10/7/2018,,,0,0
10/8/2018,781439,,1632,1764
10/9/2018,819296,,1703,1495
10/10/2018,839798,,1728,1348
10/11/2018,840526,,1731,1290
10/12/2018,727704,,1531,1326
10/13/2018,,,0,0
10/14/2018,,,0,0
10/15/2018,869791,,1676,1849
10/16/2018,686677,,1387,1539
10/17/2018,636615,,1226,1431
10/18/2018,574510,,1130,1357
10/19/2018,599530,,1172,1401
10/20/2018,,,0,0
10/21/2018,,,0,0
10/22/2018,761364,,1467,1757
10/23/2018,658995,,1313,1488
10/24/2018,676868,,1337,1341
10/25/2018,450529,,1043,1284
10/26/2018,576737,,1233,1319
10/27/2018,,,0,0
10/28/2018,,,0,0
10/29/2018,643770,,1405,1722
10/30/2018,558704,,1181,1458
10/31/2018,555552,,1216,1315
11/1/2018,552393,,1226,1258
11/2/2018,593573,,1328,1293
11/3/2018,,,0,0
11/4/2018,,,0,0
11/5/2018,769316,,1869,1860
11/6/2018,655880,,1443,1494
11/7/2018,616036,,1498,1355
11/8/2018,688854,,1523,1276
11/9/2018,697989,,1626,1333
11/10/2018,,,0,0
11/11/2018,,,0,0
11/12/2018,605901,,1375,1846
11/13/2018,734411,,1790,1699
11/14/2018,712455,,1662,1301
11/15/2018,706412,,1601,1286
11/16/2018,758648,,1481,1333
11/17/2018,,,0,0
11/18/2018,,,0,0
11/19/2018,931388,,1792,1865
11/20/2018,845777,,1504,1733
11/21/2018,622468,,1147,1339
11/22/2018,,,0,0
11/23/2018,425186,,703,945
11/24/2018,,,0,0
11/25/2018,,,0,0
11/26/2018,1081206,,2215,1968
11/27/2018,944089,,1605,1758
11/28/2018,924693,,1826,1606
11/29/2018,899430,,1578,1528
11/30/2018,839866,,1337,1594
12/1/2018,,,0,0
12/2/2018,,,0,0
12/3/2018,1318495,,2828,2405
12/4/2018,1117188,,1871,2009
12/5/2018,434015,,742,1231
12/6/2018,1135214,,1901,2258
12/7/2018,1018059,,1860,1999
12/8/2018,,,0,0
12/9/2018,,,0,0
12/10/2018,1526223,,2532,2808
12/11/2018,1239337,,2190,2261
12/12/2018,1096148,,1931,2064
12/13/2018,1095184,,1831,1954
12/14/2018,1121925,,2435,2045
12/15/2018,,,0,0
12/16/2018,,,0,0
12/17/2018,1680598,,3085,3153
12/18/2018,1287871,,2464,2629
12/19/2018,1148605,,2020,2400
12/20/2018,1356424,,3093,2268
12/21/2018,1361303,,2873,2376
12/22/2018,,,0,0
12/23/2018,0,,0,0
12/24/2018,933660,,1915,1445
12/25/2018,,,0,0
12/26/2018,1432339,,2956,2183
12/27/2018,1385376,,2574,2339
12/28/2018,1413183,,2595,2643
12/29/2018,,,0,0
12/30/2018,0,,0,0
12/31/2018,1104021,,2260,2227
1/1/2019,0,,0,0
1/2/2019,1630128,,3184,2979
1/3/2019,1224541,,1917,2597
1/4/2019,1246820,,2200,2736
1/5/2019,,,0,0
1/6/2019,0,,0,0
1/7/2019,1733926,,3208,3755
1/8/2019,1354712,,2319,2848
1/9/2019,1202045,,2118,2476
1/10/2019,1147465,,1886,2228
1/11/2019,999378,,1623,2528
1/12/2019,,,0,0
1/13/2019,0,,0,0
1/14/2019,1177902,,2096,3016
1/15/2019,912835,,1499,2276
1/16/2019,921058,,1592,2046
1/17/2019,833375,,1349,1766
1/18/2019,920890,,1568,1977
1/19/2019,,,0,0
1/20/2019,,,0,0
1/21/2019,297009,,543,821
1/22/2019,943144,,1977,2326
1/23/2019,765443,,1264,2201
1/24/2019,729160,,1236,1992
1/25/2019,805725,,1342,2170
1/26/2019,,,0,0
1/27/2019,0,,0,0
1/28/2019,1039894,,1867,2163
1/29/2019,920754,,1648,2038
1/30/2019,900438,,1599,1787
1/31/2019,926994,,1532,1706
2/1/2019,950084,,1755,1900
2/2/2019,,,0,0
2/3/2019,,,0,0
2/4/2019,1203345,,2145,2875
2/5/2019,995692,,1707,2401
2/6/2019,846841,,1402,2192
2/7/2019,797996,,1328,2075
2/8/2019,899154,,1461,2171
2/9/2019,,,0,0
2/10/2019,,,0,0
2/11/2019,1181452,,2289,2015
2/12/2019,1013043,,1905,1600
2/13/2019,930675,,1604,1365
2/14/2019,774036,,1347,1302
2/15/2019,888774,,1523,1547
2/16/2019,,,0,0
2/17/2019,,,0,0
2/18/2019,0,,0,0
2/19/2019,1473318,,2817,1958
2/20/2019,1022149,,2122,1680
2/21/2019,936094,,1571,1528
2/22/2019,956424,,1645,1615
2/23/2019,,,0,0
2/24/2019,,,0,0
2/25/2019,1237778,,2424,2117
2/26/2019,975884,,1655,1817
2/27/2019,773784,,1300,1636
2/28/2019,812309,,1369,1546
3/1/2019,941443,,1684,1610
3/2/2019,,,0,0
3/3/2019,,,0,0
3/4/2019,1194038,,2757,2105
3/5/2019,1075020,,1767,1759
3/6/2019,973957,,1574,1606
3/7/2019,933154,,1504,1521
3/8/2019,985963,,1531,1591
3/9/2019,,,0,0
3/10/2019,,,0,0
3/11/2019,1388337,,2059,2142
3/12/2019,1076991,,1657,1791
3/13/2019,929099,,1581,1636
3/14/2019,891825,,1423,1552
3/15/2019,1195352,,2721,1622
3/16/2019,,,0,0
3/17/2019,0,,0,0
3/18/2019,1691846,,2718,2121
3/19/2019,1185796,,1866,1722
3/20/2019,958850,,1432,1665
3/21/2019,1064129,,1810,1519
3/22/2019,985950,,1545,1621
3/23/2019,,,0,0
3/24/2019,0,,0,0
3/25/2019,1326559,,1944,2157
3/26/2019,966467,,1533,1785
3/27/2019,895505,,1409,1740
3/28/2019,716986,,1124,1560
3/29/2019,917749,,1505,1698
3/30/2019,,,0,0
3/31/2019,0,,0,0
4/1/2019,1676817,,2765,2316
4/2/2019,1282660,,2005,1833
4/3/2019,1011408,,1633,1787
4/4/2019,1085735,,1713,1602
4/5/2019,1132362,,1894,1744
4/6/2019,,,0,0
4/7/2019,0,,0,0
4/8/2019,1579536,,2585,2404
4/9/2019,1170612,,1898,2062
4/10/2019,926840,,1602,1838
4/11/2019,962832,,1534,1770
4/12/2019,1158104,,1841,1923
4/13/2019,203072,,353,0
4/14/2019,0,,0,0
4/15/2019,1340394,,2135,2366
4/16/2019,758066,,1365,1860
4/17/2019,648625,,1164,1431
4/18/2019,641154,,1101,1426
4/19/2019,0,,0,0
4/20/2019,0,,0,0
4/21/2019,0,,0,0
4/22/2019,994388,,1704,1805
4/23/2019,820374,,1438,1419
4/24/2019,727487,,1285,1303
4/25/2019,589258,,1001,1097
4/26/2019,342951,,1184,1265
4/27/2019,0,,0,0
4/28/2019,0,,0,0
4/29/2019,941361,,1561,2109
4/30/2019,675006,,1137,1462
5/1/2019,700206,,1215,1365
5/2/2019,577170,,1015,1260
5/3/2019,673926,,1121,1307
5/4/2019,0,,0,0
5/5/2019,0,,0,0
5/6/2019,889053,,1494,1831
5/7/2019,746148,,1286,1259
5/8/2019,641652,,1070,1121
5/9/2019,598840,,1040,981
5/10/2019,692611,,1134,1153
5/11/2019,0,,0,0
5/12/2019,0,,0,0
5/13/2019,933514,,1537,1565
5/14/2019,653974,,1131,1287
5/15/2019,613944,,1015,1084
5/16/2019,628233,,1058,981
5/17/2019,576261,,953,1153
5/18/2019,,,0,0
5/19/2019,,,0,0
5/20/2019,705619,,1198,1360
5/21/2019,571441,,998,1199
5/22/2019,511646,,870,1075
5/23/2019,485435,,847,965
5/24/2019,489955,,806,964
5/25/2019,,,0,0
5/26/2019,0,,0,0
5/27/2019,0,,0,0
5/28/2019,747127,,1278,1467
5/29/2019,618110,,1091,1193
5/30/2019,533538,,897,1053
5/31/2019,559175,,995,1144
6/1/2019,,,0,0
6/2/2019,,,0,0
6/3/2019,839675,,1400,1573
6/4/2019,632730,,1137,1301
6/5/2019,619153,,1051,1251
6/6/2019,621337,,1115,1099
6/7/2019,742823,,1323,1162
6/8/2019,0,,0,0
6/9/2019,0,,0,0
6/10/2019,1037576,,1760,1464
6/11/2019,750776,,1295,1227
6/12/2019,658740,,1099,1120
6/13/2019,608116,,1042,1065
6/14/2019,551935,,968,1111
6/15/2019,,,0,0
6/16/2019,0,,0,0
6/17/2019,800780,,1336,1296
6/18/2019,773086,,1347,1081
6/19/2019,645862,,1113,1013
6/20/2019,783083,,1333,951
6/21/2019,802244,,1393,1011
6/22/2019,,,0,0
6/23/2019,,,0,0
6/24/2019,886796,,1448,1256
6/25/2019,706347,,1164,1047
6/26/2019,589719,,998,982
6/27/2019,537909,,936,922
6/28/2019,620043,,1018,980
6/29/2019,,,0,0
6/30/2019,,,0,0
7/1/2019,906690,,1538,1319
7/2/2019,713840,,1286,1111
7/3/2019,687432,,1165,727
7/4/2019,,,0,0
7/5/2019,799096,,1560,845
7/6/2019,,,0,0
7/7/2019,0,,0,0
7/8/2019,1155058,,2765,1559
7/9/2019,1046250,,1960,1327
7/10/2019,956568,,1722,1215
7/11/2019,836072,,1416,1124
7/12/2019,986504,,1718,1278
7/13/2019,,,0,0
7/14/2019,,,0,0
7/15/2019,1208520,,2021,2405
7/16/2019,857735,,1424,1967
7/17/2019,752856,,1224,1704
7/18/2019,682734,,1114,1490
7/19/2019,689147,,1126,1523
7/20/2019,,,0,0
7/21/2019,,,0,0
7/22/2019,840690,,1376,2379
7/23/2019,781492,,1288,1947
7/24/2019,617642,,1003,1689
7/25/2019,660968,,1019,1481
7/26/2019,671800,,1102,1514
7/27/2019,,,0,0
7/28/2019,,,0,0
7/29/2019,883827,,1376,1339
7/30/2019,787552,,1388,1253
7/31/2019,697800,,1345,976
8/1/2019,668914,,1111,1167
8/2/2019,644859,,1096,1216
8/3/2019,0,,0,0
8/4/2019,0,,0,0
8/5/2019,1038200,,1772,1634
8/6/2019,772655,,1215,1479
8/7/2019,776244,,1176,1352
8/8/2019,759268,,1377,1307
8/9/2019,698125,,1157,1322
8/10/2019,,,0,0
8/11/2019,,,0,0
8/12/2019,831270,,1364,1524
8/13/2019,749784,,1276,1380
8/14/2019,735959,,1220,1262
8/15/2019,675600,,1105,1219
8/16/2019,730824,,1144,1234
8/17/2019,0,,0,0
8/18/2019,0,,0,0
8/19/2019,898185,,1623,1342
8/20/2019,733447,,1184,1255
8/21/2019,658216,,1072,1201
8/22/2019,631528,,1008,1200
8/23/2019,632359,,1052,1213
8/24/2019,0,,0,0
8/25/2019,0,,0,0
8/26/2019,750799,,1217,1599
8/27/2019,640381,,1115,1374
8/28/2019,579948,,967,1272
8/29/2019,626818,,1027,1226
8/30/2019,609066,,994,1280
8/31/2019,0,,0,0
9/1/2019,0,,0,0
9/2/2019,0,,0,0
9/3/2019,920067,,1490,1650
9/4/2019,794722,,1330,1305
9/5/2019,831330,,1328,1229
9/6/2019,808266,,1320,1289
9/7/2019,0,,0,0
9/8/2019,0,,0,0
9/9/2019,1127520,,1767,1646
9/10/2019,855173,,1396,1614
9/11/2019,797285,,1339,1378
9/12/2019,839610,,1463,1234
9/13/2019,753115,,1242,1285
9/14/2019,,,0,0
9/15/2019,,,0,0
9/16/2019,922030,,1453,1635
9/17/2019,724111,,1221,1339
9/18/2019,609558,,1027,1232
9/19/2019,633995,,1017,1153
9/20/2019,626279,,1009,1220
9/21/2019,0,,0,0
9/22/2019,0,,0,0
9/23/2019,874008,,1356,1557
9/24/2019,630114,,1045,1230
9/25/2019,607840,,954,1079
9/26/2019,595178,,910,1063
9/27/2019,619921,,980,1142
9/28/2019,0,,0,0
9/29/2019,0,,0,0
9/30/2019,820310,,1223,1413
10/1/2019,770499,,1279,1395
10/2/2019,656959,,1109,1378
10/3/2019,625158,,1025,1246
10/4/2019,682415,,1105,1289
10/5/2019,,,0,0
10/6/2019,,,0,0
10/7/2019,967941,,1516,1721
10/8/2019,817114,,1328,1404
10/9/2019,757064,,1189,1309
10/10/2019,673494,,1092,1211
10/11/2019,896508,,1491,1275
10/12/2019,,,0,0
10/13/2019,,,0,0
10/14/2019,914650,,1411,1575
10/15/2019,889137,,1443,1233
10/16/2019,897848,,1445,1170
10/17/2019,739734,,1193,1066
10/18/2019,728400,,1150,1185
10/19/2019,,,0,0
10/20/2019,,,0,0
10/21/2019,998068,,1509,1507
10/22/2019,887476,,1408,1308
10/23/2019,730442,,1152,1234
10/24/2019,724340,,1116,1108
10/25/2019,783315,,1237,1164
10/26/2019,,,0,0
10/27/2019,,,0,0
10/28/2019,1046568,,1639,1482
10/29/2019,896911,,1405,1285
10/30/2019,765187,,1235,1213
10/31/2019,684989,,1074,1090
11/1/2019,956223,,1535,1145
11/2/2019,,,0,0
11/3/2019,,,0,0
11/4/2019,1337034,,2198,1658
11/5/2019,1001398,,1578,1439
11/6/2019,852738,,1381,1357
11/7/2019,898839,,1468,1219
11/8/2019,986982,,1502,1280
11/9/2019,,,0,0
11/10/2019,,,0,0
11/11/2019,880718,,1328,1347
11/12/2019,1035181,,1661,1563
11/13/2019,959153,,1538,1269
11/14/2019,992473,,1531,1128
11/15/2019,994465,,1576,1154
11/16/2019,,,0,0
11/17/2019,,,0,0
11/18/2019,1395536,,2200,1731
11/19/2019,1009771,,1589,1447
11/20/2019,918570,,1453,1314
11/21/2019,960655,,1502,1238
11/22/2019,1044997,,1626,1312
11/23/2019,,,0,0
11/24/2019,,,0,0
11/25/2019,1367115,,2218,1655
11/26/2019,1133253,,1855,1394
11/27/2019,852206,,1387,946
11/28/2019,,,0,0
11/29/2019,627258,,995,633
11/30/2019,,,0,0
12/1/2019,,,0,0
12/2/2019,1457350,,2328,2651
12/3/2019,1213929,,1821,1933
12/4/2019,1083739,,1667,1749
12/5/2019,1080264,,1658,1607
12/6/2019,1363837,,2066,1737
12/7/2019,,,0,0
12/8/2019,,,0,0
12/9/2019,1637700,,2686,2868
12/10/2019,1358600,,2034,2121
12/11/2019,1305643,,1917,1919
12/12/2019,1138357,,1722,1765
12/13/2019,1337371,,2295,1867
12/14/2019,,,0,0
12/15/2019,,,0,0
12/16/2019,1764384,,2947,2990
12/17/2019,1598936,,2688,2359
12/18/2019,1460933,,2066,1988
12/19/2019,1201893,,1886,2500
12/20/2019,1362450,,2320,2673
12/21/2019,113400,,180,230
12/22/2019,0,,0,0
12/23/2019,1679505,,2731,3346
12/24/2019,770614,,1174,1436
12/25/2019,,,0,0
12/26/2019,1269804,,2014,2317
12/27/2019,1356438,,2327,2422
12/28/2019,174200,,272,204
12/29/2019,0,,0,0
12/30/2019,1522600,,2891,2946
12/31/2019,1024328,,1690,1859
1/1/2020,0,,0,0
1/2/2020,2091822,,4148,2873
1/3/2020,1488466,,2407,2697
1/4/2020,142072,,239,281
1/5/2020,,,0,0
1/6/2020,1679944,,2763,3277
1/7/2020,1508675,,2369,2371
1/8/2020,1416206,,2332,2183
1/9/2020,1354891,,2195,1946
1/10/2020,1294320,,2014,1781
1/11/2020,127530,,239,228
1/12/2020,0,,0,0
1/13/2020,1487611,,2483,2137
1/14/2020,1176954,,1909,1581
1/15/2020,1050282,,1763,1545
1/16/2020,1165966,,1902,1429
1/17/2020,1166058,,2032,1590
1/18/2020,151650,,226,192
1/19/2020,0,,0,0
1/20/2020,376908,,643,498
1/21/2020,1258465,,2035,1814
1/22/2020,1159040,,1953,1566
1/23/2020,863507,,1450,1463
1/24/2020,918883,,1521,1660
1/25/2020,92752,,191,198
1/26/2020,0,,0,0
1/27/2020,1136121,,1817,2049
1/28/2020,882816,,1523,1742
1/29/2020,832676,,1401,1591
1/30/2020,826475,,1384,1509
1/31/2020,856304,,1545,1577
2/1/2020,0,,0,0
2/2/2020,0,,0,0
2/3/2020,1159632,,2061,2160
2/4/2020,954180,,1719,1753
2/5/2020,965975,,1703,1627
2/6/2020,941966,,1653,1569
2/7/2020,935374,,1687,1620
2/8/2020,0,,0,0
2/9/2020,0,,0,0
2/10/2020,1320512,,2199,2130
2/11/2020,983421,,1714,1783
2/12/2020,946774,,1627,1627
2/13/2020,885178,,1502,1546
2/14/2020,836410,,1436,1613
2/15/2020,0,,0,0
2/16/2020,0,,0,0
2/17/2020,0,,0,0
2/18/2020,1350675,,2381,2738
2/19/2020,1038644,,1852,2063
2/20/2020,871436,,1523,1527
2/21/2020,917304,,1604,1700
2/22/2020,0,,0,0
2/23/2020,0,,0,0
2/24/2020,1222508,,2215,2033
2/25/2020,1064942,,1903,1702
2/26/2020,917618,,1616,1555
2/27/2020,1138110,,1949,1477
2/28/2020,1300770,,2682,1541
2/29/2020,0,,0,0
3/1/2020,0,,0,0
3/2/2020,1307213,,2292,2261
3/3/2020,1030628,,1726,1793
3/4/2020,875220,,1486,1628
3/5/2020,904041,,1511,1547
3/6/2020,1021111,,1726,1613
3/7/2020,0,,0,0
3/8/2020,0,,0,0
3/9/2020,524285,,2672,2037
3/10/2020,1210186,,1968,1746
3/11/2020,1055048,,1798,1617
3/12/2020,1576427,,2903,1539
3/13/2020,1395718,,2267,1585
3/14/2020,0,,0,0
3/15/2020,0,,0,0
3/16/2020,1543730,,2922,2272
3/17/2020,1400272,,2432,1867
3/18/2020,1558755,,2665,1683
3/19/2020,1509571,,2399,1647
3/20/2020,1343087,,2150,1750
3/21/2020,0,,0,0
3/22/2020,0,,0,0
3/23/2020,1799817,,3110,2176
3/24/2020,1315661,,2029,1851
3/25/2020,1226951,,1911,1714
3/26/2020,1013398,,1602,1633
3/27/2020,1045288,,1631,1681
3/28/2020,0,,0,0
3/29/2020,,,0,0
3/30/2020,1180154,,1735,2380
3/31/2020,909666,,1424,1758
4/1/2020,938753,,1437,1485
4/2/2020,788995,,1291,1503
4/3/2020,858114,,1377,1724
4/4/2020,,,0,0
4/5/2020,,,0,0
4/6/2020,1202890,,1766,1797
4/7/2020,1209731,,1941,1489
4/8/2020,1132579,,1769,1422
4/9/2020,1065369,,1645,1350
4/10/2020,,,0,0
4/11/2020,,,0,0
4/12/2020,,,0,0
4/13/2020,1528179,,2235,1927
4/14/2020,1055834,,1623,1597
4/15/2020,900528,,1358,1525
4/16/2020,795350,,1245,1448
4/17/2020,909607,,1385,1464
4/18/2020,,,0,0
4/19/2020,,,0,0
4/20/2020,1055139,,1662,1786
4/21/2020,751650,,1220,1481
4/22/2020,609916,,960,1414
4/23/2020,586108,,1011,1342
4/24/2020,636489,,1016,1357
4/25/2020,,,0,0
4/26/2020,,,0,0
4/27/2020,821315,,1307,1812
4/28/2020,690531,,1107,1393
4/29/2020,744983,,1172,1333
4/30/2020,694159,,1143,1265
5/1/2020,660045,,1093,1279
5/2/2020,,,0,0
5/3/2020,,,0,0
5/4/2020,792604,,1219,1621
5/5/2020,723447,,1144,1193
5/6/2020,700874,,1124,937
5/7/2020,693831,,1175,986
5/8/2020,743401,,1288,992
5/9/2020,,,0,0
5/10/2020,,,0,0
5/11/2020,916390,,1489,1621
5/12/2020,729361,,1211,1225
5/13/2020,605653,,1043,1039
5/14/2020,631401,,1075,1025
5/15/2020,647323,,1072,1034
5/16/2020,,,0,0
5/17/2020,,,0,0
5/18/2020,896991,,1483,1411
5/19/2020,639157,,1092,1123
5/20/2020,564682,,1003,954
5/21/2020,538422,,881,939
5/22/2020,590927,,967,874
5/23/2020,,,,
5/24/2020,,,0,0
5/25/2020,,,0,0
5/26/2020,856330,,1355,1326
5/27/2020,731990,,1212,1144
5/28/2020,681944,,1132,1073
5/29/2020,602259,,995,1107
5/30/2020,,,0,0
5/31/2020,,,0,0
6/1/2020,765321,860520,1281,1388
6/2/2020,659814,705590,1078,1151
6/3/2020,757588,639712,1243,1052
6/4/2020,703171,645619,1130,1067
6/5/2020,849266,665252,1426,1096
6/6/2020,,,0,0
6/7/2020,,,0,0
6/8/2020,1166366,841859,1823,1350
6/9/2020,1010474,708484,1597,1154
6/10/2020,807910,718638,1248,1164
6/11/2020,801784,674557,1342,1095
6/12/2020,697803,745682,1166,1216
6/13/2020,,,0,0
6/14/2020,,,0,0
6/15/2020,815594,965950,1337,1490
6/16/2020,727840,832384,1191,1311
6/17/2020,670048,756038,1086,1219
6/18/2020,619315,758541,1061,1207
6/19/2020,599764,788118,989,1247
6/20/2020,,,0,0
6/21/2020,,,0,0
6/22/2020,860877,940173,1351,1460
6/23/2020,810432,821956,1315,1307
6/24/2020,683256,774178,1061,1238
6/25/2020,632430,746370,1033,1184
6/26/2020,651879,778548,1069,1240
6/27/2020,,,0,0
6/28/2020,,,0,0
6/29/2020,902271,849475,1363,1318
6/30/2020,665031,761167,1079,1202
7/1/2020,924025,675982,1331,1083
7/2/2020,790802,490193,1199,800
7/3/2020,,,0,0
7/4/2020,,,0,0
7/5/2020,,,0,0
7/6/2020,1130644,990389,2057,1510
7/7/2020,980238,957658,1559,1457
7/8/2020,916539,851657,1383,1312
7/9/2020,916891,781118,1492,1233
7/10/2020,941157,768604,1583,1197
7/11/2020,,,0,0
7/12/2020,,,0,0
7/13/2020,1271733,1267740,2334,1963
7/14/2020,1112954,1066865,1602,1675
7/15/2020,1039501,1122619,1540,1764
7/16/2020,768601,699347,1195,1131
7/17/2020,780021,682127,1199,1111
7/18/2020,,,0,0
7/19/2020,,,0,0
7/20/2020,1023074,915425,1548,1432
7/21/2020,958428,785904,1454,1262
7/22/2020,780658,678398,1225,1091
7/23/2020,736103,627325,1130,1015
7/24/2020,711180,634681,1035,1014
7/25/2020,,,0,0
7/26/2020,,,0,0
7/27/2020,880745,981520,1321,1470
7/28/2020,716110,871563,1095,1347
7/29/2020,683530,749995,1049,1184
7/30/2020,713867,694558,1092,1095
7/31/2020,727775,699516,1155,1076
8/1/2020,,,0,0
8/2/2020,,,0,0
8/3/2020,1175343,969362,1811,1495
8/4/2020,869423,878438,1377,1370
8/5/2020,976341,770425,1486,1204
8/6/2020,845272,704581,1326,1141
8/7/2020,801703,734477,1391,1165
8/8/2020,,,0,0
8/9/2020,,,0,0
8/10/2020,1114788,993972,1726,1543
8/11/2020,931992,900418,1442,1414
8/12/2020,806273,862142,1269,1337
8/13/2020,775547,777483,1273,1223
8/14/2020,743750,780740,1169,1224
8/15/2020,,,0,0
8/16/2020,,,0,0
8/17/2020,1011227,972421,1527,1496
8/18/2020,830331,862276,1299,1350
8/19/2020,749176,860520,1162,1337
8/20/2020,680476,776568,1119,1230
8/21/2020,786144,816736,1281,1270
8/22/2020,0,,0,0
8/23/2020,0,,0,0
8/24/2020,1107711,966986,1683,1504
8/25/2020,883249,856198,1322,1345
8/26/2020,847077,856660,1328,1331
8/27/2020,867795,768272,1402,1222
8/28/2020,820493,800068,1305,1259
8/29/2020,0,,0,0
8/30/2020,,,0,0
8/31/2020,1337297,981516,2168,1487
9/1/2020,1221411,931682,2149,1431
9/2/2020,1150612,883470,1867,1367
9/3/2020,1014839,800215,1622,1249
9/4/2020,876780,784967,1389,1224
9/5/2020,0,0,0,0
9/6/2020,0,0,0,0
9/7/2020,0,0,0,0
9/8/2020,1196014,1433553,1802,2139
9/9/2020,1037976,1307818,1626,1965
9/10/2020,947826,1083992,1476,1663
9/11/2020,879798,1055609,1412,1612
9/12/2020,0,0,0,0
9/13/2020,0,0,0,0
9/14/2020,1166517,1237863,1811,1851
9/15/2020,890915,1061992,1445,1619
9/16/2020,796912,953735,1311,1460
9/17/2020,755916,889892,1203,1377
9/18/2020,695765,911991,1090,1381
9/19/2020,0,0,0,0
9/20/2020,0,0,0,0
9/21/2020,856105,1130908,1378,1712
9/22/2020,676864,945663,1127,1465
9/23/2020,689246,857297,1102,1327
9/24/2020,623583,831035,986,1294
9/25/2020,627653,800621,989,1237
9/26/2020,,,0,0
9/27/2020,,,0,0
9/28/2020,885305,1066109,1437,1612
9/29/2020,703638,907249,1191,1383
9/30/2020,695681,840392,1114,1278
10/1/2020,840082,801552,1520,1221
10/2/2020,725415,782310,1152,1204
10/3/2020,,,0,0
10/4/2020,,,0,0
10/5/2020,1024135,1116326,1563,1698
10/6/2020,829207,934503,1299,1454
10/7/2020,701066,859625,1146,1327
10/8/2020,731003,815898,1204,1274
10/9/2020,989470,796543,1580,1239
10/10/2020,,,0,0
10/11/2020,,,0,0
10/12/2020,1162982,1029702,1856,1567
10/13/2020,999242,922442,1632,1433
10/14/2020,1001445,838164,1665,1320
10/15/2020,909842,798765,1400,1255
10/16/2020,946308,785595,1433,1228
10/17/2020,,,0,0
10/18/2020,,,0,0
10/18/2020,,,0,0