BUSINESS LINE,ACTIVITY DATE,Sum of AHT,Sum of TOTAL TIME - AHT (sec),Sum of VOLUME - RECEIVED,,
RAM,1/1/2019,1256,1213387,1014,,
RAM,1/2/2019,941,1870982,2012,,
RAM,1/3/2019,842,1363789,1667,,
RAM,1/4/2019,812,1803689,2290,,
RAM,1/7/2019,829,2377944,2876,,
RAM,1/8/2019,866,1817732,2123,,
RAM,1/9/2019,837,1972260,2207,,
RAM,1/10/2019,837,1826897,2091,,
RAM,1/11/2019,813,1861071,2487,,
RAM,1/14/2019,828,1816380,2134,,
RAM,1/15/2019,787,1663325,1827,,
RAM,1/16/2019,773,1729661,1793,,
RAM,1/17/2019,866,1722144,1651,,
RAM,1/18/2019,972,1683447,1840,,
RAM,1/21/2019,790,1325463,1551,,
RAM,1/22/2019,947,1444775,1690,,
RAM,1/23/2019,873,1512561,1389,,
RAM,1/24/2019,983,1450186,1514,,
RAM,1/25/2019,873,1454947,1480,,
RAM,1/28/2019,914,2001516,2013,,
RAM,1/29/2019,847,1260267,1228,,
RAM,1/30/2019,870,1622000,1806,,
RAM,1/31/2019,875,1152093,1221,,
RAM,2/1/2019,923,1439403,1584,,
RAM,2/4/2019,896,1835795,2120,,
RAM,2/5/2019,914,1525206,1450,,
RAM,2/6/2019,906,1539889,1462,,
RAM,2/7/2019,925,1301841,1419,,
RAM,2/8/2019,865,1259115,1422,,
RAM,2/11/2019,890,1915431,2162,,
RAM,2/12/2019,1043,1851120,1666,,
RAM,2/13/2019,913,1328477,1285,,
RAM,2/14/2019,910,1232024,1271,,
RAM,2/15/2019,924,1380189,1529,,
RAM,2/18/2019,822,1189609,1308,,
RAM,2/19/2019,933,1482190,1648,,
RAM,2/20/2019,882,1145418,1111,,
RAM,2/21/2019,862,1299606,1475,,
RAM,2/22/2019,1037,1456674,1384,,
RAM,2/25/2019,961,1953686,2285,,
RAM,2/26/2019,1024,1800906,1640,,
RAM,2/27/2019,970,1430118,1331,,
RAM,2/28/2019,1049,1515660,1393,,
RAM,3/1/2019,1062,1757136,1705,,
RAM,3/4/2019,815,2597331,3320,,
RAM,3/5/2019,1028,2460334,2331,,
RAM,3/6/2019,931,1783847,1784,,
RAM,3/7/2019,950,2087769,2224,,
RAM,3/8/2019,952,1892552,1962,,
RAM,3/11/2019,810,2620533,3389,,
RAM,3/12/2019,1042,2104621,1758,,
RAM,3/13/2019,984,1613413,1595,,
RAM,3/14/2019,1060,1848381,1744,,
RAM,3/15/2019,892,2147096,2419,,
RAM,3/18/2019,805,2643717,3374,,
RAM,3/19/2019,959,1879037,1911,,
RAM,3/20/2019,884,1854305,2143,,
RAM,3/21/2019,874,1861237,1925,,
RAM,3/22/2019,874,1868596,2135,,
RAM,3/25/2019,836,2740152,3733,,
RAM,3/26/2019,878,1647038,1774,,
RAM,3/27/2019,933,1797864,1854,,
RAM,3/28/2019,916,1957705,2054,,
RAM,3/29/2019,946,1963330,2012,,
RAM,4/1/2019,887,2742414,3068,,
RAM,4/2/2019,891,2156499,2314,,
RAM,4/3/2019,935,1945041,2017,,
RAM,4/4/2019,919,2111038,2200,,
RAM,4/5/2019,880,2155442,2447,,
RAM,4/8/2019,832,2561538,3380,,
RAM,4/9/2019,965,2104442,2060,,
RAM,4/10/2019,946,2108607,2042,,
RAM,4/11/2019,953,2343446,2394,,
RAM,4/12/2019,913,2121475,2754,,
RAM,4/15/2019,852,2904787,3646,,
RAM,4/16/2019,926,2090098,2081,,
RAM,4/17/2019,931,1612676,1599,,
RAM,4/18/2019,917,1983196,2138,,
RAM,4/19/2019,829,584671,957,,
RAM,4/22/2019,820,2330527,2958,,
RAM,4/23/2019,935,1831968,1584,,
RAM,4/24/2019,963,1397447,1399,,
RAM,4/25/2019,920,1560416,1671,,
RAM,4/26/2019,848,1456483,1721,,
RAM,4/29/2019,858,2092936,3374,,
RAM,4/30/2019,1006,2094447,2315,,
RAM,5/1/2019,1028,1956526,1778,,
RAM,5/2/2019,871,1782572,1901,,
RAM,5/3/2019,876,1685268,1818,,
RAM,5/6/2019,855,2200244,2992,,
RAM,5/7/2019,985,2205904,1899,,
RAM,5/8/2019,973,1600246,1560,,
RAM,5/9/2019,990,1765358,1766,,
RAM,5/10/2019,998,1799025,1736,,
RAM,5/13/2019,827,2148144,2900,,
RAM,5/14/2019,958,1894930,1630,,
RAM,5/15/2019,989,1411928,1289,,
RAM,5/16/2019,1031,1574536,1553,,
RAM,5/17/2019,992,1713784,1741,,
RAM,5/20/2019,853,2128182,2806,,
RAM,5/21/2019,1068,1945482,1626,,
RAM,5/22/2019,1072,1591078,1305,,
RAM,5/23/2019,953,1747728,1781,,
RAM,5/24/2019,1039,1813883,1736,,
RAM,5/27/2019,0,0,89,,
RAM,5/28/2019,899,2488924,3055,,
RAM,5/29/2019,943,1756355,1324,,
RAM,5/30/2019,845,1311577,1457,,
RAM,5/31/2019,1023,1610835,1568,,
RAM,6/3/2019,921,2161707,2691,,
RAM,6/4/2019,1014,1958726,1792,,
RAM,6/5/2019,944,1748965,1631,,
RAM,6/6/2019,1113,1839377,1563,,
RAM,6/7/2019,1108,1810520,1695,,
RAM,6/10/2019,927,2509058,2830,,
RAM,6/11/2019,1138,1789984,1711,,
RAM,6/12/2019,1001,1893042,1605,,
RAM,6/13/2019,1053,1839219,1715,,
RAM,6/14/2019,963,1660799,1670,,
RAM,6/17/2019,947,2180829,2434,,
RAM,6/18/2019,978,1880488,1638,,
RAM,6/19/2019,1045,1778908,1632,,
RAM,6/20/2019,1197,2078703,1736,,
RAM,6/21/2019,1124,1875086,1623,,
RAM,6/24/2019,1084,2611722,2688,,
RAM,6/25/2019,1136,2121939,1534,,
RAM,6/26/2019,1173,1697052,1416,,
RAM,6/27/2019,1200,1938925,1603,,
RAM,6/28/2019,1198,1957632,1659,,
RAM,7/1/2019,1013,2592624,2816,,
RAM,7/2/2019,1033,2133354,1697,,
RAM,7/3/2019,1005,1493166,1388,,
RAM,7/4/2019,0,,56,,
RAM,7/5/2019,934,1937453,2071,,
RAM,7/8/2019,1046,2275485,2463,,
RAM,7/9/2019,1000,1815364,1606,,
RAM,7/10/2019,1012,1735599,1456,,
RAM,7/11/2019,958,1821738,1842,,
RAM,7/12/2019,762,1859384,2457,,
RAM,7/15/2019,908,2240664,2820,,
RAM,7/16/2019,1004,2005087,1944,,
RAM,7/17/2019,895,1591681,1580,,
RAM,7/18/2019,999,1867898,1834,,
RAM,7/19/2019,923,2148625,2051,,
RAM,7/22/2019,928,2309329,2835,,
RAM,7/23/2019,970,1941595,1816,,
RAM,7/24/2019,825,1575720,1512,,
RAM,7/25/2019,895,1608851,1708,,
RAM,7/26/2019,958,1882292,2008,,
RAM,7/29/2019,896,2435046,2499,,
RAM,7/30/2019,890,2024740,1743,,
RAM,7/31/2019,996,1528135,1478,,
RAM,8/1/2019,980,1685469,1720,,
RAM,8/2/2019,940,1696244,1764,,
RAM,8/5/2019,930,2200194,2780,,
RAM,8/6/2019,1008,1672896,1552,,
RAM,8/7/2019,890,1643326,1554,,
RAM,8/8/2019,1018,1799192,1791,,
RAM,8/9/2019,914,1480050,1669,,
RAM,8/12/2019,991,2257434,2168,,
RAM,8/13/2019,984,1969407,1744,,
RAM,8/14/2019,980,1732832,1492,,
RAM,8/15/2019,1049,1781706,1706,,
RAM,8/16/2019,917,1842095,1895,,
RAM,8/19/2019,992,2213203,2023,,
RAM,8/20/2019,990,1919226,1806,,
RAM,8/21/2019,979,1804209,1508,,
RAM,8/22/2019,976,1674420,1631,,
RAM,8/23/2019,952,1520936,1562,,
RAM,8/26/2019,1078,2467528,2541,,
RAM,8/27/2019,942,1952907,1579,,
RAM,8/28/2019,906,1511946,1418,,
RAM,8/29/2019,1059,1682066,1635,,
RAM,8/30/2019,921,1677291,1746,,
RAM,9/2/2019,473,114889,833,,
RAM,9/3/2019,964,2398677,2443,,
RAM,9/4/2019,1004,1853245,1550,,
RAM,9/5/2019,1050,1914822,1567,,
RAM,9/6/2019,1044,1937584,1777,,
RAM,9/9/2019,888,2203171,2432,,
RAM,9/10/2019,1000,1874852,1667,,
RAM,9/11/2019,933,1775279,1622,,
RAM,9/12/2019,981,1598590,1700,,
RAM,9/13/2019,838,1658584,1998,,
RAM,9/16/2019,971,2175330,2311,,
RAM,9/17/2019,1045,2096017,2019,,
RAM,9/18/2019,956,1963654,1592,,
RAM,9/19/2019,1011,1937441,1889,,
RAM,9/20/2019,995,2128238,1914,,
RAM,9/23/2019,1138,2359612,2311,,
RAM,9/24/2019,1109,2161035,1877,,
RAM,9/25/2019,1062,1977686,1729,,
RAM,9/26/2019,1057,2025661,1634,,
RAM,9/27/2019,1042,1994985,1832,,
RAM,9/30/2019,1033,2171701,2132,,
RAM,10/1/2019,1097,1994248,1769,,
RAM,10/2/2019,1139,2007318,1634,,
RAM,10/3/2019,1195,2074962,1810,,
RAM,10/4/2019,1042,2243718,1851,,
RAM,10/7/2019,1139,2662355,2358,,
RAM,10/8/2019,1302,2574368,1825,,
RAM,10/9/2019,1215,2434486,1698,,
RAM,10/10/2019,1145,2387426,1787,,
RAM,10/11/2019,1150,1932519,1691,,
RAM,10/14/2019,1110,2633824,2299,,
RAM,10/15/2019,957,2098912,1960,,
RAM,10/16/2019,975,1686066,1575,,
RAM,10/17/2019,1076,1623880,1501,,
RAM,10/18/2019,944,2007031,2061,,
RAM,10/21/2019,1082,2875993,2560,,
RAM,10/22/2019,866,2276592,2167,,
RAM,10/23/2019,934,1616810,1573,,
RAM,10/24/2019,980,1827342,1874,,
RAM,10/25/2019,923,1749593,1973,,
RAM,10/28/2019,985,2544265,2927,,
RAM,10/29/2019,966,2188828,1864,,
RAM,10/30/2019,928,1620689,1487,,
RAM,10/31/2019,934,1644153,1743,,
RAM,11/1/2019,910,1685415,1916,,
RAM,11/4/2019,920,2655037,2865,,
RAM,11/5/2019,1002,2259505,1925,,
RAM,11/6/2019,907,1920663,1834,,
RAM,11/7/2019,940,1824646,1867,,
RAM,11/8/2019,1005,1900545,2018,,
RAM,11/11/2019,880,2404069,2678,,
RAM,11/12/2019,989,2044290,1886,,
RAM,11/13/2019,959,2151452,1882,,
RAM,11/14/2019,923,1664849,1748,,
RAM,11/15/2019,830,2142227,2629,,
RAM,11/18/2019,888,2771421,3217,,
RAM,11/19/2019,1016,2466957,1944,,
RAM,11/20/2019,929,2409160,2151,,
RAM,11/21/2019,1031,2237903,2055,,
RAM,11/22/2019,1067,2210483,2146,,
RAM,11/25/2019,1046,2924606,3053,,
RAM,11/26/2019,1017,2977036,2394,,
RAM,11/27/2019,1100,2499099,1939,,
RAM,11/28/2019,0,,79,,
RAM,11/29/2019,1088,2151549,1880,,
RAM,12/2/2019,1051,2841932,2861,,
RAM,12/3/2019,1006,2505864,2312,,
RAM,12/4/2019,902,2372126,2261,,
RAM,12/5/2019,969,2115481,2162,,
RAM,12/6/2019,941,2395424,2611,,
RAM,12/9/2019,938,3156363,3822,,
RAM,12/10/2019,1027,2855277,2682,,
RAM,12/11/2019,982,3027027,2532,,
RAM,12/12/2019,1067,3025539,2776,,
RAM,12/13/2019,1077,3197280,2773,,
RAM,12/16/2019,1073,3073213,3194,,
RAM,12/17/2019,1046,3070346,2688,,
RAM,12/18/2019,1055,3152120,2625,,
RAM,12/19/2019,1050,2876769,2573,,
RAM,12/20/2019,1127,3134773,2805,,
RAM,12/23/2019,1009,3265124,3580,,
RAM,12/24/2019,982,2842686,2421,,
RAM,12/25/2019,0,,75,,
RAM,12/26/2019,1017,2555079,2341,,
RAM,12/27/2019,952,2876690,2873,,
RAM,12/30/2019,1029,3673308,3427,,
RAM,12/31/2019,1062,2908967,2605,,
RAM,1/1/2020,0,0,755,,
RAM,1/2/2020,1346,3509437,2525,,
RAM,1/3/2020,948,3225901,2818,,
RAM,1/6/2020,970,3314393,3493,,
RAM,1/7/2020,990,3283285,3143,,
RAM,1/8/2020,895,3371000,3098,,
RAM,1/9/2020,925,3245189,3147,,
RAM,1/10/2020,906,2869704,3068,,
RAM,1/13/2020,866,3326064,3726,,
RAM,1/14/2020,802,2642077,2891,,
RAM,1/15/2020,826,2312704,2534,,
RAM,1/16/2020,837,2637612,3238,,
RAM,1/17/2020,830,2521709,2760,,
RAM,1/20/2020,867,1810308,2480,,
RAM,1/21/2020,911,2522602,2890,,
RAM,1/22/2020,867,2741275,2380,,
RAM,1/23/2020,908,2556583,2453,,
RAM,1/24/2020,824,2456879,2749,,
RAM,1/27/2020,859,2791573,2838,,
RAM,1/28/2020,843,2295008,2701,,
RAM,1/29/2020,847,2254398,2367,,
RAM,1/30/2020,896,2041397,2245,,
RAM,1/31/2020,895,2210254,2403,,
RAM,2/3/2020,1035,2658725,2447,,
RAM,2/4/2020,935,2423539,2967,,
RAM,2/5/2020,886,2333895,2117,,
RAM,2/6/2020,846,2117664,2374,,
RAM,2/7/2020,930,2215106,2441,,
RAM,2/10/2020,950,2785155,2924,,
RAM,2/11/2020,949,2342010,2555,,
RAM,2/12/2020,872,2040451,2084,,
RAM,2/13/2020,826,2007256,2203,,
RAM,2/14/2020,855,1975281,1985,,
RAM,2/17/2020,983,1784007,1112,,
RAM,2/18/2020,900,2202907,3125,,
RAM,2/19/2020,994,2422461,2558,,
RAM,2/20/2020,948,2217112,1925,,
RAM,2/21/2020,932,2048446,2318,,
RAM,2/24/2020,970,2670165,2865,,
RAM,2/25/2020,891,2388602,2204,,
RAM,2/26/2020,933,2363950,1956,,
RAM,2/27/2020,984,2314786,2219,,
RAM,2/28/2020,971,2258651,2274,,
RAM,3/2/2020,1016,2358548,2267,,
RAM,3/3/2020,1020,2630383,2652,,
RAM,3/4/2020,895,2406671,2225,,
RAM,3/5/2020,1092,2311387,2053,,
RAM,3/6/2020,1000,2290111,2266,,
RAM,3/9/2020,1082,2846100,2496,,
RAM,3/10/2020,995,2250155,2249,,
RAM,3/11/2020,958,2102494,2062,,
RAM,3/12/2020,931,2551093,2808,,
RAM,3/13/2020,1146,2370183,2142,,
RAM,3/16/2020,1073,2949540,2574,,
RAM,3/17/2020,1083,2781371,2725,,
RAM,3/18/2020,1172,2744497,1893,,
RAM,3/19/2020,1206,2813779,2102,,
RAM,3/20/2020,1220,2455964,2156,,
RAM,3/23/2020,1145,2623739,2034,,
RAM,3/24/2020,1063,2676625,2514,,
RAM,3/25/2020,1260,2777320,1998,,
RAM,3/26/2020,1193,2828203,2098,,
RAM,3/27/2020,1248,2747405,2160,,
RAM,3/30/2020,1101,2906888,2705,,
RAM,3/31/2020,1240,2796957,2064,,
RAM,4/1/2020,1263,2860570,2022,,
RAM,4/2/2020,1108,2782376,2106,,
RAM,4/3/2020,1129,2266363,2023,,
RAM,4/6/2020,1047,2745699,2464,,
RAM,4/7/2020,1018,2621512,2288,,
RAM,4/8/2020,1021,2565204,2260,,
RAM,4/9/2020,1096,2282897,1905,,
RAM,4/10/2020,0,0,396,,
RAM,4/13/2020,981,2903712,2889,,
RAM,4/14/2020,1144,2628986,2283,,
RAM,4/15/2020,1103,2603684,1926,,
RAM,4/16/2020,1160,2652094,2039,,
RAM,4/17/2020,1192,2427861,1928,,
RAM,4/20/2020,1040,2819532,2735,,
RAM,4/21/2020,1194,2456622,1987,,
RAM,4/22/2020,1194,2542420,1764,,
RAM,4/23/2020,1128,2424140,1698,,
RAM,4/24/2020,1202,2243299,1824,,
RAM,4/27/2020,1141,2737018,2207,,
RAM,4/28/2020,1222,2530811,1707,,
RAM,4/29/2020,1200,2144803,1552,,
RAM,4/30/2020,1239,2119650,1718,,
RAM,5/1/2020,1156,2082489,1767,,
RAM,5/4/2020,1095,2566865,2395,,
RAM,5/5/2020,1070,2368545,1975,,
RAM,5/6/2020,1162,1977280,1552,,
RAM,5/7/2020,1046,2026106,1744,,
RAM,5/8/2020,1189,1928947,1603,,
RAM,5/11/2020,1076,2581310,1930,,
RAM,5/12/2020,1076,2191865,1908,,
RAM,5/13/2020,1142,1833400,1489,,
RAM,5/14/2020,1080,1735348,1567,,
RAM,5/15/2020,1076,1912688,1792,,
RAM,5/18/2020,1029,2644576,2049,,
RAM,5/19/2020,1096,2208046,2023,,
RAM,5/20/2020,1155,1961836,1591,,
RAM,5/21/2020,1209,1957562,1525,,
RAM,5/22/2020,1083,1771262,1679,,
RAM,5/25/2020,0,0,94,,
RAM,5/26/2020,1071,2443945,2399,,
RAM,5/27/2020,1182,2101893,1526,,
RAM,5/28/2020,1136,2196946,1572,,
RAM,5/29/2020,1198,1830759,1390,,
RAM,6/1/2020,1019,876191,1015,,
RAM,6/2/2020,925,1339788,1880,,
RAM,6/3/2020,956,1931866,2192,,
RAM,6/4/2020,1085,1990321,1745,,
RAM,6/5/2020,1105,2117931,1991,,
RAM,6/8/2020,1048,2899798,2530,,
RAM,6/9/2020,1063,2402810,1893,,
RAM,6/10/2020,1113,2208504,1765,,
RAM,6/11/2020,1221,1919975,1381,,
RAM,6/12/2020,1167,1938869,1643,,
RAM,6/15/2020,1056,2746963,2664,,
RAM,6/16/2020,1236,2161850,1756,,
RAM,6/17/2020,1130,2069778,1648,,
RAM,6/18/2020,1013,1877612,1796,,
RAM,6/19/2020,1011,1949556,1692,,
RAM,6/22/2020,1060,2630003,2058,,
RAM,6/23/2020,1077,2045140,1957,,
RAM,6/24/2020,1078,2202915,1812,,
RAM,6/25/2020,1012,2276315,1898,,
RAM,6/26/2020,1098,2061873,1702,,
RAM,6/29/2020,1108,2762260,2338,,
RAM,6/30/2020,1189,2328720,1955,,
RAM,7/1/2020,1223,2346726,1659,,
RAM,7/2/2020,1126,2073312,1518,,
RAM,7/3/2020,0,0,129,,
RAM,7/6/2020,1061,3072778,3427,,
RAM,7/7/2020,1226,2377473,1965,,
RAM,7/8/2020,1116,2508370,1793,,
RAM,7/9/2020,1046,2365979,2041,,
RAM,7/10/2020,1023,2552350,2064,,
RAM,7/13/2020,1058,2729364,2620,,
RAM,7/14/2020,1264,2733643,2766,,
RAM,7/15/2020,1101,3023413,3551,,
RAM,7/16/2020,1125,2292258,2067,,
RAM,7/17/2020,988,2193268,1769,,
RAM,7/20/2020,977,2798019,2953,,
RAM,7/21/2020,985,2143055,2067,,
RAM,7/22/2020,1091,2380632,1887,,
RAM,7/23/2020,1110,2115989,1778,,
RAM,7/24/2020,1030,2146882,1937,,
RAM,7/27/2020,1116,3095725,2695,,
RAM,7/28/2020,1073,2211379,1959,,
RAM,7/29/2020,1238,2311071,1723,,
RAM,7/30/2020,1146,2264066,1697,,
RAM,7/31/2020,1132,2327329,1743,,
RAM,8/3/2020,1206,2572844,2211,,
RAM,8/4/2020,1108,2156350,1798,,
RAM,8/5/2020,1178,2204808,1925,,
RAM,8/6/2020,1103,2054601,1544,,
RAM,8/7/2020,1192,1873476,1640,,
RAM,8/10/2020,1091,2684861,2051,,
RAM,8/11/2020,1050,2329970,2027,,
RAM,8/12/2020,1092,2193707,1887,,
RAM,8/13/2020,1167,2210926,1745,,
RAM,8/14/2020,1080,2077134,1839,,
RAM,8/17/2020,1138,2639044,2337,,
RAM,8/18/2020,1016,2326637,2167,,
RAM,8/19/2020,1141,2342777,2010,,
RAM,8/20/2020,993,2055254,1568,,
RAM,8/21/2020,1011,1936523,1910,,
RAM,8/24/2020,1218,2498541,2292,,
RIS,1/1/2019,35,105,3,,
RIS,1/2/2019,564,2069880,4547,,
RIS,1/3/2019,549,1685979,3309,,
RIS,1/4/2019,556,1712480,3436,,
RIS,1/7/2019,608,1960192,5095,,
RIS,1/8/2019,609,1882419,4180,,
RIS,1/9/2019,625,1781875,3399,,
RIS,1/10/2019,588,1642284,3141,,
RIS,1/11/2019,596,1606816,2897,,
RIS,1/14/2019,592,1863024,3804,,
RIS,1/15/2019,558,1452474,2707,,
RIS,1/16/2019,568,1395008,2600,,
RIS,1/17/2019,555,1240980,2291,,
RIS,1/18/2019,554,1301900,2420,,
RIS,1/21/2019,533,766454,1465,,
RIS,1/22/2019,575,1470850,3126,,
RIS,1/23/2019,567,1403892,2562,,
RIS,1/24/2019,579,1306803,2369,,
RIS,1/25/2019,582,1379922,2449,,
RIS,1/28/2019,632,1781608,3721,,
RIS,1/29/2019,627,1573770,3040,,
RIS,1/30/2019,617,1467843,2798,,
RIS,1/31/2019,624,1389648,2688,,
RIS,2/1/2019,588,1258908,3127,,
RIS,2/4/2019,578,1754808,4149,,
RIS,2/5/2019,571,1611362,3176,,
RIS,2/6/2019,578,1494130,2905,,
RIS,2/7/2019,560,1379280,2536,,
RIS,2/8/2019,572,1300156,2462,,
RIS,2/11/2019,622,1779542,3866,,
RIS,2/12/2019,590,1503320,3348,,
RIS,2/13/2019,566,1418396,2665,,
RIS,2/14/2019,562,1139174,2123,,
RIS,2/15/2019,652,1603920,2667,,
RIS,2/18/2019,#DIV/0!,0,0,,
RIS,2/19/2019,648,2303640,4785,,
RIS,2/20/2019,669,1437681,3686,,
RIS,2/21/2019,615,1491990,2804,,
RIS,2/22/2019,605,1484065,3151,,
RIS,2/25/2019,687,2115960,4091,,
RIS,2/26/2019,593,1704875,3077,,
RIS,2/27/2019,580,1324140,2342,,
RIS,2/28/2019,610,1464000,2451,,
RIS,3/1/2019,647,1685435,2773,,
RIS,3/4/2019,601,2266972,4146,,
RIS,3/5/2019,592,1813296,3308,,
RIS,3/6/2019,603,1632924,2881,,
RIS,3/7/2019,601,1514520,2657,,
RIS,3/8/2019,574,1501584,2677,,
RIS,3/11/2019,595,2092615,3865,,
RIS,3/12/2019,600,1714800,2911,,
RIS,3/13/2019,609,1283163,2877,,
RIS,3/14/2019,613,1509819,2738,,
RIS,3/15/2019,599,1912008,3815,,
RIS,3/18/2019,597,2269197,4265,,
RIS,3/19/2019,587,1738107,3028,,
RIS,3/20/2019,596,1564500,2674,,
RIS,3/21/2019,567,1608579,3036,,
RIS,3/22/2019,574,1591128,2829,,
RIS,3/25/2019,583,2042832,3827,,
RIS,3/26/2019,570,1607970,2949,,
RIS,3/27/2019,556,1532892,2814,,
RIS,3/28/2019,528,1687488,3338,,
RIS,3/29/2019,586,1650762,2853,,
RIS,4/1/2019,577,2318386,4431,,
RIS,4/2/2019,578,1869252,3284,,
RIS,4/3/2019,582,1744836,3069,,
RIS,4/4/2019,612,1796832,3065,,
RIS,4/5/2019,595,1858780,3230,,
RIS,4/8/2019,598,2618044,4935,,
RIS,4/9/2019,578,2171546,3904,,
RIS,4/10/2019,558,1925100,3586,,
RIS,4/11/2019,556,1734164,3131,,
RIS,4/12/2019,569,1986948,3541,,
RIS,4/15/2019,566,2528888,4559,,
RIS,4/16/2019,523,1320575,2534,,
RIS,4/17/2019,505,1141300,2295,,
RIS,4/18/2019,544,1176672,2187,,
RIS,4/19/2019,#DIV/0!,0,0,,
RIS,4/22/2019,544,1721216,3272,,
RIS,4/23/2019,548,1414936,2617,,
RIS,4/24/2019,568,1313784,2400,,
RIS,4/25/2019,548,1109152,2029,,
RIS,4/26/2019,572,1278420,2311,,
RIS,4/29/2019,558,1617642,2972,,
RIS,4/30/2019,550,1286450,2367,,
RIS,5/1/2019,561,1200540,2208,,
RIS,5/2/2019,552,1089648,2039,,
RIS,5/3/2019,543,1245099,2326,,
RIS,5/6/2019,548,1569472,2869,,
RIS,5/7/2019,545,1287835,2381,,
RIS,5/8/2019,558,1126602,2044,,
RIS,5/9/2019,544,1088000,2038,,
RIS,5/10/2019,582,1241988,2165,,
RIS,5/13/2019,545,1627370,3016,,
RIS,5/14/2019,554,1305224,2376,,
RIS,5/15/2019,563,1176107,2113,,
RIS,5/16/2019,559,1111292,2010,,
RIS,5/17/2019,565,1128305,2028,,
RIS,5/20/2019,540,1557900,2942,,
RIS,5/21/2019,539,1216523,2277,,
RIS,5/22/2019,556,1145916,2072,,
RIS,5/23/2019,521,965413,1862,,
RIS,5/24/2019,536,974984,1847,,
RIS,5/27/2019,#DIV/0!,0,0,,
RIS,5/28/2019,568,1598352,2840,,
RIS,5/29/2019,568,1208136,2131,,
RIS,5/30/2019,554,1080300,1964,,
RIS,5/31/2019,591,1137675,1930,,
RIS,6/3/2019,581,1506533,2621,,
RIS,6/4/2019,604,1279876,2135,,
RIS,6/5/2019,600,1246200,2101,,
RIS,6/6/2019,590,1087960,1855,,
RIS,6/7/2019,578,1197038,2105,,
RIS,6/10/2019,606,1579842,2781,,
RIS,6/11/2019,605,1296515,2181,,
RIS,6/12/2019,601,1134087,1897,,
RIS,6/13/2019,579,1035831,1801,,
RIS,6/14/2019,590,1055510,1800,,
RIS,6/17/2019,593,1465303,2484,,
RIS,6/18/2019,574,1329958,2366,,
RIS,6/19/2019,593,1232254,2128,,
RIS,6/20/2019,592,1187552,2156,,
RIS,6/21/2019,600,1141800,2051,,
RIS,6/24/2019,598,1500382,2605,,
RIS,6/25/2019,580,1244680,2177,,
RIS,6/26/2019,594,1137510,1923,,
RIS,6/27/2019,618,1201392,1953,,
RIS,6/28/2019,595,1135260,1913,,
RIS,7/1/2019,595,1739185,2972,,
RIS,7/2/2019,611,1376583,2274,,
RIS,7/3/2019,602,1089018,1968,,
RIS,7/4/2019,#DIV/0!,0,0,,
RIS,7/5/2019,602,1305738,2366,,
RIS,7/8/2019,623,1798601,4341,,
RIS,7/9/2019,635,1793240,3835,,
RIS,7/10/2019,608,1625184,3141,,
RIS,7/11/2019,628,1562464,2658,,
RIS,7/12/2019,608,1593568,2862,,
RIS,7/15/2019,621,1984095,3418,,
RIS,7/16/2019,594,1572318,2717,,
RIS,7/17/2019,595,1345295,2287,,
RIS,7/18/2019,610,1419470,2356,,
RIS,7/19/2019,634,1392264,2205,,
RIS,7/22/2019,632,1706926,2750,,
RIS,7/23/2019,650,1398399,2177,,
RIS,7/24/2019,645,1271295,2019,,
RIS,7/25/2019,637,1169532,1909,,
RIS,7/26/2019,663,1290861,1994,,
RIS,7/29/2019,647,1693199,2686,,
RIS,7/30/2019,590,1324550,2300,,
RIS,7/31/2019,560,1281840,2410,,
RIS,8/1/2019,586,1145630,1991,,
RIS,8/2/2019,629,1226550,1969,,
RIS,8/5/2019,643,1670514,2777,,
RIS,8/6/2019,626,1298324,2108,,
RIS,8/7/2019,612,1154844,1938,,
RIS,8/8/2019,621,1181142,2056,,
RIS,8/9/2019,622,1259550,2067,,
RIS,8/12/2019,627,1516086,2450,,
RIS,8/13/2019,649,1235047,2035,,
RIS,8/14/2019,656,1213600,1961,,
RIS,8/15/2019,629,1197616,1996,,
RIS,8/16/2019,623,1044148,1814,,
RIS,8/19/2019,647,1494570,2765,,
RIS,8/20/2019,654,1272030,2285,,
RIS,8/21/2019,645,1134555,1859,,
RIS,8/22/2019,645,1086825,1772,,
RIS,8/23/2019,645,998460,1763,,
RIS,8/26/2019,681,1543827,2317,,
RIS,8/27/2019,658,1265334,1981,,
RIS,8/28/2019,649,1126664,1761,,
RIS,8/29/2019,621,1017819,1667,,
RIS,8/30/2019,637,1025570,1670,,
RIS,9/2/2019,#DIV/0!,0,0,,
RIS,9/3/2019,672,1608768,2437,,
RIS,9/4/2019,657,1272609,1981,,
RIS,9/5/2019,666,1190808,1817,,
RIS,9/6/2019,642,1271802,2035,,
RIS,9/9/2019,711,1649520,2658,,
RIS,9/10/2019,675,1321650,2007,,
RIS,9/11/2019,691,1268676,1957,,
RIS,9/12/2019,684,1206576,1873,,
RIS,9/13/2019,676,1118780,1695,,
RIS,9/16/2019,663,1357824,2083,,
RIS,9/17/2019,655,1211095,1885,,
RIS,9/18/2019,662,1102892,1729,,
RIS,9/19/2019,712,1113568,1596,,
RIS,9/20/2019,670,1061950,1614,,
RIS,9/23/2019,655,1382705,2136,,
RIS,9/24/2019,691,1174009,1722,,
RIS,9/25/2019,655,1013940,1561,,
RIS,9/26/2019,662,1005578,1545,,
RIS,9/27/2019,680,1095480,1644,,
RIS,9/30/2019,683,1320239,1989,,
RIS,10/1/2019,651,1201746,1882,,
RIS,10/2/2019,662,1114146,1744,,
RIS,10/3/2019,660,1005840,1558,,
RIS,10/4/2019,670,1149720,1768,,
RIS,10/7/2019,658,1433782,2224,,
RIS,10/8/2019,653,1102264,1714,,
RIS,10/9/2019,665,1136485,1755,,
RIS,10/10/2019,682,1227600,1880,,
RIS,10/11/2019,689,1320813,2355,,
RIS,10/14/2019,685,1444665,2218,,
RIS,10/15/2019,668,1564456,2447,,
RIS,10/16/2019,698,1708006,2550,,
RIS,10/17/2019,640,1386240,2176,,
RIS,10/18/2019,637,1395030,2201,,
RIS,10/21/2019,629,1843599,2976,,
RIS,10/22/2019,612,1456560,2388,,
RIS,10/23/2019,643,1422959,2218,,
RIS,10/24/2019,633,1301448,2059,,
RIS,10/25/2019,623,1359386,2249,,
RIS,10/28/2019,634,1697218,2698,,
RIS,10/29/2019,639,1257552,2002,,
RIS,10/30/2019,633,1097622,1764,,
RIS,10/31/2019,634,1070826,1704,,
RIS,11/1/2019,662,1158500,1979,,
RIS,11/4/2019,702,1568268,3115,,
RIS,11/5/2019,658,1456154,2248,,
RIS,11/6/2019,655,1198650,1846,,
RIS,11/7/2019,665,1269485,1928,,
RIS,11/8/2019,723,1426479,1989,,
RIS,11/11/2019,752,1300960,1735,,
RIS,11/12/2019,755,1666285,2279,,
RIS,11/13/2019,743,1493430,2013,,
RIS,11/14/2019,711,1456839,2058,,
RIS,11/15/2019,726,1507176,2091,,
RIS,11/18/2019,711,1973736,2877,,
RIS,11/19/2019,732,1665300,2292,,
RIS,11/20/2019,708,1416000,2009,,
RIS,11/21/2019,693,1465695,2128,,
RIS,11/22/2019,725,1589200,2245,,
RIS,11/25/2019,696,2162472,3545,,
RIS,11/26/2019,697,1861687,2858,,
RIS,11/27/2019,683,1327069,1950,,
RIS,11/28/2019,#DIV/0!,0,0,,
RIS,11/29/2019,671,959530,1436,,
RIS,12/2/2019,707,2139382,3434,,
RIS,12/3/2019,739,1902925,2624,,
RIS,12/4/2019,763,1783131,2386,,
RIS,12/5/2019,723,1700496,2397,,
RIS,12/6/2019,745,1776080,2729,,
RIS,12/9/2019,752,2173280,3559,,
RIS,12/10/2019,753,2002227,2782,,
RIS,12/11/2019,741,1778400,2626,,
RIS,12/12/2019,704,1578368,2398,,
RIS,12/13/2019,771,1813392,2989,,
RIS,12/16/2019,774,2105280,4179,,
RIS,12/17/2019,745,2061415,3857,,
RIS,12/18/2019,739,2055898,2946,,
RIS,12/19/2019,740,1795240,2559,,
RIS,12/20/2019,764,1683856,2755,,
RIS,12/23/2019,782,2177088,3515,,
RIS,12/24/2019,710,1055770,1491,,
RIS,12/25/2019,#DIV/0!,0,0,,
RIS,12/26/2019,788,1720992,2699,,
RIS,12/27/2019,821,1673198,3336,,
RIS,12/30/2019,760,2182720,4279,,
RIS,12/31/2019,704,1672000,2552,,
RIS,1/1/2020,#DIV/0!,0,0,,
RIS,1/2/2020,690,2290110,4981,,
RIS,1/3/2020,700,2097200,3455,,
RIS,1/6/2020,714,2263380,4263,,
RIS,1/7/2020,700,2067100,3279,,
RIS,1/8/2020,671,1908324,3016,,
RIS,1/9/2020,675,1951425,3008,,
RIS,1/10/2020,688,1983504,2973,,
RIS,1/13/2020,681,2192820,3462,,
RIS,1/14/2020,657,1759446,2777,,
RIS,1/15/2020,641,1548656,2464,,
RIS,1/16/2020,673,1675770,2557,,
RIS,1/17/2020,687,1687959,2879,,
RIS,1/20/2020,627,900999,1458,,
RIS,1/21/2020,686,1920114,2961,,
RIS,1/22/2020,630,1703520,2813,,
RIS,1/23/2020,636,1472340,2377,,
RIS,1/24/2020,651,1475166,2323,,
RIS,1/27/2020,667,1902284,3150,,
RIS,1/28/2020,672,1643712,2503,,
RIS,1/29/2020,639,1538073,2443,,
RIS,1/30/2020,648,1458648,2274,,
RIS,1/31/2020,663,1497054,2352,,
RIS,2/3/2020,667,1895614,3115,,
RIS,2/4/2020,620,1634320,2760,,
RIS,2/5/2020,628,1534204,2514,,
RIS,2/6/2020,616,1562792,2635,,
RIS,2/7/2020,635,1504950,2617,,
RIS,2/10/2020,630,1939140,3385,,
RIS,2/11/2020,601,1611281,2817,,
RIS,2/12/2020,611,1518335,2587,,
RIS,2/13/2020,619,1537596,2507,,
RIS,2/14/2020,597,1502092,2568,,
RIS,2/17/2020,#DIV/0!,0,0,,
RIS,2/18/2020,674,2422758,4530,,
RIS,2/19/2020,616,1969602,3324,,
RIS,2/20/2020,622,1590207,2605,,
RIS,2/21/2020,629,1683606,2734,,
RIS,2/24/2020,623,2306526,4152,,
RIS,2/25/2020,610,1680232,3311,,
RIS,2/26/2020,614,1802500,3008,,
RIS,2/27/2020,613,1907297,3369,,
RIS,2/28/2020,640,2105806,4501,,
RIS,3/2/2020,638,2215475,4528,,
RIS,3/3/2020,581,1742035,3162,,
RIS,3/4/2020,592,1599855,2794,,
RIS,3/5/2020,579,1420935,2503,,
RIS,3/6/2020,586,1544308,2742,,
RIS,3/9/2020,627,2501178,4517,,
RIS,3/10/2020,613,2046170,3486,,
RIS,3/11/2020,583,1742284,3096,,
RIS,3/12/2020,641,2359386,4437,,
RIS,3/13/2020,612,2062255,3765,,
RIS,3/16/2020,682,2558313,4787,,
RIS,3/17/2020,658,2078708,3979,,
RIS,3/18/2020,630,2099543,3753,,
RIS,3/19/2020,658,1970144,3500,,
RIS,3/20/2020,638,1959140,3451,,
RIS,3/23/2020,708,2473618,4746,,
RIS,3/24/2020,640,1890188,2966,,
RIS,3/25/2020,635,1772241,2800,,
RIS,3/26/2020,623,1569292,2538,,
RIS,3/27/2020,607,1460523,2417,,
RIS,3/30/2020,613,1858666,3044,,
RIS,3/31/2020,623,1558668,2510,,
RIS,4/1/2020,620,1536254,2487,,
RIS,4/2/2020,590,1293045,2200,,
RIS,4/3/2020,596,1390398,2340,,
RIS,4/6/2020,599,1846154,3093,,
RIS,4/7/2020,635,1932259,3146,,
RIS,4/8/2020,605,1626876,2727,,
RIS,4/9/2020,605,1634981,2751,,
RIS,4/10/2020,#DIV/0!,,0,,
RIS,4/13/2020,641,2054230,3877,,
RIS,4/14/2020,639,1761549,2830,,
RIS,4/15/2020,626,1525636,2466,,
RIS,4/16/2020,616,1275465,2097,,
RIS,4/17/2020,614,1409071,2331,,
RIS,4/20/2020,610,1698146,2802,,
RIS,4/21/2020,645,1360195,2138,,
RIS,4/22/2020,618,1239645,2025,,
RIS,4/23/2020,601,1059601,1779,,
RIS,4/24/2020,594,1080995,1825,,
RIS,4/27/2020,594,1479115,2527,,
RIS,4/28/2020,568,1175884,2077,,
RIS,4/29/2020,588,1159018,1984,,
RIS,4/30/2020,605,1112666,1851,,
RIS,5/1/2020,581,1162326,2033,,
RIS,5/4/2020,587,1357206,2338,,
RIS,5/5/2020,576,1148452,2014,,
RIS,5/6/2020,607,1204198,2000,,
RIS,5/7/2020,640,1242575,1953,,
RIS,5/8/2020,614,1302771,2127,,
RIS,5/11/2020,634,1518497,2419,,
RIS,5/12/2020,597,1225758,2062,,
RIS,5/13/2020,584,1094960,1888,,
RIS,5/14/2020,574,982414,1721,,
RIS,5/15/2020,619,1052859,1716,,
RIS,5/18/2020,614,1425288,2405,,
RIS,5/19/2020,613,1204184,2001,,
RIS,5/20/2020,608,1070061,1771,,
RIS,5/21/2020,646,1080350,1692,,
RIS,5/22/2020,609,1029866,1710,,
RIS,5/25/2020,#DIV/0!,,0,,
RIS,5/26/2020,625,1483344,2421,,
RIS,5/27/2020,615,1320850,2220,,
RIS,5/28/2020,585,1184454,2037,,
RIS,5/29/2020,613,1099485,1804,,
RIS,6/1/2020,607,1429433,2365,,
RIS,6/2/2020,608,1210057,2020,,
RIS,6/3/2020,622,1279122,2072,,
RIS,6/4/2020,594,1065267,1825,,
RIS,6/5/2020,606,1358773,2349,,
RIS,6/8/2020,638,1869184,3451,,
RIS,6/9/2020,598,1477893,2541,,
RIS,6/10/2020,606,1291666,2148,,
RIS,6/11/2020,591,1254293,2234,,
RIS,6/12/2020,593,1171875,2013,,
RIS,6/15/2020,605,1436512,2419,,
RIS,6/16/2020,622,1398389,2283,,
RIS,6/17/2020,631,1329490,2124,,
RIS,6/18/2020,641,1305753,2054,,
RIS,6/19/2020,672,1255259,1879,,
RIS,6/22/2020,615,1593898,2617,,
RIS,6/23/2020,649,1506165,2345,,
RIS,6/24/2020,630,1370393,2193,,
RIS,6/25/2020,614,1188964,1960,,
RIS,6/26/2020,605,1258597,2113,,
RIS,6/29/2020,632,1739316,2903,,
RIS,6/30/2020,640,1458682,2377,,
RIS,7/1/2020,628,1384300,2222,,
RIS,7/2/2020,639,1255788,2079,,
RIS,7/3/2020,#DIV/0!,,0,,
RIS,7/6/2020,682,1974059,3622,,
RIS,7/7/2020,676,1888610,3028,,
RIS,7/8/2020,659,1683648,2771,,
RIS,7/9/2020,652,1624486,2782,,
RIS,7/10/2020,680,1812788,3063,,
RIS,7/13/2020,723,2479249,4195,,
RIS,7/14/2020,676,2097566,3229,,
RIS,7/15/2020,705,1988846,3035,,
RIS,7/16/2020,663,1500890,2302,,
RIS,7/17/2020,685,1452152,2282,,
RIS,7/20/2020,690,1931059,2917,,
RIS,7/21/2020,666,1621591,2505,,
RIS,7/22/2020,640,1356071,2131,,
RIS,7/23/2020,640,1306247,2059,,
RIS,7/24/2020,645,1250559,1970,,
RIS,7/27/2020,658,1660603,2571,,
RIS,7/28/2020,635,1278233,2030,,
RIS,7/29/2020,642,1253719,1963,,
RIS,7/30/2020,618,1199518,1959,,
RIS,7/31/2020,638,1237278,1949,,
RIS,8/3/2020,620,1672833,2807,,
RIS,8/4/2020,605,1401970,2351,,
RIS,8/5/2020,648,1376291,2143,,
RIS,8/6/2020,605,1188758,1989,,
RIS,8/7/2020,630,1286222,2079,,
RIS,8/10/2020,649,1643569,2657,,
RIS,8/11/2020,664,1537920,2408,,
RIS,8/12/2020,660,1419693,2186,,
RIS,8/13/2020,634,1302642,2111,,
RIS,8/14/2020,637,1258615,1992,,
RIS,8/17/2020,651,1664099,2690,,
RIS,8/18/2020,638,1289844,2189,,
RIS,8/19/2020,645,1317630,2196,,
RIS,8/20/2020,630,1205699,1962,,
RIS,8/21/2020,662,1247890,2180,,
RIS,8/24/2020,676,1780078,2888,,
WISE Contractual,1/1/2019,503,138702,473,,
WISE Contractual,1/2/2019,591,4933927,8869,,
WISE Contractual,1/3/2019,583,4018258,7001,,
WISE Contractual,1/4/2019,576,3804764,6646,,
WISE Contractual,1/7/2019,579,4562652,8092,,
WISE Contractual,1/8/2019,558,3674051,6633,,
WISE Contractual,1/9/2019,554,3365181,6108,,
WISE Contractual,1/10/2019,558,3178583,5719,,
WISE Contractual,1/11/2019,549,3099013,5668,,
WISE Contractual,1/14/2019,553,4241555,7845,,
WISE Contractual,1/15/2019,547,3604258,6687,,
WISE Contractual,1/16/2019,555,3538052,6411,,
WISE Contractual,1/17/2019,545,3367230,6230,,
WISE Contractual,1/18/2019,562,3746733,6794,,
WISE Contractual,1/21/2019,525,2222864,4245,,
WISE Contractual,1/22/2019,556,4127978,7739,,
WISE Contractual,1/23/2019,533,3545981,6716,,
WISE Contractual,1/24/2019,547,3242629,5975,,
WISE Contractual,1/25/2019,555,3309781,6203,,
WISE Contractual,1/28/2019,546,4088817,7570,,
WISE Contractual,1/29/2019,526,3163183,6071,,
WISE Contractual,1/30/2019,532,3165931,6034,,
WISE Contractual,1/31/2019,522,3059774,5983,,
WISE Contractual,2/1/2019,540,3226683,6092,,
WISE Contractual,2/4/2019,548,4079728,7930,,
WISE Contractual,2/5/2019,536,3625182,6865,,
WISE Contractual,2/6/2019,545,3301329,6334,,
WISE Contractual,2/7/2019,533,2870505,5469,,
WISE Contractual,2/8/2019,556,3048632,5539,,
WISE Contractual,2/11/2019,559,3998686,7414,,
WISE Contractual,2/12/2019,536,3130071,5905,,
WISE Contractual,2/13/2019,554,2972326,5393,,
WISE Contractual,2/14/2019,555,2541781,4600,,
WISE Contractual,2/15/2019,559,2987456,5371,,
WISE Contractual,2/18/2019,564,1709886,3057,,
WISE Contractual,2/19/2019,577,3885720,6887,,
WISE Contractual,2/20/2019,587,3418260,5974,,
WISE Contractual,2/21/2019,553,2969324,5461,,
WISE Contractual,2/22/2019,564,3131316,5661,,
WISE Contractual,2/25/2019,564,4453982,8064,,
WISE Contractual,2/26/2019,581,3945201,6886,,
WISE Contractual,2/27/2019,553,3244340,5947,,
WISE Contractual,2/28/2019,525,2981425,5724,,
WISE Contractual,3/1/2019,561,3174221,5825,,
WISE Contractual,3/4/2019,578,4236936,8405,,
WISE Contractual,3/5/2019,569,3532498,6310,,
WISE Contractual,3/6/2019,581,3316858,5825,,
WISE Contractual,3/7/2019,564,3135336,5642,,
WISE Contractual,3/8/2019,560,3005626,5416,,
WISE Contractual,3/11/2019,558,4114220,7430,,
WISE Contractual,3/12/2019,551,3198248,5842,,
WISE Contractual,3/13/2019,548,2398850,5883,,
WISE Contractual,3/14/2019,551,2904197,5514,,
WISE Contractual,3/15/2019,550,3038740,5574,,
WISE Contractual,3/18/2019,556,4204514,7644,,
WISE Contractual,3/19/2019,531,3329058,6382,,
WISE Contractual,3/20/2019,543,3274626,6102,,
WISE Contractual,3/21/2019,563,3057753,5524,,
WISE Contractual,3/22/2019,540,3158031,5880,,
WISE Contractual,3/25/2019,539,4081928,7718,,
WISE Contractual,3/26/2019,542,3340561,6287,,
WISE Contractual,3/27/2019,540,3083912,5838,,
WISE Contractual,3/28/2019,554,2944336,5404,,
WISE Contractual,3/29/2019,548,3067250,5645,,
WISE Contractual,4/1/2019,569,4584772,8280,,
WISE Contractual,4/2/2019,555,3590407,6521,,
WISE Contractual,4/3/2019,549,3275766,6028,,
WISE Contractual,4/4/2019,549,3108383,5708,,
WISE Contractual,4/5/2019,562,3135534,5675,,
WISE Contractual,4/8/2019,560,4305813,7743,,
WISE Contractual,4/9/2019,551,3482020,6399,,
WISE Contractual,4/10/2019,552,3280655,6539,,
WISE Contractual,4/11/2019,533,3310752,6297,,
WISE Contractual,4/12/2019,543,3498579,6540,,
WISE Contractual,4/15/2019,536,4733671,9063,,
WISE Contractual,4/16/2019,533,3645238,6881,,
WISE Contractual,4/17/2019,534,3179224,5990,,
WISE Contractual,4/18/2019,521,2747302,5317,,
WISE Contractual,4/19/2019,518,1509284,2929,,
WISE Contractual,4/22/2019,543,4057155,8034,,
WISE Contractual,4/23/2019,531,3346592,6407,,
WISE Contractual,4/24/2019,543,3161916,5930,,
WISE Contractual,4/25/2019,530,2968590,5647,,
WISE Contractual,4/26/2019,548,3152005,5830,,
WISE Contractual,4/29/2019,548,4313780,8007,,
WISE Contractual,4/30/2019,544,3479788,6455,,
WISE Contractual,5/1/2019,555,3260596,6022,,
WISE Contractual,5/2/2019,547,2980043,5537,,
WISE Contractual,5/3/2019,558,2941038,5335,,
WISE Contractual,5/6/2019,537,3974347,7477,,
WISE Contractual,5/7/2019,545,3250132,6024,,
WISE Contractual,5/8/2019,546,2931159,5434,,
WISE Contractual,5/9/2019,538,2737294,5116,,
WISE Contractual,5/10/2019,543,2714271,5018,,
WISE Contractual,5/13/2019,539,3728400,6962,,
WISE Contractual,5/14/2019,527,2934132,5625,,
WISE Contractual,5/15/2019,543,2871491,5329,,
WISE Contractual,5/16/2019,558,2730650,5000,,
WISE Contractual,5/17/2019,552,2699265,4969,,
WISE Contractual,5/20/2019,548,3608345,6618,,
WISE Contractual,5/21/2019,540,2919936,5494,,
WISE Contractual,5/22/2019,540,2740297,5126,,
WISE Contractual,5/23/2019,557,2607044,4718,,
WISE Contractual,5/24/2019,577,2683328,4746,,
WISE Contractual,5/27/2019,#DIV/0!,0,0,,
WISE Contractual,5/28/2019,565,3897560,6959,,
WISE Contractual,5/29/2019,550,3185980,5844,,
WISE Contractual,5/30/2019,557,2937387,5294,,
WISE Contractual,5/31/2019,553,2868472,5230,,
WISE Contractual,6/3/2019,530,3961196,7531,,
WISE Contractual,6/4/2019,551,3283063,6047,,
WISE Contractual,6/5/2019,568,3175268,5753,,
WISE Contractual,6/6/2019,552,2899439,5325,,
WISE Contractual,6/7/2019,563,3004194,5383,,
WISE Contractual,6/10/2019,563,4060542,7338,,
WISE Contractual,6/11/2019,555,3236210,5911,,
WISE Contractual,6/12/2019,538,3158240,6153,,
WISE Contractual,6/13/2019,549,2847128,5229,,
WISE Contractual,6/14/2019,560,2825042,5077,,
WISE Contractual,6/17/2019,552,3762956,6911,,
WISE Contractual,6/18/2019,561,3338719,6038,,
WISE Contractual,6/19/2019,550,3019650,5560,,
WISE Contractual,6/20/2019,567,3043269,5433,,
WISE Contractual,6/21/2019,572,3008427,5320,,
WISE Contractual,6/24/2019,560,3906194,7017,,
WISE Contractual,6/25/2019,581,3287960,5757,,
WISE Contractual,6/26/2019,563,2973770,5306,,
WISE Contractual,6/27/2019,562,2827570,5056,,
WISE Contractual,6/28/2019,586,3109371,5341,,
WISE Contractual,7/1/2019,610,4678438,7846,,
WISE Contractual,7/2/2019,589,3565854,6109,,
WISE Contractual,7/3/2019,577,2667742,4665,,
WISE Contractual,7/4/2019,#DIV/0!,,0,,
WISE Contractual,7/5/2019,604,3110102,5292,,
WISE Contractual,7/8/2019,599,4659470,7881,,
WISE Contractual,7/9/2019,579,3591780,6271,,
WISE Contractual,7/10/2019,594,3438167,5903,,
WISE Contractual,7/11/2019,563,3030132,5418,,
WISE Contractual,7/12/2019,591,3505618,6020,,
WISE Contractual,7/15/2019,588,4726540,8191,,
WISE Contractual,7/16/2019,572,3856936,6786,,
WISE Contractual,7/17/2019,570,3565931,6317,,
WISE Contractual,7/18/2019,578,3620702,6337,,
WISE Contractual,7/19/2019,585,3649807,6359,,
WISE Contractual,7/22/2019,578,4715676,8224,,
WISE Contractual,7/23/2019,570,3764547,6677,,
WISE Contractual,7/24/2019,570,3347059,5971,,
WISE Contractual,7/25/2019,563,3149259,5658,,
WISE Contractual,7/26/2019,570,3170304,5582,,
WISE Contractual,7/29/2019,582,4578283,7972,,
WISE Contractual,7/30/2019,556,3538638,6391,,
WISE Contractual,7/31/2019,533,3476330,6615,,
WISE Contractual,8/1/2019,562,3246289,5876,,
WISE Contractual,8/2/2019,569,3224117,5735,,
WISE Contractual,8/5/2019,571,4442032,7854,,
WISE Contractual,8/6/2019,556,3535646,6426,,
WISE Contractual,8/7/2019,560,3100475,5594,,
WISE Contractual,8/8/2019,563,3014334,5379,,
WISE Contractual,8/9/2019,562,3069096,5507,,
WISE Contractual,8/12/2019,551,3989421,7295,,
WISE Contractual,8/13/2019,558,3324156,6017,,
WISE Contractual,8/14/2019,549,3713680,7150,,
WISE Contractual,8/15/2019,553,3299923,6033,,
WISE Contractual,8/16/2019,555,3063199,5562,,
WISE Contractual,8/19/2019,561,4080712,7507,,
WISE Contractual,8/20/2019,552,3196149,5844,,
WISE Contractual,8/21/2019,570,3194238,5632,,
WISE Contractual,8/22/2019,570,2926004,5159,,
WISE Contractual,8/23/2019,572,2727946,4847,,
WISE Contractual,8/26/2019,529,3702170,7043,,
WISE Contractual,8/27/2019,530,3157617,6021,,
WISE Contractual,8/28/2019,543,3012303,5602,,
WISE Contractual,8/29/2019,532,2780688,5260,,
WISE Contractual,8/30/2019,550,2837255,5187,,
WISE Contractual,9/2/2019,#DIV/0!,0,0,,
WISE Contractual,9/3/2019,551,4249710,7862,,
WISE Contractual,9/4/2019,558,3500492,6349,,
WISE Contractual,9/5/2019,563,3288477,5911,,
WISE Contractual,9/6/2019,565,3275627,5840,,
WISE Contractual,9/9/2019,488,3904734,8332,,
WISE Contractual,9/10/2019,553,3382836,6197,,
WISE Contractual,9/11/2019,555,3236175,5913,,
WISE Contractual,9/12/2019,547,3099027,5727,,
WISE Contractual,9/13/2019,557,3030793,5509,,
WISE Contractual,9/16/2019,542,3955623,7398,,
WISE Contractual,9/17/2019,556,3325986,6045,,
WISE Contractual,9/18/2019,555,2994932,5421,,
WISE Contractual,9/19/2019,547,2637392,4865,,
WISE Contractual,9/20/2019,544,2700825,5002,,
WISE Contractual,9/23/2019,560,3740278,6729,,
WISE Contractual,9/24/2019,560,2993261,5411,,
WISE Contractual,9/25/2019,549,2680118,4946,,
WISE Contractual,9/26/2019,548,2576340,4750,,
WISE Contractual,9/27/2019,549,2567016,4701,,
WISE Contractual,9/30/2019,551,3595566,6605,,
WISE Contractual,10/1/2019,547,3171322,5858,,
WISE Contractual,10/2/2019,538,2917284,5476,,
WISE Contractual,10/3/2019,545,2695269,4980,,
WISE Contractual,10/4/2019,531,2643300,5010,,
WISE Contractual,10/7/2019,542,3718608,6920,,
WISE Contractual,10/8/2019,530,2923632,5602,,
WISE Contractual,10/9/2019,539,2768766,5175,,
WISE Contractual,10/10/2019,547,2681284,4933,,
WISE Contractual,10/11/2019,534,2849682,5389,,
WISE Contractual,10/14/2019,544,3244838,6002,,
WISE Contractual,10/15/2019,526,3227784,6204,,
WISE Contractual,10/16/2019,534,3086444,5876,,
WISE Contractual,10/17/2019,551,3107070,5707,,
WISE Contractual,10/18/2019,546,3121944,5769,,
WISE Contractual,10/21/2019,550,4114868,7623,,
WISE Contractual,10/22/2019,534,3225988,6088,,
WISE Contractual,10/23/2019,537,2927210,5492,,
WISE Contractual,10/24/2019,551,2702547,4931,,
WISE Contractual,10/25/2019,546,2749802,5284,,
WISE Contractual,10/28/2019,560,4149455,7735,,
WISE Contractual,10/29/2019,560,3528380,6421,,
WISE Contractual,10/30/2019,557,3108233,5668,,
WISE Contractual,10/31/2019,554,2685434,4913,,
WISE Contractual,11/1/2019,566,3197522,5757,,
WISE Contractual,11/4/2019,564,4576051,8217,,
WISE Contractual,11/5/2019,571,3753651,6898,,
WISE Contractual,11/6/2019,551,3386884,6172,,
WISE Contractual,11/7/2019,558,3242426,5823,,
WISE Contractual,11/8/2019,557,3352195,6041,,
WISE Contractual,11/11/2019,563,3192770,5717,,
WISE Contractual,11/12/2019,570,3609699,6706,,
WISE Contractual,11/13/2019,555,3402527,6226,,
WISE Contractual,11/14/2019,560,3300538,5987,,
WISE Contractual,11/15/2019,566,3396468,6030,,
WISE Contractual,11/18/2019,561,4309464,7763,,
WISE Contractual,11/19/2019,559,3507065,6356,,
WISE Contractual,11/20/2019,555,3318162,6110,,
WISE Contractual,11/21/2019,546,3136413,5857,,
WISE Contractual,11/22/2019,562,3204498,5767,,
WISE Contractual,11/25/2019,559,4308834,7837,,
WISE Contractual,11/26/2019,569,3341261,6151,,
WISE Contractual,11/27/2019,552,2474660,4535,,
WISE Contractual,11/28/2019,#DIV/0!,,0,,
WISE Contractual,11/29/2019,526,1487297,2838,,
WISE Contractual,12/2/2019,560,4603263,8481,,
WISE Contractual,12/3/2019,560,3590708,6461,,
WISE Contractual,12/4/2019,552,3299447,6032,,
WISE Contractual,12/5/2019,544,3156150,5943,,
WISE Contractual,12/6/2019,572,3386684,6027,,
WISE Contractual,12/9/2019,549,4187104,7753,,
WISE Contractual,12/10/2019,572,3487470,6161,,
WISE Contractual,12/11/2019,577,3149611,5482,,
WISE Contractual,12/12/2019,561,2824061,5086,,
WISE Contractual,12/13/2019,595,3333682,5684,,
WISE Contractual,12/16/2019,601,4259625,7658,,
WISE Contractual,12/17/2019,569,3423790,6253,,
WISE Contractual,12/18/2019,566,2999139,5368,,
WISE Contractual,12/19/2019,555,2654884,4859,,
WISE Contractual,12/20/2019,576,2845698,5014,,
WISE Contractual,12/23/2019,578,3354965,5888,,
WISE Contractual,12/24/2019,547,1185125,2173,,
WISE Contractual,12/25/2019,#DIV/0!,,0,,
WISE Contractual,12/26/2019,562,2552452,4602,,
WISE Contractual,12/27/2019,571,2781594,5016,,
WISE Contractual,12/30/2019,575,3875688,7274,,
WISE Contractual,12/31/2019,561,2406384,4479,,
WISE Contractual,1/1/2020,471,302932,673,,
WISE Contractual,1/2/2020,538,5103353,9833,,
WISE Contractual,1/3/2020,576,4185568,7834,,
WISE Contractual,1/6/2020,559,4730594,9366,,
WISE Contractual,1/7/2020,539,3779204,7058,,
WISE Contractual,1/8/2020,553,3574161,6539,,
WISE Contractual,1/9/2020,545,3289016,6065,,
WISE Contractual,1/10/2020,548,3447359,6353,,
WISE Contractual,1/13/2020,540,4094409,7634,,
WISE Contractual,1/14/2020,544,3372664,6221,,
WISE Contractual,1/15/2020,546,3148179,5814,,
WISE Contractual,1/16/2020,545,3113287,5769,,
WISE Contractual,1/17/2020,544,3280477,6303,,
WISE Contractual,1/20/2020,521,1802139,3478,,
WISE Contractual,1/21/2020,559,3994722,7409,,
WISE Contractual,1/22/2020,521,3336117,6763,,
WISE Contractual,1/23/2020,549,3289016,6027,,
WISE Contractual,1/24/2020,552,3226787,5886,,
WISE Contractual,1/27/2020,533,4301258,8172,,
WISE Contractual,1/28/2020,550,3754221,6976,,
WISE Contractual,1/29/2020,547,3412927,6277,,
WISE Contractual,1/30/2020,536,3132351,5879,,
WISE Contractual,1/31/2020,535,3343647,6388,,
WISE Contractual,2/3/2020,563,4525456,8632,,
WISE Contractual,2/4/2020,569,4044938,7320,,
WISE Contractual,2/5/2020,549,3479310,6460,,
WISE Contractual,2/6/2020,553,3201147,5840,,
WISE Contractual,2/7/2020,585,3362352,6139,,
WISE Contractual,2/10/2020,561,4221230,7570,,
WISE Contractual,2/11/2020,565,3396756,6070,,
WISE Contractual,2/12/2020,553,3132059,5692,,
WISE Contractual,2/13/2020,567,2990716,5312,,
WISE Contractual,2/14/2020,573,2782514,4955,,
WISE Contractual,2/17/2020,545,1702880,3137,,
WISE Contractual,2/18/2020,561,3968801,7119,,
WISE Contractual,2/19/2020,561,3455365,6277,,
WISE Contractual,2/20/2020,554,3150114,5763,,
WISE Contractual,2/21/2020,553,3051986,5604,,
WISE Contractual,2/24/2020,552,4170431,7632,,
WISE Contractual,2/25/2020,558,3673526,6694,,
WISE Contractual,2/26/2020,544,3393756,6335,,
WISE Contractual,2/27/2020,561,3652344,6782,,
WISE Contractual,2/28/2020,581,4364921,8411,,
WISE Contractual,3/2/2020,564,4793438,8890,,
WISE Contractual,3/3/2020,556,3624070,6609,,
WISE Contractual,3/4/2020,552,3266351,6035,,
WISE Contractual,3/5/2020,545,3014625,5572,,
WISE Contractual,3/6/2020,543,3155537,5858,,
WISE Contractual,3/9/2020,565,4816577,9430,,
WISE Contractual,3/10/2020,550,3984572,7397,,
WISE Contractual,3/11/2020,566,3780043,7195,,
WISE Contractual,3/12/2020,592,5310542,10348,,
WISE Contractual,3/13/2020,594,4595683,8338,,
WISE Contractual,3/16/2020,612,5220494,9363,,
WISE Contractual,3/17/2020,627,4632826,8092,,
WISE Contractual,3/18/2020,623,4481748,7416,,
WISE Contractual,3/19/2020,640,4323854,6887,,
WISE Contractual,3/20/2020,624,3925035,6520,,
WISE Contractual,3/23/2020,647,5136158,8607,,
WISE Contractual,3/24/2020,620,4087951,6652,,
WISE Contractual,3/25/2020,598,3311529,5547,,
WISE Contractual,3/26/2020,576,3080557,5406,,
WISE Contractual,3/27/2020,589,3385253,5773,,
WISE Contractual,3/30/2020,588,3880933,6611,,
WISE Contractual,3/31/2020,575,2982540,5201,,
WISE Contractual,4/1/2020,572,3150919,5530,,
WISE Contractual,4/2/2020,575,2949777,5155,,
WISE Contractual,4/3/2020,564,2920742,5205,,
WISE Contractual,4/6/2020,578,3686084,6447,,
WISE Contractual,4/7/2020,570,3035853,5344,,
WISE Contractual,4/8/2020,565,2958908,5284,,
WISE Contractual,4/9/2020,588,3063998,5258,,
WISE Contractual,4/10/2020,#DIV/0!,,0,,
WISE Contractual,4/13/2020,748,5682195,9783,,
WISE Contractual,4/14/2020,718,5283663,7642,,
WISE Contractual,4/15/2020,673,4508188,6930,,
WISE Contractual,4/16/2020,664,4080273,6273,,
WISE Contractual,4/17/2020,731,4993806,7269,,
WISE Contractual,4/20/2020,731,5791044,9466,,
WISE Contractual,4/21/2020,712,5017607,7455,,
WISE Contractual,4/22/2020,684,4459051,6594,,
WISE Contractual,4/23/2020,681,4220981,6276,,
WISE Contractual,4/24/2020,897,6518799,13168,,
WISE Contractual,4/27/2020,884,6358352,13976,,
WISE Contractual,4/28/2020,817,6472224,10292,,
WISE Contractual,4/29/2020,770,6118750,8971,,
WISE Contractual,4/30/2020,766,5821136,8624,,
WISE Contractual,5/1/2020,778,5670512,8827,,
WISE Contractual,5/4/2020,768,5915537,10505,,
WISE Contractual,5/5/2020,721,5547602,8217,,
WISE Contractual,5/6/2020,690,4809295,7316,,
WISE Contractual,5/7/2020,690,4553816,6804,,
WISE Contractual,5/8/2020,712,4831989,7298,,
WISE Contractual,5/11/2020,725,5691152,8692,,
WISE Contractual,5/12/2020,676,4744659,7280,,
WISE Contractual,5/13/2020,682,4335532,6606,,
WISE Contractual,5/14/2020,681,4248464,6402,,
WISE Contractual,5/15/2020,696,4117986,6397,,
WISE Contractual,5/18/2020,719,5253943,8173,,
WISE Contractual,5/19/2020,664,4443631,6877,,
WISE Contractual,5/20/2020,665,4011069,6144,,
WISE Contractual,5/21/2020,651,3562366,5526,,
WISE Contractual,5/22/2020,676,3511391,5332,,
WISE Contractual,5/25/2020,#DIV/0!,,0,,
WISE Contractual,5/26/2020,693,4760482,7900,,
WISE Contractual,5/27/2020,673,4157495,6633,,
WISE Contractual,5/28/2020,669,4001108,6109,,
WISE Contractual,5/29/2020,681,3623316,5363,,
WISE Contractual,6/1/2020,689,4839036,7356,,
WISE Contractual,6/2/2020,664,4003208,6154,,
WISE Contractual,6/3/2020,659,3783393,5927,,
WISE Contractual,6/4/2020,676,3594462,5487,,
WISE Contractual,6/5/2020,674,3864434,5986,,
WISE Contractual,6/8/2020,689,4788930,8125,,
WISE Contractual,6/9/2020,664,4035776,6357,,
WISE Contractual,6/10/2020,656,3666188,5899,,
WISE Contractual,6/11/2020,664,3490348,5609,,
WISE Contractual,6/12/2020,651,3457111,5401,,
WISE Contractual,6/15/2020,693,4542370,7300,,
WISE Contractual,6/16/2020,651,3881156,6131,,
WISE Contractual,6/17/2020,638,3528252,5661,,
WISE Contractual,6/18/2020,639,3240789,5108,,
WISE Contractual,6/19/2020,668,3253245,4988,,
WISE Contractual,6/22/2020,667,4720898,7327,,
WISE Contractual,6/23/2020,639,3955532,6267,,
WISE Contractual,6/24/2020,629,3482535,5604,,
WISE Contractual,6/25/2020,639,3205406,5105,,
WISE Contractual,6/26/2020,664,3420740,5261,,
WISE Contractual,6/29/2020,678,4598256,7238,,
WISE Contractual,6/30/2020,662,3844731,5947,,
WISE Contractual,7/1/2020,653,3489181,5434,,
WISE Contractual,7/2/2020,652,2965199,4665,,
WISE Contractual,7/3/2020,#DIV/0!,,0,,
WISE Contractual,7/6/2020,732,4486440,8563,,
WISE Contractual,7/7/2020,703,4093998,7478,,
WISE Contractual,7/8/2020,720,3512055,6701,,
WISE Contractual,7/9/2020,707,3424703,5887,,
WISE Contractual,7/10/2020,703,3573830,5786,,
WISE Contractual,7/13/2020,706,4409522,8299,,
WISE Contractual,7/14/2020,693,3895822,6754,,
WISE Contractual,7/15/2020,679,3556194,6583,,
WISE Contractual,7/16/2020,670,3474112,5940,,
WISE Contractual,7/17/2020,654,3441255,5786,,
WISE Contractual,7/20/2020,693,4275864,7680,,
WISE Contractual,7/21/2020,664,3563758,6650,,
WISE Contractual,7/22/2020,654,3398919,6132,,
WISE Contractual,7/23/2020,640,3318069,5340,,
WISE Contractual,7/24/2020,684,3460179,5179,,
WISE Contractual,7/27/2020,685,4316443,7154,,
WISE Contractual,7/28/2020,657,3672690,5757,,
WISE Contractual,7/29/2020,662,3402164,5411,,
WISE Contractual,7/30/2020,668,3326682,5463,,
WISE Contractual,7/31/2020,691,3436947,5539,,
WISE Contractual,8/3/2020,720,4102608,8159,,
WISE Contractual,8/4/2020,692,3892236,6954,,
WISE Contractual,8/5/2020,678,3556476,6255,,
WISE Contractual,8/6/2020,672,3546214,5796,,
WISE Contractual,8/7/2020,660,3290424,5490,,
WISE Contractual,8/10/2020,680,4221938,7518,,
WISE Contractual,8/11/2020,656,3692470,6263,,
WISE Contractual,8/12/2020,641,3358827,5584,,
WISE Contractual,8/13/2020,650,3260606,5596,,
WISE Contractual,8/14/2020,666,3200512,5390,,
WISE Contractual,8/17/2020,676,4159545,6998,,
WISE Contractual,8/18/2020,666,3620040,5857,,
WISE Contractual,8/19/2020,663,3234626,5447,,
WISE Contractual,8/20/2020,663,3089026,5232,,
WISE Contractual,8/21/2020,670,3293808,5318,,
WISE Contractual,8/24/2020,664,4090006,6856,,
Client Transactions,1/1/2019,0,0,343,,
Client Transactions,1/2/2019,390,1104801,2768,,
Client Transactions,1/3/2019,357,989834,2750,,
Client Transactions,1/4/2019,334,1021134,2557,,
Client Transactions,1/7/2019,298,988803,2675,,
Client Transactions,1/8/2019,349,810561,2283,,
Client Transactions,1/9/2019,377,871633,2489,,
Client Transactions,1/10/2019,437,855574,2222,,
Client Transactions,1/11/2019,331,872486,3345,,
Client Transactions,1/14/2019,264,808860,3000,,
Client Transactions,1/15/2019,262,792773,3385,,
Client Transactions,1/16/2019,362,830748,3211,,
Client Transactions,1/17/2019,460,1017898,3230,,
Client Transactions,1/18/2019,335,909628,2536,,
Client Transactions,1/21/2019,313,252579,804,,
Client Transactions,1/22/2019,357,828593,3270,,
Client Transactions,1/23/2019,349,875737,2814,,
Client Transactions,1/24/2019,364,949223,2509,,
Client Transactions,1/25/2019,260,800568,2758,,
Client Transactions,1/28/2019,235,849290,3246,,
Client Transactions,1/29/2019,265,792799,2953,,
Client Transactions,1/30/2019,350,899804,3038,,
Client Transactions,1/31/2019,277,893618,3089,,
Client Transactions,2/1/2019,241,787981,2715,,
Client Transactions,2/4/2019,251,824189,2542,,
Client Transactions,2/5/2019,313,787538,2448,,
Client Transactions,2/6/2019,333,807982,2827,,
Client Transactions,2/7/2019,348,843041,2253,,
Client Transactions,2/8/2019,303,904029,2721,,
Client Transactions,2/11/2019,287,833598,2730,,
Client Transactions,2/12/2019,307,716710,2509,,
Client Transactions,2/13/2019,370,887853,2959,,
Client Transactions,2/14/2019,352,944597,2810,,
Client Transactions,2/15/2019,290,926141,2770,,
Client Transactions,2/18/2019,155,84514,833,,
Client Transactions,2/19/2019,376,1152950,2729,,
Client Transactions,2/20/2019,394,1062025,3205,,
Client Transactions,2/21/2019,313,836596,2194,,
Client Transactions,2/22/2019,324,945149,2614,,
Client Transactions,2/25/2019,291,932909,3149,,
Client Transactions,2/26/2019,303,850035,2995,,
Client Transactions,2/27/2019,321,824851,2962,,
Client Transactions,2/28/2019,318,850546,2812,,
Client Transactions,3/1/2019,289,947321,2921,,
Client Transactions,3/4/2019,346,1015237,2820,,
Client Transactions,3/5/2019,394,833988,2501,,
Client Transactions,3/6/2019,423,858911,2753,,
Client Transactions,3/7/2019,339,956777,3073,,
Client Transactions,3/8/2019,323,929902,2944,,
Client Transactions,3/11/2019,341,934985,2904,,
Client Transactions,3/12/2019,419,853452,2288,,
Client Transactions,3/13/2019,447,983232,2858,,
Client Transactions,3/14/2019,488,1092537,3619,,
Client Transactions,3/15/2019,320,1152216,3234,,
Client Transactions,3/18/2019,319,1070551,2961,,
Client Transactions,3/19/2019,339,969201,2587,,
Client Transactions,3/20/2019,352,1020907,2994,,
Client Transactions,3/21/2019,366,981090,2469,,
Client Transactions,3/22/2019,304,946252,2716,,
Client Transactions,3/25/2019,360,1069841,3948,,
Client Transactions,3/26/2019,355,881022,3111,,
Client Transactions,3/27/2019,394,969706,3246,,
Client Transactions,3/28/2019,449,1111169,2642,,
Client Transactions,3/29/2019,327,1323043,3386,,
Client Transactions,4/1/2019,288,865233,2765,,
Client Transactions,4/2/2019,344,775884,2307,,
Client Transactions,4/3/2019,406,905603,2495,,
Client Transactions,4/4/2019,414,901835,2082,,
Client Transactions,4/5/2019,325,887737,2405,,
Client Transactions,4/8/2019,313,927953,2739,,
Client Transactions,4/9/2019,350,789951,2164,,
Client Transactions,4/10/2019,338,970200,3301,,
Client Transactions,4/11/2019,456,986564,2849,,
Client Transactions,4/12/2019,382,975741,4382,,
Client Transactions,4/15/2019,315,936866,3395,,
Client Transactions,4/16/2019,339,819317,2840,,
Client Transactions,4/17/2019,342,764035,2752,,
Client Transactions,4/18/2019,380,956980,2454,,
Client Transactions,4/19/2019,347,120004,512,,
Client Transactions,4/22/2019,343,1122240,3177,,
Client Transactions,4/23/2019,323,932495,2626,,
Client Transactions,4/24/2019,393,919889,2670,,
Client Transactions,4/25/2019,411,943397,2250,,
Client Transactions,4/26/2019,328,891884,2543,,
Client Transactions,4/29/2019,328,922808,4325,,
Client Transactions,4/30/2019,328,859689,3219,,
Client Transactions,5/1/2019,374,871967,2636,,
Client Transactions,5/2/2019,415,885965,2373,,
Client Transactions,5/3/2019,309,840088,2672,,
Client Transactions,5/6/2019,350,896177,2675,,
Client Transactions,5/7/2019,410,783352,1883,,
Client Transactions,5/8/2019,459,950801,2523,,
Client Transactions,5/9/2019,403,807724,2143,,
Client Transactions,5/10/2019,302,838849,2661,,
Client Transactions,5/13/2019,327,835692,2549,,
Client Transactions,5/14/2019,375,806848,2063,,
Client Transactions,5/15/2019,405,883484,2531,,
Client Transactions,5/16/2019,382,871283,2459,,
Client Transactions,5/17/2019,337,856252,2267,,
Client Transactions,5/20/2019,313,831198,2505,,
Client Transactions,5/21/2019,330,781476,2231,,
Client Transactions,5/22/2019,412,815477,2255,,
Client Transactions,5/23/2019,409,832751,2043,,
Client Transactions,5/24/2019,260,695211,2461,,
Client Transactions,5/27/2019,0,0,341,,
Client Transactions,5/28/2019,299,881408,2922,,
Client Transactions,5/29/2019,313,749420,2757,,
Client Transactions,5/30/2019,355,809203,2349,,
Client Transactions,5/31/2019,246,718976,2533,,
Client Transactions,6/3/2019,315,865933,2556,,
Client Transactions,6/4/2019,338,783244,2265,,
Client Transactions,6/5/2019,420,855869,2351,,
Client Transactions,6/6/2019,466,875562,1994,,
Client Transactions,6/7/2019,371,826212,2203,,
Client Transactions,6/10/2019,286,788922,2611,,
Client Transactions,6/11/2019,350,798401,2088,,
Client Transactions,6/12/2019,436,826536,2315,,
Client Transactions,6/13/2019,463,948271,2443,,
Client Transactions,6/14/2019,311,866417,2431,,
Client Transactions,6/17/2019,282,800300,2788,,
Client Transactions,6/18/2019,315,782016,2237,,
Client Transactions,6/19/2019,394,866888,2533,,
Client Transactions,6/20/2019,405,922365,2341,,
Client Transactions,6/21/2019,326,879236,2434,,
Client Transactions,6/24/2019,276,844657,3100,,
Client Transactions,6/25/2019,304,716831,2614,,
Client Transactions,6/26/2019,339,912801,3040,,
Client Transactions,6/27/2019,417,895923,2123,,
Client Transactions,6/28/2019,302,1109091,3008,,
Client Transactions,7/1/2019,274,776501,2702,,
Client Transactions,7/2/2019,370,756701,2290,,
Client Transactions,7/3/2019,362,869499,2463,,
Client Transactions,7/4/2019,0,,227,,
Client Transactions,7/5/2019,308,717685,2130,,
Client Transactions,7/8/2019,321,848411,2351,,
Client Transactions,7/9/2019,332,792366,2091,,
Client Transactions,7/10/2019,418,839357,2385,,
Client Transactions,7/11/2019,453,888016,2767,,
Client Transactions,7/12/2019,294,812320,2500,,
Client Transactions,7/15/2019,250,824754,2877,,
Client Transactions,7/16/2019,273,713586,2441,,
Client Transactions,7/17/2019,313,801438,2812,,
Client Transactions,7/18/2019,297,770874,2218,,
Client Transactions,7/19/2019,269,694444,2431,,
Client Transactions,7/22/2019,248,681353,2458,,
Client Transactions,7/23/2019,301,636961,2075,,
Client Transactions,7/24/2019,412,785781,2231,,
Client Transactions,7/25/2019,343,709096,1997,,
Client Transactions,7/26/2019,296,727680,2281,,
Client Transactions,7/29/2019,295,834210,2747,,
Client Transactions,7/30/2019,315,753704,2483,,
Client Transactions,7/31/2019,355,874963,2719,,
Client Transactions,8/1/2019,383,876541,2153,,
Client Transactions,8/2/2019,328,850226,2319,,
Client Transactions,8/5/2019,260,700265,2567,,
Client Transactions,8/6/2019,403,841778,2112,,
Client Transactions,8/7/2019,409,826094,2292,,
Client Transactions,8/8/2019,395,890983,2120,,
Client Transactions,8/9/2019,341,853275,2178,,
Client Transactions,8/12/2019,351,853516,2281,,
Client Transactions,8/13/2019,386,776949,2153,,
Client Transactions,8/14/2019,458,898180,2348,,
Client Transactions,8/15/2019,403,930274,2212,,
Client Transactions,8/16/2019,326,864057,2645,,
Client Transactions,8/19/2019,279,717095,2346,,
Client Transactions,8/20/2019,335,786238,2355,,
Client Transactions,8/21/2019,398,884592,2337,,
Client Transactions,8/22/2019,430,854653,1864,,
Client Transactions,8/23/2019,358,847380,2128,,
Client Transactions,8/26/2019,294,852698,2949,,
Client Transactions,8/27/2019,311,741206,2383,,
Client Transactions,8/28/2019,340,710610,2556,,
Client Transactions,8/29/2019,405,868443,2095,,
Client Transactions,8/30/2019,301,836661,2493,,
Client Transactions,9/2/2019,67,27516,542,,
Client Transactions,9/3/2019,365,908857,2270,,
Client Transactions,9/4/2019,367,771019,2458,,
Client Transactions,9/5/2019,343,722285,1960,,
Client Transactions,9/6/2019,304,769223,2283,,
Client Transactions,9/9/2019,306,759738,2322,,
Client Transactions,9/10/2019,327,728424,2231,,
Client Transactions,9/11/2019,385,793157,2483,,
Client Transactions,9/12/2019,390,798308,2468,,
Client Transactions,9/13/2019,271,763866,2489,,
Client Transactions,9/16/2019,281,792707,2519,,
Client Transactions,9/17/2019,318,650938,2218,,
Client Transactions,9/18/2019,366,782827,2323,,
Client Transactions,9/19/2019,385,876201,2134,,
Client Transactions,9/20/2019,312,803816,2209,,
Client Transactions,9/23/2019,277,799119,2753,,
Client Transactions,9/24/2019,357,762688,2091,,
Client Transactions,9/25/2019,418,793856,2648,,
Client Transactions,9/26/2019,426,881772,2212,,
Client Transactions,9/27/2019,335,937553,2582,,
Client Transactions,9/30/2019,312,1163950,3005,,
Client Transactions,10/1/2019,341,742766,2148,,
Client Transactions,10/2/2019,411,826789,2198,,
Client Transactions,10/3/2019,456,916047,1971,,
Client Transactions,10/4/2019,355,888054,2091,,
Client Transactions,10/7/2019,313,797706,2376,,
Client Transactions,10/8/2019,376,706001,1839,,
Client Transactions,10/9/2019,464,927105,2341,,
Client Transactions,10/10/2019,417,890060,2098,,
Client Transactions,10/11/2019,336,833353,2316,,
Client Transactions,10/14/2019,397,840907,1822,,
Client Transactions,10/15/2019,405,827610,2032,,
Client Transactions,10/16/2019,387,785218,2457,,
Client Transactions,10/17/2019,420,857073,1945,,
Client Transactions,10/18/2019,325,786609,2832,,
Client Transactions,10/21/2019,276,777952,2534,,
Client Transactions,10/22/2019,330,654138,2110,,
Client Transactions,10/23/2019,321,782170,3471,,
Client Transactions,10/24/2019,345,810134,2094,,
Client Transactions,10/25/2019,298,763064,2336,,
Client Transactions,10/28/2019,237,714666,2967,,
Client Transactions,10/29/2019,357,847137,2324,,
Client Transactions,10/30/2019,377,798804,2454,,
Client Transactions,10/31/2019,368,924356,2310,,
Client Transactions,11/1/2019,305,850976,2516,,
Client Transactions,11/4/2019,310,874985,2577,,
Client Transactions,11/5/2019,388,812696,1985,,
Client Transactions,11/6/2019,454,883796,2262,,
Client Transactions,11/7/2019,448,936217,2169,,
Client Transactions,11/8/2019,311,818841,2422,,
Client Transactions,11/11/2019,312,714946,2079,,
Client Transactions,11/12/2019,440,861424,2016,,
Client Transactions,11/13/2019,449,918997,2598,,
Client Transactions,11/14/2019,438,933589,2454,,
Client Transactions,11/15/2019,303,922020,2589,,
Client Transactions,11/18/2019,324,848777,2559,,
Client Transactions,11/19/2019,336,773648,2243,,
Client Transactions,11/20/2019,417,946053,2492,,
Client Transactions,11/21/2019,419,929368,2204,,
Client Transactions,11/22/2019,286,763548,2420,,
Client Transactions,11/25/2019,276,841297,3198,,
Client Transactions,11/26/2019,335,889648,3048,,
Client Transactions,11/27/2019,383,953917,2445,,
Client Transactions,11/28/2019,0,,290,,
Client Transactions,11/29/2019,307,672235,1798,,
Client Transactions,12/2/2019,290,790708,2457,,
Client Transactions,12/3/2019,376,864024,1998,,
Client Transactions,12/4/2019,416,882721,2394,,
Client Transactions,12/5/2019,444,917589,2007,,
Client Transactions,12/6/2019,387,913342,2029,,
Client Transactions,12/9/2019,386,869757,2299,,
Client Transactions,12/10/2019,385,814372,2179,,
Client Transactions,12/11/2019,465,920579,2423,,
Client Transactions,12/12/2019,494,1002472,2496,,
Client Transactions,12/13/2019,304,928777,2751,,
Client Transactions,12/16/2019,341,925885,3274,,
Client Transactions,12/17/2019,402,850668,2131,,
Client Transactions,12/18/2019,380,986052,2829,,
Client Transactions,12/19/2019,369,968279,2481,,
Client Transactions,12/20/2019,315,884264,2576,,
Client Transactions,12/23/2019,286,823066,2881,,
Client Transactions,12/24/2019,313,693342,2536,,
Client Transactions,12/25/2019,0,,248,,
Client Transactions,12/26/2019,391,788508,2358,,
Client Transactions,12/27/2019,359,879930,2359,,
Client Transactions,12/30/2019,350,1107950,2864,,
Client Transactions,12/31/2019,290,1004515,3057,,
Client Transactions,1/1/2020,0,0,339,,
Client Transactions,1/2/2020,464,1073425,2318,,
Client Transactions,1/3/2020,360,1043466,2557,,
Client Transactions,1/6/2020,345,987216,2465,,
Client Transactions,1/7/2020,362,911091,2074,,
Client Transactions,1/8/2020,405,956925,2367,,
Client Transactions,1/9/2020,467,984532,2094,,
Client Transactions,1/10/2020,346,927048,2336,,
Client Transactions,1/13/2020,310,868577,2515,,
Client Transactions,1/14/2020,344,852944,2462,,
Client Transactions,1/15/2020,414,955970,2615,,
Client Transactions,1/16/2020,375,1047691,3257,,
Client Transactions,1/17/2020,298,848822,2439,,
Client Transactions,1/20/2020,68,61908,751,,
Client Transactions,1/21/2020,361,880881,2472,,
Client Transactions,1/22/2020,351,900119,2661,,
Client Transactions,1/23/2020,417,970054,2235,,
Client Transactions,1/24/2020,298,796113,2398,,
Client Transactions,1/27/2020,286,853966,2714,,
Client Transactions,1/28/2020,300,777008,2628,,
Client Transactions,1/29/2020,389,853765,2556,,
Client Transactions,1/30/2020,445,948664,2011,,
Client Transactions,1/31/2020,291,810643,2796,,
Client Transactions,2/3/2020,319,803025,2373,,
Client Transactions,2/4/2020,346,776471,2141,,
Client Transactions,2/5/2020,366,874111,2232,,
Client Transactions,2/6/2020,370,737285,1801,,
Client Transactions,2/7/2020,334,764180,2151,,
Client Transactions,2/10/2020,327,852547,2390,,
Client Transactions,2/11/2020,337,747565,2299,,
Client Transactions,2/12/2020,406,798792,2372,,
Client Transactions,2/13/2020,406,804208,2410,,
Client Transactions,2/14/2020,263,728967,2534,,
Client Transactions,2/17/2020,64,50160,671,,
Client Transactions,2/18/2020,309,714837,2468,,
Client Transactions,2/19/2020,348,873536,2625,,
Client Transactions,2/20/2020,357,748510,1914,,
Client Transactions,2/21/2020,348,824458,2275,,
Client Transactions,2/24/2020,290,854437,2665,,
Client Transactions,2/25/2020,339,792171,2394,,
Client Transactions,2/26/2020,379,873422,2606,,
Client Transactions,2/27/2020,371,904637,2381,,
Client Transactions,2/28/2020,283,861155,2850,,
Client Transactions,3/2/2020,284,771544,2449,,
Client Transactions,3/3/2020,363,818084,2221,,
Client Transactions,3/4/2020,393,820364,2338,,
Client Transactions,3/5/2020,401,826507,1981,,
Client Transactions,3/6/2020,310,806636,2450,,
Client Transactions,3/9/2020,346,908922,2389,,
Client Transactions,3/10/2020,380,836580,2380,,
Client Transactions,3/11/2020,399,844619,2532,,
Client Transactions,3/12/2020,460,1038180,2617,,
Client Transactions,3/13/2020,313,932625,2748,,
Client Transactions,3/16/2020,322,887334,3134,,
Client Transactions,3/17/2020,397,989690,2215,,
Client Transactions,3/18/2020,423,1018272,2291,,
Client Transactions,3/19/2020,468,970507,1889,,
Client Transactions,3/20/2020,387,991680,2321,,
Client Transactions,3/23/2020,366,975478,2191,,
Client Transactions,3/24/2020,419,906373,2007,,
Client Transactions,3/25/2020,493,989713,2356,,
Client Transactions,3/26/2020,536,989668,2112,,
Client Transactions,3/27/2020,399,947944,2262,,
Client Transactions,3/30/2020,466,1074463,2207,,
Client Transactions,3/31/2020,372,1109293,2436,,
Client Transactions,4/1/2020,549,1010609,2047,,
Client Transactions,4/2/2020,568,969578,1846,,
Client Transactions,4/3/2020,442,918910,1837,,
Client Transactions,4/6/2020,434,985006,2074,,
Client Transactions,4/7/2020,545,863545,1596,,
Client Transactions,4/8/2020,524,882068,2077,,
Client Transactions,4/9/2020,404,847684,2079,,
Client Transactions,4/10/2020,38,9153,354,,
Client Transactions,4/13/2020,388,857587,2393,,
Client Transactions,4/14/2020,426,839482,1965,,
Client Transactions,4/15/2020,292,958405,3269,,
Client Transactions,4/16/2020,327,985880,3432,,
Client Transactions,4/17/2020,382,987737,2244,,
Client Transactions,4/20/2020,336,852992,2320,,
Client Transactions,4/21/2020,405,859317,2016,,
Client Transactions,4/22/2020,475,978715,2191,,
Client Transactions,4/23/2020,496,956983,1834,,
Client Transactions,4/24/2020,459,1031608,2111,,
Client Transactions,4/27/2020,307,732975,2322,,
Client Transactions,4/28/2020,433,958433,2005,,
Client Transactions,4/29/2020,508,997315,2168,,
Client Transactions,4/30/2020,413,903614,2103,,
Client Transactions,5/1/2020,343,858426,2242,,
Client Transactions,5/4/2020,381,921124,2149,,
Client Transactions,5/5/2020,460,844919,1802,,
Client Transactions,5/6/2020,507,942493,2134,,
Client Transactions,5/7/2020,486,897970,1675,,
Client Transactions,5/8/2020,424,921010,2002,,
Client Transactions,5/11/2020,400,948075,2108,,
Client Transactions,5/12/2020,505,930064,1927,,
Client Transactions,5/13/2020,569,984293,2164,,
Client Transactions,5/14/2020,542,983727,1707,,
Client Transactions,5/15/2020,393,1033122,3047,,
Client Transactions,5/18/2020,338,920635,2309,,
Client Transactions,5/19/2020,394,893167,2242,,
Client Transactions,5/20/2020,458,1002021,2283,,
Client Transactions,5/21/2020,528,1024681,1859,,
Client Transactions,5/22/2020,385,888749,2172,,
Client Transactions,5/25/2020,0,0,443,,
Client Transactions,5/26/2020,423,970607,2425,,
Client Transactions,5/27/2020,396,925409,2609,,
Client Transactions,5/28/2020,461,910135,1878,,
Client Transactions,5/29/2020,328,829047,2230,,
Client Transactions,6/1/2020,263,384334,1385,,
Client Transactions,6/2/2020,440,642049,2243,,
Client Transactions,6/3/2020,445,976426,2905,,
Client Transactions,6/4/2020,495,942212,1839,,
Client Transactions,6/5/2020,375,890827,2475,,
Client Transactions,6/8/2020,354,886106,2310,,
Client Transactions,6/9/2020,531,913344,1696,,
Client Transactions,6/10/2020,473,837278,2129,,
Client Transactions,6/11/2020,466,800749,2220,,
Client Transactions,6/12/2020,382,937171,2270,,
Client Transactions,6/15/2020,342,995150,2674,,
Client Transactions,6/16/2020,480,1041293,2113,,
Client Transactions,6/17/2020,522,1075241,2268,,
Client Transactions,6/18/2020,532,1013445,1828,,
Client Transactions,6/19/2020,390,917382,2115,,
Client Transactions,6/22/2020,381,904548,2070,,
Client Transactions,6/23/2020,454,901588,2032,,
Client Transactions,6/24/2020,542,954714,2040,,
Client Transactions,6/25/2020,550,976147,2101,,
Client Transactions,6/26/2020,400,906075,2240,,
Client Transactions,6/29/2020,431,1112273,2370,,
Client Transactions,6/30/2020,390,1176773,2769,,
Client Transactions,7/1/2020,499,1114422,2243,,
Client Transactions,7/2/2020,420,1019027,2125,,
Client Transactions,7/3/2020,0,0,336,,
Client Transactions,7/6/2020,444,976900,2255,,
Client Transactions,7/7/2020,386,808094,1905,,
Client Transactions,7/8/2020,432,883745,2112,,
Client Transactions,7/9/2020,535,978565,1791,,
Client Transactions,7/10/2020,376,843746,2308,,
Client Transactions,7/13/2020,419,923946,2015,,
Client Transactions,7/14/2020,480,875090,2590,,
Client Transactions,7/15/2020,533,1085432,2997,,
Client Transactions,7/16/2020,435,973192,2954,,
Client Transactions,7/17/2020,374,942817,2453,,
Client Transactions,7/20/2020,404,937069,2519,,
Client Transactions,7/21/2020,425,905650,1932,,
Client Transactions,7/22/2020,488,935153,2214,,
Client Transactions,7/23/2020,520,970613,1782,,
Client Transactions,7/24/2020,457,967284,2076,,
Client Transactions,7/27/2020,366,817751,2210,,
Client Transactions,7/28/2020,456,888672,1947,,
Client Transactions,7/29/2020,472,909664,2246,,
Client Transactions,7/30/2020,508,969312,1870,,
Client Transactions,7/31/2020,399,941658,2240,,
Client Transactions,8/3/2020,389,965549,2148,,
Client Transactions,8/4/2020,477,805531,1630,,
Client Transactions,8/5/2020,514,960641,2234,,
Client Transactions,8/6/2020,566,943286,1589,,
Client Transactions,8/7/2020,443,864230,1882,,
Client Transactions,8/10/2020,386,903409,2044,,
Client Transactions,8/11/2020,492,892549,1886,,
Client Transactions,8/12/2020,452,860362,2220,,
Client Transactions,8/13/2020,544,975665,2196,,
Client Transactions,8/14/2020,354,952448,2516,,
Client Transactions,8/17/2020,303,855712,2269,,
Client Transactions,8/18/2020,449,811200,1891,,
Client Transactions,8/19/2020,501,1011829,2262,,
Client Transactions,8/20/2020,496,894730,1598,,
Client Transactions,8/21/2020,429,901390,1925,,
Client Transactions,8/24/2020,413,872776,1936,,
Participant Transactions,1/1/2019,0,0,459,,
Participant Transactions,1/2/2019,446,1435394,2970,,
Participant Transactions,1/3/2019,451,1447150,3202,,
Participant Transactions,1/4/2019,501,1404963,2609,,
Participant Transactions,1/7/2019,470,1656557,3348,,
Participant Transactions,1/8/2019,423,1449917,3059,,
Participant Transactions,1/9/2019,521,1386947,2527,,
Participant Transactions,1/10/2019,550,1378640,2397,,
Participant Transactions,1/11/2019,457,1310127,3551,,
Participant Transactions,1/14/2019,522,1585793,3134,,
Participant Transactions,1/15/2019,537,1298348,2369,,
Participant Transactions,1/16/2019,461,1191214,2622,,
Participant Transactions,1/17/2019,558,1329694,2509,,
Participant Transactions,1/18/2019,406,1277902,3407,,
Participant Transactions,1/21/2019,360,749933,2077,,
Participant Transactions,1/22/2019,464,1171100,2710,,
Participant Transactions,1/23/2019,457,1250674,2506,,
Participant Transactions,1/24/2019,438,1123136,2476,,
Participant Transactions,1/25/2019,515,1187617,2472,,
Participant Transactions,1/28/2019,456,1713043,3537,,
Participant Transactions,1/29/2019,521,1264447,2303,,
Participant Transactions,1/30/2019,511,1170229,2361,,
Participant Transactions,1/31/2019,491,1215179,2360,,
Participant Transactions,2/1/2019,451,1125714,2649,,
Participant Transactions,2/4/2019,466,1465430,3421,,
Participant Transactions,2/5/2019,484,1328965,2920,,
Participant Transactions,2/6/2019,431,1287967,2703,,
Participant Transactions,2/7/2019,495,1280594,2688,,
Participant Transactions,2/8/2019,459,1196047,2781,,
Participant Transactions,2/11/2019,428,1500327,3684,,
Participant Transactions,2/12/2019,460,1194279,2434,,
Participant Transactions,2/13/2019,471,1153947,2513,,
Participant Transactions,2/14/2019,461,1189741,2583,,
Participant Transactions,2/15/2019,448,1334991,2961,,
Participant Transactions,2/18/2019,307,372269,1734,,
Participant Transactions,2/19/2019,471,1448257,2911,,
Participant Transactions,2/20/2019,551,1228117,1976,,
Participant Transactions,2/21/2019,465,1226086,2585,,
Participant Transactions,2/22/2019,456,1257548,2772,,
Participant Transactions,2/25/2019,477,1601562,3528,,
Participant Transactions,2/26/2019,469,1354773,2779,,
Participant Transactions,2/27/2019,472,1188152,2503,,
Participant Transactions,2/28/2019,506,1292215,2525,,
Participant Transactions,3/1/2019,477,1293861,2667,,
Participant Transactions,3/4/2019,456,1381472,3314,,
Participant Transactions,3/5/2019,536,1345651,2883,,
Participant Transactions,3/6/2019,493,1183463,2467,,
Participant Transactions,3/7/2019,500,1297628,2898,,
Participant Transactions,3/8/2019,530,1279372,2484,,
Participant Transactions,3/11/2019,473,1588722,3560,,
Participant Transactions,3/12/2019,525,1441076,2672,,
Participant Transactions,3/13/2019,537,1203056,2168,,
Participant Transactions,3/14/2019,553,1199541,2136,,
Participant Transactions,3/15/2019,461,1298680,3360,,
Participant Transactions,3/18/2019,517,1588245,3237,,
Participant Transactions,3/19/2019,536,1355035,2430,,
Participant Transactions,3/20/2019,527,1146003,2133,,
Participant Transactions,3/21/2019,472,1109181,2428,,
Participant Transactions,3/22/2019,470,1157675,2476,,
Participant Transactions,3/25/2019,501,1638435,4184,,
Participant Transactions,3/26/2019,478,1203592,2540,,
Participant Transactions,3/27/2019,538,1162554,2207,,
Participant Transactions,3/28/2019,555,1314763,2511,,
Participant Transactions,3/29/2019,468,1383822,3021,,
Participant Transactions,4/1/2019,439,1630577,3726,,
Participant Transactions,4/2/2019,397,1218988,2844,,
Participant Transactions,4/3/2019,428,1221355,2759,,
Participant Transactions,4/4/2019,432,1100243,2523,,
Participant Transactions,4/5/2019,411,1074805,2609,,
Participant Transactions,4/8/2019,445,1458039,3263,,
Participant Transactions,4/9/2019,552,1254400,2145,,
Participant Transactions,4/10/2019,613,1497198,2454,,
Participant Transactions,4/11/2019,542,1315801,2431,,
Participant Transactions,4/12/2019,621,1360168,2871,,
Participant Transactions,4/15/2019,511,1696024,3567,,
Participant Transactions,4/16/2019,501,1371712,2695,,
Participant Transactions,4/17/2019,533,1270733,2337,,
Participant Transactions,4/18/2019,588,1378660,2405,,
Participant Transactions,4/19/2019,429,363107,1076,,
Participant Transactions,4/22/2019,510,1650772,3709,,
Participant Transactions,4/23/2019,499,1372664,2411,,
Participant Transactions,4/24/2019,487,1202298,2328,,
Participant Transactions,4/25/2019,582,1278918,2146,,
Participant Transactions,4/26/2019,483,1159092,2446,,
Participant Transactions,4/29/2019,532,1716166,3987,,
Participant Transactions,4/30/2019,558,1264701,2572,,
Participant Transactions,5/1/2019,530,1393629,2710,,
Participant Transactions,5/2/2019,536,1278254,2578,,
Participant Transactions,5/3/2019,504,1270233,2867,,
Participant Transactions,5/6/2019,480,1640350,3490,,
Participant Transactions,5/7/2019,489,1168898,2358,,
Participant Transactions,5/8/2019,489,1147838,2124,,
Participant Transactions,5/9/2019,566,1354138,2563,,
Participant Transactions,5/10/2019,552,1208495,2318,,
Participant Transactions,5/13/2019,505,1584054,3394,,
Participant Transactions,5/14/2019,533,1196137,2208,,
Participant Transactions,5/15/2019,555,1122262,1905,,
Participant Transactions,5/16/2019,554,1193134,2211,,
Participant Transactions,5/17/2019,536,1101980,2034,,
Participant Transactions,5/20/2019,546,1598786,3148,,
Participant Transactions,5/21/2019,518,1229801,2221,,
Participant Transactions,5/22/2019,545,1126249,2029,,
Participant Transactions,5/23/2019,584,1227731,1999,,
Participant Transactions,5/24/2019,494,1072958,2170,,
Participant Transactions,5/27/2019,0,0,99,,
Participant Transactions,5/28/2019,577,1487920,2746,,
Participant Transactions,5/29/2019,491,1103490,2120,,
Participant Transactions,5/30/2019,621,1158968,1812,,
Participant Transactions,5/31/2019,500,1044364,2151,,
Participant Transactions,6/3/2019,553,1687456,3166,,
Participant Transactions,6/4/2019,510,1252658,2361,,
Participant Transactions,6/5/2019,573,1268565,2210,,
Participant Transactions,6/6/2019,536,1225018,2239,,
Participant Transactions,6/7/2019,578,1218442,2249,,
Participant Transactions,6/10/2019,470,1436082,3276,,
Participant Transactions,6/11/2019,428,1207750,2768,,
Participant Transactions,6/12/2019,502,1213196,2307,,
Participant Transactions,6/13/2019,525,1146922,2306,,
Participant Transactions,6/14/2019,462,1142506,2314,,
Participant Transactions,6/17/2019,557,1434123,3197,,
Participant Transactions,6/18/2019,553,1090818,1873,,
Participant Transactions,6/19/2019,534,1113579,2042,,
Participant Transactions,6/20/2019,505,1063651,2172,,
Participant Transactions,6/21/2019,493,1105370,2210,,
Participant Transactions,6/24/2019,518,1498991,3065,,
Participant Transactions,6/25/2019,507,1146490,2201,,
Participant Transactions,6/26/2019,565,1177822,2039,,
Participant Transactions,6/27/2019,494,1113269,2162,,
Participant Transactions,6/28/2019,495,1350021,2795,,
Participant Transactions,7/1/2019,454,1517480,3477,,
Participant Transactions,7/2/2019,482,1280303,2372,,
Participant Transactions,7/3/2019,553,1023826,1818,,
Participant Transactions,7/4/2019,0,,78,,
Participant Transactions,7/5/2019,538,1208177,2347,,
Participant Transactions,7/8/2019,545,1574075,3012,,
Participant Transactions,7/9/2019,517,1279039,2258,,
Participant Transactions,7/10/2019,514,1227838,2349,,
Participant Transactions,7/11/2019,495,1208193,2436,,
Participant Transactions,7/12/2019,451,1134777,2564,,
Participant Transactions,7/15/2019,425,1626424,3293,,
Participant Transactions,7/16/2019,525,1267326,2388,,
Participant Transactions,7/17/2019,542,1225725,2197,,
Participant Transactions,7/18/2019,507,1176478,2324,,
Participant Transactions,7/19/2019,459,1107020,2354,,
Participant Transactions,7/22/2019,494,1571764,3475,,
Participant Transactions,7/23/2019,444,1286231,3233,,
Participant Transactions,7/24/2019,549,1308319,2264,,
Participant Transactions,7/25/2019,543,1225347,2161,,
Participant Transactions,7/26/2019,492,1254736,2556,,
Participant Transactions,7/29/2019,541,1663646,3002,,
Participant Transactions,7/30/2019,442,1152078,2802,,
Participant Transactions,7/31/2019,416,1255395,2832,,
Participant Transactions,8/1/2019,507,1427190,2819,,
Participant Transactions,8/2/2019,448,1290965,2878,,
Participant Transactions,8/5/2019,492,1547785,3358,,
Participant Transactions,8/6/2019,503,1420512,2548,,
Participant Transactions,8/7/2019,514,1382596,2596,,
Participant Transactions,8/8/2019,496,1266448,2462,,
Participant Transactions,8/9/2019,505,1226208,2373,,
Participant Transactions,8/12/2019,494,1526142,2902,,
Participant Transactions,8/13/2019,523,1232886,2201,,
Participant Transactions,8/14/2019,549,1195419,2119,,
Participant Transactions,8/15/2019,493,1238431,2410,,
Participant Transactions,8/16/2019,468,1067095,2271,,
Participant Transactions,8/19/2019,591,1426774,2295,,
Participant Transactions,8/20/2019,463,1112355,2286,,
Participant Transactions,8/21/2019,560,1156247,1988,,
Participant Transactions,8/22/2019,537,1142333,2106,,
Participant Transactions,8/23/2019,490,1133511,2398,,
Participant Transactions,8/26/2019,457,1382337,2902,,
Participant Transactions,8/27/2019,486,1045015,1948,,
Participant Transactions,8/28/2019,547,1037403,1905,,
Participant Transactions,8/29/2019,490,1076686,2280,,
Participant Transactions,8/30/2019,499,1063006,2162,,
Participant Transactions,9/2/2019,395,192314,725,,
Participant Transactions,9/3/2019,520,1334429,2601,,
Participant Transactions,9/4/2019,524,1157596,2195,,
Participant Transactions,9/5/2019,524,1193417,2063,,
Participant Transactions,9/6/2019,413,1158518,2985,,
Participant Transactions,9/9/2019,434,1343474,2870,,
Participant Transactions,9/10/2019,441,1026108,2254,,
Participant Transactions,9/11/2019,443,1093512,2415,,
Participant Transactions,9/12/2019,480,1148090,2341,,
Participant Transactions,9/13/2019,513,1106091,2158,,
Participant Transactions,9/16/2019,494,1474666,3568,,
Participant Transactions,9/17/2019,527,1309828,2330,,
Participant Transactions,9/18/2019,538,1185531,2130,,
Participant Transactions,9/19/2019,536,1155484,2254,,
Participant Transactions,9/20/2019,442,1232210,2823,,
Participant Transactions,9/23/2019,433,1619905,3636,,
Participant Transactions,9/24/2019,579,1248409,2016,,
Participant Transactions,9/25/2019,571,1218261,2056,,
Participant Transactions,9/26/2019,598,1315180,2172,,
Participant Transactions,9/27/2019,515,1406027,2703,,
Participant Transactions,9/30/2019,532,1616329,2958,,
Participant Transactions,10/1/2019,441,1376918,2660,,
Participant Transactions,10/2/2019,434,1220617,2617,,
Participant Transactions,10/3/2019,520,1251499,2285,,
Participant Transactions,10/4/2019,539,1150439,2175,,
Participant Transactions,10/7/2019,515,1469863,2812,,
Participant Transactions,10/8/2019,556,1203455,2084,,
Participant Transactions,10/9/2019,466,1197108,2549,,
Participant Transactions,10/10/2019,578,1357388,2255,,
Participant Transactions,10/11/2019,474,1289068,2495,,
Participant Transactions,10/14/2019,542,1399158,2561,,
Participant Transactions,10/15/2019,496,1302185,2365,,
Participant Transactions,10/16/2019,486,1232717,2304,,
Participant Transactions,10/17/2019,560,1278077,2274,,
Participant Transactions,10/18/2019,553,1251053,2320,,
Participant Transactions,10/21/2019,484,1541424,3562,,
Participant Transactions,10/22/2019,493,1336806,2531,,
Participant Transactions,10/23/2019,407,1286889,3154,,
Participant Transactions,10/24/2019,469,1337553,2670,,
Participant Transactions,10/25/2019,471,1246775,2512,,
Participant Transactions,10/28/2019,431,1496360,3167,,
Participant Transactions,10/29/2019,489,1404738,2982,,
Participant Transactions,10/30/2019,452,1319127,2858,,
Participant Transactions,10/31/2019,479,1351685,2834,,
Participant Transactions,11/1/2019,444,1412659,3345,,
Participant Transactions,11/4/2019,433,1802189,4371,,
Participant Transactions,11/5/2019,414,1416305,3173,,
Participant Transactions,11/6/2019,485,1314702,2617,,
Participant Transactions,11/7/2019,447,1388170,3131,,
Participant Transactions,11/8/2019,393,1459183,3583,,
Participant Transactions,11/11/2019,467,1667114,3297,,
Participant Transactions,11/12/2019,494,1273596,2535,,
Participant Transactions,11/13/2019,502,1303378,2519,,
Participant Transactions,11/14/2019,489,1298247,2765,,
Participant Transactions,11/15/2019,465,1503647,3406,,
Participant Transactions,11/18/2019,381,1777669,4442,,
Participant Transactions,11/19/2019,484,1409055,2833,,
Participant Transactions,11/20/2019,492,1361653,2663,,
Participant Transactions,11/21/2019,504,1489093,2939,,
Participant Transactions,11/22/2019,390,1257828,3275,,
Participant Transactions,11/25/2019,409,1706494,3656,,
Participant Transactions,11/26/2019,495,1325388,2615,,
Participant Transactions,11/27/2019,517,1234733,2306,,
Participant Transactions,11/28/2019,0,,121,,
Participant Transactions,11/29/2019,439,885066,1828,,
Participant Transactions,12/2/2019,475,1451509,2935,,
Participant Transactions,12/3/2019,520,1289550,2407,,
Participant Transactions,12/4/2019,522,1255354,2383,,
Participant Transactions,12/5/2019,484,1376565,2779,,
Participant Transactions,12/6/2019,425,1378499,3416,,
Participant Transactions,12/9/2019,416,1711241,3991,,
Participant Transactions,12/10/2019,494,1438738,2676,,
Participant Transactions,12/11/2019,439,1232670,3028,,
Participant Transactions,12/12/2019,384,1489902,3186,,
Participant Transactions,12/13/2019,472,1435026,2981,,
Participant Transactions,12/16/2019,334,1465879,3483,,
Participant Transactions,12/17/2019,547,1356740,3683,,
Participant Transactions,12/18/2019,338,1292053,2490,,
Participant Transactions,12/19/2019,516,1387479,2656,,
Participant Transactions,12/20/2019,375,1290131,3049,,
Participant Transactions,12/23/2019,436,1386243,3389,,
Participant Transactions,12/24/2019,343,907520,2331,,
Participant Transactions,12/25/2019,0,,271,,
Participant Transactions,12/26/2019,458,1064919,1988,,
Participant Transactions,12/27/2019,413,1021867,2358,,
Participant Transactions,12/30/2019,508,1387955,2713,,
Participant Transactions,12/31/2019,537,1353798,2492,,
Participant Transactions,1/1/2020,0,0,532,,
Participant Transactions,1/2/2020,508,1560191,2564,,
Participant Transactions,1/3/2020,521,1523036,2895,,
Participant Transactions,1/6/2020,472,1684727,3390,,
Participant Transactions,1/7/2020,394,1324875,3094,,
Participant Transactions,1/8/2020,475,1341876,2743,,
Participant Transactions,1/9/2020,429,1266843,2839,,
Participant Transactions,1/10/2020,440,1246718,2929,,
Participant Transactions,1/13/2020,419,1583557,3523,,
Participant Transactions,1/14/2020,397,1352487,3314,,
Participant Transactions,1/15/2020,446,1341118,2827,,
Participant Transactions,1/16/2020,477,1299026,2703,,
Participant Transactions,1/17/2020,539,1294363,2521,,
Participant Transactions,1/20/2020,310,330466,1387,,
Participant Transactions,1/21/2020,497,1724025,3336,,
Participant Transactions,1/22/2020,493,1318700,2382,,
Participant Transactions,1/23/2020,578,1278167,2126,,
Participant Transactions,1/24/2020,478,1340962,3082,,
Participant Transactions,1/27/2020,406,1492555,3180,,
Participant Transactions,1/28/2020,435,1169508,2690,,
Participant Transactions,1/29/2020,493,1189457,2232,,
Participant Transactions,1/30/2020,521,1160326,2253,,
Participant Transactions,1/31/2020,490,1107274,2243,,
Participant Transactions,2/3/2020,481,1328398,2645,,
Participant Transactions,2/4/2020,474,1459741,3308,,
Participant Transactions,2/5/2020,409,1290103,2860,,
Participant Transactions,2/6/2020,501,1314391,2677,,
Participant Transactions,2/7/2020,527,1357898,2548,,
Participant Transactions,2/10/2020,583,1772397,2656,,
Participant Transactions,2/11/2020,605,1723623,2881,,
Participant Transactions,2/12/2020,621,1433056,2200,,
Participant Transactions,2/13/2020,657,1512580,2350,,
Participant Transactions,2/14/2020,583,1460401,2337,,
Participant Transactions,2/17/2020,436,356913,880,,
Participant Transactions,2/18/2020,536,1606541,2861,,
Participant Transactions,2/19/2020,495,1425275,2888,,
Participant Transactions,2/20/2020,527,1194854,2073,,
Participant Transactions,2/21/2020,494,1195350,2380,,
Participant Transactions,2/24/2020,626,1884929,2807,,
Participant Transactions,2/25/2020,650,1621153,2338,,
Participant Transactions,2/26/2020,686,1574979,2199,,
Participant Transactions,2/27/2020,698,1479447,2086,,
Participant Transactions,2/28/2020,648,1438759,2208,,
Participant Transactions,3/2/2020,649,1830730,2649,,
Participant Transactions,3/3/2020,570,1668154,2886,,
Participant Transactions,3/4/2020,611,1459744,2308,,
Participant Transactions,3/5/2020,624,1533747,2381,,
Participant Transactions,3/6/2020,714,1584081,2192,,
Participant Transactions,3/9/2020,671,1665212,2274,,
Participant Transactions,3/10/2020,658,1644254,2598,,
Participant Transactions,3/11/2020,597,1569389,2438,,
Participant Transactions,3/12/2020,657,1524266,2243,,
Participant Transactions,3/13/2020,582,1470068,2556,,
Participant Transactions,3/16/2020,674,1928106,2819,,
Participant Transactions,3/17/2020,668,1702348,2528,,
Participant Transactions,3/18/2020,783,1533158,1808,,
Participant Transactions,3/19/2020,747,1422602,1868,,
Participant Transactions,3/20/2020,777,1580826,1959,,
Participant Transactions,3/23/2020,860,1504777,1667,,
Participant Transactions,3/24/2020,847,1615227,1884,,
Participant Transactions,3/25/2020,814,1377218,1657,,
Participant Transactions,3/26/2020,865,1384512,1551,,
Participant Transactions,3/27/2020,739,1417631,1895,,
Participant Transactions,3/30/2020,874,1729769,1864,,
Participant Transactions,3/31/2020,799,1732776,2158,,
Participant Transactions,4/1/2020,607,1374206,1916,,
Participant Transactions,4/2/2020,683,1503984,2132,,
Participant Transactions,4/3/2020,672,1461725,2100,,
Participant Transactions,4/6/2020,698,1589867,1995,,
Participant Transactions,4/7/2020,762,1360039,1635,,
Participant Transactions,4/8/2020,800,1232414,1498,,
Participant Transactions,4/9/2020,850,1183561,1344,,
Participant Transactions,4/10/2020,3318,192470,258,,
Participant Transactions,4/13/2020,660,1860902,2696,,
Participant Transactions,4/14/2020,552,1811745,3258,,
Participant Transactions,4/15/2020,584,1524993,2479,,
Participant Transactions,4/16/2020,620,1517187,2488,,
Participant Transactions,4/17/2020,574,1638958,2819,,
Participant Transactions,4/20/2020,579,1857048,3201,,
Participant Transactions,4/21/2020,509,1489822,3056,,
Participant Transactions,4/22/2020,488,1508332,2769,,
Participant Transactions,4/23/2020,580,1481830,2421,,
Participant Transactions,4/24/2020,357,1832860,5217,,
Participant Transactions,4/27/2020,392,2000202,4813,,
Participant Transactions,4/28/2020,323,1833058,5979,,
Participant Transactions,4/29/2020,323,1679267,5013,,
Participant Transactions,4/30/2020,366,1640914,4288,,
Participant Transactions,5/1/2020,397,1794882,4579,,
Participant Transactions,5/4/2020,426,1911565,4514,,
Participant Transactions,5/5/2020,434,1733950,3865,,
Participant Transactions,5/6/2020,491,1715794,3325,,
Participant Transactions,5/7/2020,560,1571448,2866,,
Participant Transactions,5/8/2020,513,1342000,2454,,
Participant Transactions,5/11/2020,579,1517540,2342,,
Participant Transactions,5/12/2020,637,1557115,2462,,
Participant Transactions,5/13/2020,625,1407223,2184,,
Participant Transactions,5/14/2020,595,1260481,2125,,
Participant Transactions,5/15/2020,627,1368562,2179,,
Participant Transactions,5/18/2020,701,1774323,2282,,
Participant Transactions,5/19/2020,634,1761790,2808,,
Participant Transactions,5/20/2020,685,1589597,2157,,
Participant Transactions,5/21/2020,717,1348860,1933,,
Participant Transactions,5/22/2020,669,1464477,2188,,
Participant Transactions,5/25/2020,0,0,61,,
Participant Transactions,5/26/2020,561,1667320,2600,,
Participant Transactions,5/27/2020,643,1412282,2221,,
Participant Transactions,5/28/2020,656,1440796,2132,,
Participant Transactions,5/29/2020,695,1353944,1861,,
Participant Transactions,6/1/2020,735,735461,1204,,
Participant Transactions,6/2/2020,779,1083422,1708,,
Participant Transactions,6/3/2020,627,1479113,2386,,
Participant Transactions,6/4/2020,634,1306934,2065,,
Participant Transactions,6/5/2020,678,1463306,2279,,
Participant Transactions,6/8/2020,667,1670431,2453,,
Participant Transactions,6/9/2020,668,1556187,2292,,
Participant Transactions,6/10/2020,614,1416735,2394,,
Participant Transactions,6/11/2020,537,1345622,2600,,
Participant Transactions,6/12/2020,544,1406048,2356,,
Participant Transactions,6/15/2020,624,1676138,3022,,
Participant Transactions,6/16/2020,630,1560435,2509,,
Participant Transactions,6/17/2020,599,1163676,1888,,
Participant Transactions,6/18/2020,657,1123258,1802,,
Participant Transactions,6/19/2020,661,1218794,1680,,
Participant Transactions,6/22/2020,642,1644322,2353,,
Participant Transactions,6/23/2020,469,1631342,3542,,
Participant Transactions,6/24/2020,673,1359535,1886,,
Participant Transactions,6/25/2020,555,1292237,2318,,
Participant Transactions,6/26/2020,630,1415546,2313,,
Participant Transactions,6/29/2020,507,1782292,3425,,
Participant Transactions,6/30/2020,584,1648988,2777,,
Participant Transactions,7/1/2020,531,1506496,2519,,
Participant Transactions,7/2/2020,694,1390557,1796,,
Participant Transactions,7/3/2020,0,0,115,,
Participant Transactions,7/6/2020,587,1835295,3415,,
Participant Transactions,7/7/2020,545,1444746,2460,,
Participant Transactions,7/8/2020,575,1188378,1901,,
Participant Transactions,7/9/2020,653,1306280,1973,,
Participant Transactions,7/10/2020,634,1283884,2034,,
Participant Transactions,7/13/2020,631,1609807,2356,,
Participant Transactions,7/14/2020,664,1551910,2599,,
Participant Transactions,7/15/2020,719,1458390,2257,,
Participant Transactions,7/16/2020,601,1345509,2300,,
Participant Transactions,7/17/2020,666,1239155,1916,,
Participant Transactions,7/20/2020,576,1728039,2874,,
Participant Transactions,7/21/2020,595,1556907,2644,,
Participant Transactions,7/22/2020,582,1298083,2288,,
Participant Transactions,7/23/2020,638,1324343,1943,,
Participant Transactions,7/24/2020,631,1299355,2141,,
Participant Transactions,7/27/2020,624,1711045,2464,,
Participant Transactions,7/28/2020,597,1542801,2547,,
Participant Transactions,7/29/2020,614,1275446,2018,,
Participant Transactions,7/30/2020,486,1271257,2584,,
Participant Transactions,7/31/2020,552,1177990,2250,,
Participant Transactions,8/3/2020,582,1622846,2557,,
Participant Transactions,8/4/2020,677,1502298,2255,,
Participant Transactions,8/5/2020,564,1303545,2292,,
Participant Transactions,8/6/2020,633,1227230,1975,,
Participant Transactions,8/7/2020,576,1304240,2212,,
Participant Transactions,8/10/2020,556,1731431,2784,,
Participant Transactions,8/11/2020,621,1485697,2303,,
Participant Transactions,8/12/2020,602,1319967,2163,,
Participant Transactions,8/13/2020,648,1279159,1922,,
Participant Transactions,8/14/2020,635,1188774,1812,,
Participant Transactions,8/17/2020,585,1607128,2571,,
Participant Transactions,8/18/2020,629,1387624,2268,,
Participant Transactions,8/19/2020,647,1412807,2130,,
Participant Transactions,8/20/2020,610,1210223,1857,,
Participant Transactions,8/21/2020,569,1298593,2331,,
Participant Transactions,8/24/2020,643,1633036,2325,,